AcademicYear,AggregateLevel,CountyCode,DistrictCode,SchoolCode,CountyName,DistrictName,SchoolName,CharterSchool,DASS,ReportingCategory,CohortStudents,Regular HS Diploma Graduates (Count),Regular HS Diploma Graduates (Rate),Met UC/CSU Grad Req's (Count),Met UC/CSU Grad Req's (Rate),Seal of Biliteracy (Count),Seal of Biliteracy (Rate),Golden State Seal Merit Diploma (Count),Golden State Seal Merit Diploma (Rate,Graduates Meeting Local Requirements Exemption (Count),Graduates Meeting Local Requirements Exemption (Rate),CPP Completer (Count),CPP Completer (Rate),Adult Ed. HS Diploma (Count),Adult Ed. HS Diploma (Rate),SPED Certificate (Count),SPED Certificate (Rate),GED Completer (Count),GED Completer (Rate),Other Transfer (Count),Other Transfer (Rate),Dropout (Count),Dropout (Rate),Still Enrolled (Count),Still Enrolled (Rate)
2024-25,C,30,,,Orange,"","",All,All,GF,18469,17441,94.4,11222,64.3,4964,28.5,7413,42.5,271,1.6,49,0.3,1,0.0,132,0.7,24,0.1,45,0.2,626,3.4,151,0.8
2024-25,C,30,,,Orange,"","",All,All,GM,20102,18396,91.5,9999,54.4,3373,18.3,6818,37.1,390,2.1,61,0.3,3,0.0,300,1.5,48,0.2,93,0.5,997,5.0,204,1.0
2024-25,C,30,,,Orange,"","",All,All,GX,122,96,78.7,39,40.6,12,12.5,32,33.3,0,0.0,0,0.0,0,0.0,2,1.6,0,0.0,2,1.6,17,13.9,5,4.1
2024-25,C,30,,,Orange,"","",All,All,RA,7183,6824,95.0,5669,83.1,2482,36.4,4769,69.9,11,0.2,52,0.7,0,0.0,90,1.3,16,0.2,10,0.1,177,2.5,14,0.2
2024-25,C,30,,,Orange,"","",All,All,RB,578,510,88.2,243,47.6,47,9.2,100,19.6,10,2.0,1,0.2,0,0.0,5,0.9,1,0.2,5,0.9,48,8.3,8,1.4
2024-25,C,30,,,Orange,"","",All,All,RD,323,263,81.4,150,57.0,41,15.6,110,41.8,6,2.3,1,0.3,0,0.0,8,2.5,3,0.9,2,0.6,33,10.2,13,4.0
2024-25,C,30,,,Orange,"","",All,All,RF,823,796,96.7,601,75.5,164,20.6,454,57.0,6,0.8,0,0.0,0,0.0,14,1.7,0,0.0,0,0.0,10,1.2,3,0.4
2024-25,C,30,,,Orange,"","",All,All,RH,19035,17403,91.4,7910,45.5,3764,21.6,4123,23.7,567,3.3,13,0.1,1,0.0,230,1.2,20,0.1,89,0.5,1015,5.3,264,1.4
2024-25,C,30,,,Orange,"","",All,All,RI,89,82,92.1,33,40.2,14,17.1,18,22.0,2,2.4,0,0.0,0,0.0,0,0.0,0,0.0,1,1.1,2,2.2,4,4.5
2024-25,C,30,,,Orange,"","",All,All,RP,122,114,93.4,57,50.0,13,11.4,30,26.3,3,2.6,0,0.0,0,0.0,1,0.8,0,0.0,1,0.8,6,4.9,0,0.0
2024-25,C,30,,,Orange,"","",All,All,RT,1599,1511,94.5,1040,68.8,322,21.3,802,53.1,9,0.6,3,0.2,0,0.0,11,0.7,2,0.1,4,0.3,61,3.8,7,0.4
2024-25,C,30,,,Orange,"","",All,All,RW,8941,8430,94.3,5557,65.9,1502,17.8,3857,45.8,47,0.6,40,0.4,3,0.0,75,0.8,30,0.3,28,0.3,288,3.2,47,0.5
2024-25,C,30,,,Orange,"","",All,All,SD,4880,3912,80.2,806,20.6,130,3.3,476,12.2,124,3.2,4,0.1,1,0.0,434,8.9,11,0.2,20,0.4,397,8.1,101,2.1
2024-25,C,30,,,Orange,"","",All,All,SE,6970,5954,85.4,1700,28.6,647,10.9,815,13.7,324,5.4,3,0.0,1,0.0,130,1.9,7,0.1,62,0.9,695,10.0,118,1.7
2024-25,C,30,,,Orange,"","",All,All,SF,348,254,73.0,56,22.0,20,7.9,23,9.1,50,19.7,0,0.0,0,0.0,9,2.6,0,0.0,1,0.3,66,19.0,18,5.2
2024-25,C,30,,,Orange,"","",All,All,SH,4123,3466,84.1,1057,30.5,531,15.3,597,17.2,417,12.0,3,0.1,0,0.0,48,1.2,4,0.1,27,0.7,457,11.1,118,2.9
2024-25,C,30,,,Orange,"","",All,All,SM,45,36,80.0,15,41.7,8,22.2,9,25.0,8,22.2,0,0.0,0,0.0,1,2.2,0,0.0,0,0.0,7,15.6,1,2.2
2024-25,C,30,,,Orange,"","",All,All,SS,26322,24075,91.5,12034,50.0,5012,20.8,7232,30.0,639,2.7,66,0.3,2,0.0,333,1.3,45,0.2,125,0.5,1341,5.1,335,1.3
2024-25,C,30,,,Orange,"","",All,All,TA,38693,35933,92.9,21260,59.2,8349,23.2,14263,39.7,661,1.8,110,0.3,4,0.0,434,1.1,72,0.2,140,0.4,1640,4.2,360,0.9
2024-25,C,30,,,Orange,"","",All,No,GF,17225,16593,96.3,11195,67.5,4959,29.9,7408,44.6,69,0.4,49,0.3,0,0.0,121,0.7,18,0.1,25,0.1,400,2.3,19,0.1
2024-25,C,30,,,Orange,"","",All,No,GM,18396,17348,94.3,9977,57.5,3368,19.4,6815,39.3,100,0.6,60,0.3,1,0.0,277,1.5,38,0.2,49,0.3,594,3.2,29,0.2
2024-25,C,30,,,Orange,"","",All,No,GX,99,85,85.9,38,44.7,10,11.8,32,37.6,0,0.0,0,0.0,0,0.0,2,2.0,0,0.0,0,0.0,12,12.1,0,0.0
2024-25,C,30,,,Orange,"","",All,No,RA,7100,6776,95.4,5663,83.6,2482,36.6,4769,70.4,4,0.1,52,0.7,0,0.0,86,1.2,16,0.2,9,0.1,156,2.2,5,0.1
2024-25,C,30,,,Orange,"","",All,No,RB,500,466,93.2,243,52.1,47,10.1,100,21.5,6,1.3,1,0.2,0,0.0,4,0.8,0,0.0,2,0.4,27,5.4,0,0.0
2024-25,C,30,,,Orange,"","",All,No,RD,265,241,90.9,150,62.2,41,17.0,110,45.6,0,0.0,1,0.4,0,0.0,7,2.6,1,0.4,0,0.0,11,4.2,4,1.5
2024-25,C,30,,,Orange,"","",All,No,RF,805,786,97.6,601,76.5,164,20.9,454,57.8,4,0.5,0,0.0,0,0.0,10,1.2,0,0.0,0,0.0,9,1.1,0,0.0
2024-25,C,30,,,Orange,"","",All,No,RH,16779,15931,94.9,7894,49.6,3752,23.6,4117,25.8,132,0.8,13,0.1,0,0.0,216,1.3,8,0.0,48,0.3,534,3.2,29,0.2
2024-25,C,30,,,Orange,"","",All,No,RI,72,69,95.8,33,47.8,14,20.3,18,26.1,0,0.0,0,0.0,0,0.0,0,0.0,0,0.0,1,1.4,2,2.8,0,0.0
2024-25,C,30,,,Orange,"","",All,No,RP,111,105,94.6,57,54.3,13,12.4,30,28.6,1,1.0,0,0.0,0,0.0,1,0.9,0,0.0,1,0.9,4,3.6,0,0.0
2024-25,C,30,,,Orange,"","",All,No,RT,1532,1465,95.6,1034,70.6,322,22.0,802,54.7,6,0.4,3,0.2,0,0.0,10,0.7,2,0.1,2,0.1,49,3.2,1,0.1
2024-25,C,30,,,Orange,"","",All,No,RW,8556,8187,95.7,5535,67.6,1502,18.3,3855,47.1,16,0.2,39,0.5,1,0.0,66,0.8,29,0.3,11,0.1,214,2.5,9,0.1
2024-25,C,30,,,Orange,"","",All,No,SD,4248,3552,83.6,804,22.6,127,3.6,476,13.4,29,0.8,4,0.1,0,0.0,400,9.4,6,0.1,11,0.3,256,6.0,19,0.4
2024-25,C,30,,,Orange,"","",All,No,SE,5895,5270,89.4,1699,32.2,646,12.3,814,15.4,103,2.0,3,0.1,1,0.0,120,2.0,4,0.1,39,0.7,428,7.3,30,0.5
2024-25,C,30,,,Orange,"","",All,No,SF,232,192,82.8,56,29.2,20,10.4,22,11.5,12,6.3,0,0.0,0,0.0,9,3.9,0,0.0,0,0.0,30,12.9,1,0.4
2024-25,C,30,,,Orange,"","",All,No,SH,3144,2870,91.3,1054,36.7,529,18.4,597,20.8,105,3.7,2,0.1,0,0.0,46,1.5,2,0.1,15,0.5,191,6.1,18,0.6
2024-25,C,30,,,Orange,"","",All,No,SM,34,29,85.3,15,51.7,8,27.6,9,31.0,2,6.9,0,0.0,0,0.0,1,2.9,0,0.0,0,0.0,4,11.8,0,0.0
2024-25,C,30,,,Orange,"","",All,No,SS,23578,22325,94.7,12007,53.8,5000,22.4,7225,32.4,159,0.7,65,0.3,1,0.0,303,1.3,30,0.1,63,0.3,749,3.2,42,0.2
2024-25,C,30,,,Orange,"","",All,No,TA,35720,34026,95.3,21210,62.3,8337,24.5,14255,41.9,169,0.5,109,0.3,1,0.0,400,1.1,56,0.2,74,0.2,1006,2.8,48,0.1
2024-25,C,30,,,Orange,"","",All,Yes,GF,1244,848,68.2,27,3.2,5,0.6,5,0.6,202,23.8,0,0.0,1,0.1,11,0.9,6,0.5,20,1.6,226,18.2,132,10.6
2024-25,C,30,,,Orange,"","",All,Yes,GM,1706,1048,61.4,22,2.1,5,0.5,3,0.3,290,27.7,1,0.1,2,0.1,23,1.3,10,0.6,44,2.6,403,23.6,175,10.3
2024-25,C,30,,,Orange,"","",All,Yes,GX,23,11,47.8,1,9.1,2,18.2,0,0.0,0,0.0,0,0.0,0,0.0,0,0.0,0,0.0,2,8.7,5,21.7,5,21.7
2024-25,C,30,,,Orange,"","",All,Yes,RA,83,48,57.8,6,12.5,0,0.0,0,0.0,7,14.6,0,0.0,0,0.0,4,4.8,0,0.0,1,1.2,21,25.3,9,10.8
2024-25,C,30,,,Orange,"","",All,Yes,RB,78,44,56.4,0,0.0,0,0.0,0,0.0,4,9.1,0,0.0,0,0.0,1,1.3,1,1.3,3,3.8,21,26.9,8,10.3
2024-25,C,30,,,Orange,"","",All,Yes,RD,58,22,37.9,0,0.0,0,0.0,0,0.0,6,27.3,0,0.0,0,0.0,1,1.7,2,3.4,2,3.4,22,37.9,9,15.5
2024-25,C,30,,,Orange,"","",All,Yes,RF,18,10,55.6,0,0.0,0,0.0,0,0.0,2,20.0,0,0.0,0,0.0,4,22.2,0,0.0,0,0.0,1,5.6,3,16.7
2024-25,C,30,,,Orange,"","",All,Yes,RH,2256,1472,65.2,16,1.1,12,0.8,6,0.4,435,29.6,0,0.0,1,0.0,14,0.6,12,0.5,41,1.8,481,21.3,235,10.4
2024-25,C,30,,,Orange,"","",All,Yes,RI,17,13,76.5,0,0.0,0,0.0,0,0.0,2,15.4,0,0.0,0,0.0,0,0.0,0,0.0,0,0.0,0,0.0,4,23.5
2024-25,C,30,,,Orange,"","",All,Yes,RP,11,9,81.8,0,0.0,0,0.0,0,0.0,2,22.2,0,0.0,0,0.0,0,0.0,0,0.0,0,0.0,2,18.2,0,0.0
2024-25,C,30,,,Orange,"","",All,Yes,RT,67,46,68.7,6,13.0,0,0.0,0,0.0,3,6.5,0,0.0,0,0.0,1,1.5,0,0.0,2,3.0,12,17.9,6,9.0
2024-25,C,30,,,Orange,"","",All,Yes,RW,385,243,63.1,22,9.1,0,0.0,2,0.8,31,12.8,1,0.3,2,0.5,9,2.3,1,0.3,17,4.4,74,19.2,38,9.9
2024-25,C,30,,,Orange,"","",All,Yes,SD,632,360,57.0,2,0.6,3,0.8,0,0.0,95,26.4,0,0.0,1,0.2,34,5.4,5,0.8,9,1.4,141,22.3,82,13.0
2024-25,C,30,,,Orange,"","",All,Yes,SE,1075,684,63.6,1,0.1,1,0.1,1,0.1,221,32.3,0,0.0,0,0.0,10,0.9,3,0.3,23,2.1,267,24.8,88,8.2
2024-25,C,30,,,Orange,"","",All,Yes,SF,116,62,53.4,0,0.0,0,0.0,1,1.6,38,61.3,0,0.0,0,0.0,0,0.0,0,0.0,1,0.9,36,31.0,17,14.7
2024-25,C,30,,,Orange,"","",All,Yes,SH,979,596,60.9,3,0.5,2,0.3,0,0.0,312,52.3,1,0.1,0,0.0,2,0.2,2,0.2,12,1.2,266,27.2,100,10.2
2024-25,C,30,,,Orange,"","",All,Yes,SM,11,7,63.6,0,0.0,0,0.0,0,0.0,6,85.7,0,0.0,0,0.0,0,0.0,0,0.0,0,0.0,3,27.3,1,9.1
2024-25,C,30,,,Orange,"","",All,Yes,SS,2744,1750,63.8,27,1.5,12,0.7,7,0.4,480,27.4,1,0.0,1,0.0,30,1.1,15,0.5,62,2.3,592,21.6,293,10.7
2024-25,C,30,,,Orange,"","",All,Yes,TA,2973,1907,64.1,50,2.6,12,0.6,8,0.4,492,25.8,1,0.0,3,0.1,34,1.1,16,0.5,66,2.2,634,21.3,312,10.5
2024-25,C,30,,,Orange,"","",No,All,GF,17404,16538,95.0,10680,64.6,4722,28.6,7098,42.9,269,1.6,48,0.3,1,0.0,129,0.7,23,0.1,42,0.2,525,3.0,98,0.6
2024-25,C,30,,,Orange,"","",No,All,GM,19135,17638,92.2,9627,54.6,3253,18.4,6630,37.6,389,2.2,58,0.3,3,0.0,298,1.6,47,0.2,89,0.5,854,4.5,148,0.8
2024-25,C,30,,,Orange,"","",No,All,GX,96,83,86.5,35,42.2,11,13.3,29,34.9,0,0.0,0,0.0,0,0.0,2,2.1,0,0.0,2,2.1,8,8.3,1,1.0
2024-25,C,30,,,Orange,"","",No,All,RA,6987,6643,95.1,5517,83.0,2404,36.2,4636,69.8,11,0.2,51,0.7,0,0.0,90,1.3,16,0.2,10,0.1,164,2.3,13,0.2
2024-25,C,30,,,Orange,"","",No,All,RB,489,442,90.4,218,49.3,44,10.0,98,22.2,10,2.3,1,0.2,0,0.0,5,1.0,1,0.2,3,0.6,32,6.5,5,1.0
2024-25,C,30,,,Orange,"","",No,All,RD,304,252,82.9,139,55.2,37,14.7,100,39.7,6,2.4,1,0.3,0,0.0,8,2.6,3,1.0,2,0.7,28,9.2,10,3.3
2024-25,C,30,,,Orange,"","",No,All,RF,794,770,97.0,582,75.6,158,20.5,441,57.3,6,0.8,0,0.0,0,0.0,14,1.8,0,0.0,0,0.0,8,1.0,2,0.3
2024-25,C,30,,,Orange,"","",No,All,RH,18041,16602,92.0,7453,44.9,3575,21.5,3918,23.6,564,3.4,13,0.1,1,0.0,227,1.3,20,0.1,87,0.5,904,5.0,187,1.0
2024-25,C,30,,,Orange,"","",No,All,RI,80,76,95.0,32,42.1,13,17.1,18,23.7,2,2.6,0,0.0,0,0.0,0,0.0,0,0.0,1,1.3,1,1.3,2,2.5
2024-25,C,30,,,Orange,"","",No,All,RP,119,112,94.1,56,50.0,13,11.6,30,26.8,3,2.7,0,0.0,0,0.0,1,0.8,0,0.0,1,0.8,5,4.2,0,0.0
2024-25,C,30,,,Orange,"","",No,All,RT,1448,1389,95.9,976,70.3,301,21.7,767,55.2,9,0.6,3,0.2,0,0.0,11,0.8,2,0.1,4,0.3,34,2.3,5,0.3
2024-25,C,30,,,Orange,"","",No,All,RW,8373,7973,95.2,5369,67.3,1441,18.1,3749,47.0,47,0.6,37,0.4,3,0.0,73,0.9,28,0.3,25,0.3,211,2.5,23,0.3
2024-25,C,30,,,Orange,"","",No,All,SD,4537,3678,81.1,731,19.9,122,3.3,453,12.3,123,3.3,3,0.1,1,0.0,429,9.5,11,0.2,20,0.4,323,7.1,72,1.6
2024-25,C,30,,,Orange,"","",No,All,SE,6687,5737,85.8,1589,27.7,619,10.8,778,13.6,322,5.6,2,0.0,1,0.0,129,1.9,7,0.1,62,0.9,662,9.9,87,1.3
2024-25,C,30,,,Orange,"","",No,All,SF,321,239,74.5,50,20.9,17,7.1,22,9.2,50,20.9,0,0.0,0,0.0,9,2.8,0,0.0,1,0.3,61,19.0,11,3.4
2024-25,C,30,,,Orange,"","",No,All,SH,3971,3383,85.2,1027,30.4,525,15.5,589,17.4,417,12.3,3,0.1,0,0.0,46,1.2,4,0.1,26,0.7,422,10.6,87,2.2
2024-25,C,30,,,Orange,"","",No,All,SM,44,35,79.5,14,40.0,8,22.9,9,25.7,8,22.9,0,0.0,0,0.0,1,2.3,0,0.0,0,0.0,7,15.9,1,2.3
2024-25,C,30,,,Orange,"","",No,All,SS,24978,23034,92.2,11538,50.1,4847,21.0,7022,30.5,636,2.8,64,0.3,2,0.0,329,1.3,44,0.2,119,0.5,1154,4.6,232,0.9
2024-25,C,30,,,Orange,"","",No,All,TA,36635,34259,93.5,20342,59.4,7986,23.3,13757,40.2,658,1.9,106,0.3,4,0.0,429,1.2,70,0.2,133,0.4,1387,3.8,247,0.7
2024-25,C,30,,,Orange,"","",No,No,GF,16277,15734,96.7,10665,67.8,4717,30.0,7094,45.1,67,0.4,48,0.3,0,0.0,118,0.7,17,0.1,23,0.1,320,2.0,17,0.1
2024-25,C,30,,,Orange,"","",No,No,GM,17577,16652,94.7,9617,57.8,3249,19.5,6629,39.8,99,0.6,57,0.3,1,0.0,275,1.6,37,0.2,47,0.3,481,2.7,27,0.2
2024-25,C,30,,,Orange,"","",No,No,GX,79,72,91.1,34,47.2,9,12.5,29,40.3,0,0.0,0,0.0,0,0.0,2,2.5,0,0.0,0,0.0,5,6.3,0,0.0
2024-25,C,30,,,Orange,"","",No,No,RA,6911,6600,95.5,5515,83.6,2404,36.4,4636,70.2,4,0.1,51,0.7,0,0.0,86,1.2,16,0.2,9,0.1,144,2.1,5,0.1
2024-25,C,30,,,Orange,"","",No,No,RB,422,404,95.7,218,54.0,44,10.9,98,24.3,6,1.5,1,0.2,0,0.0,4,0.9,0,0.0,0,0.0,13,3.1,0,0.0
2024-25,C,30,,,Orange,"","",No,No,RD,252,230,91.3,139,60.4,37,16.1,100,43.5,0,0.0,1,0.4,0,0.0,7,2.8,1,0.4,0,0.0,9,3.6,4,1.6
2024-25,C,30,,,Orange,"","",No,No,RF,778,760,97.7,582,76.6,158,20.8,441,58.0,4,0.5,0,0.0,0,0.0,10,1.3,0,0.0,0,0.0,8,1.0,0,0.0
2024-25,C,30,,,Orange,"","",No,No,RH,15939,15185,95.3,7441,49.0,3564,23.5,3913,25.8,129,0.8,13,0.1,0,0.0,213,1.3,8,0.1,46,0.3,449,2.8,25,0.2
2024-25,C,30,,,Orange,"","",No,No,RI,65,63,96.9,32,50.8,13,20.6,18,28.6,0,0.0,0,0.0,0,0.0,0,0.0,0,0.0,1,1.5,1,1.5,0,0.0
2024-25,C,30,,,Orange,"","",No,No,RP,109,103,94.5,56,54.4,13,12.6,30,29.1,1,1.0,0,0.0,0,0.0,1,0.9,0,0.0,1,0.9,4,3.7,0,0.0
2024-25,C,30,,,Orange,"","",No,No,RT,1390,1348,97.0,973,72.2,301,22.3,767,56.9,6,0.4,3,0.2,0,0.0,10,0.7,2,0.1,2,0.1,24,1.7,1,0.1
2024-25,C,30,,,Orange,"","",No,No,RW,8067,7765,96.3,5360,69.0,1441,18.6,3749,48.3,16,0.2,36,0.4,1,0.0,64,0.8,27,0.3,11,0.1,154,1.9,9,0.1
2024-25,C,30,,,Orange,"","",No,No,SD,3970,3340,84.1,730,21.9,119,3.6,453,13.6,28,0.8,3,0.1,0,0.0,395,9.9,6,0.2,11,0.3,197,5.0,18,0.5
2024-25,C,30,,,Orange,"","",No,No,SE,5670,5070,89.4,1588,31.3,618,12.2,777,15.3,101,2.0,2,0.0,1,0.0,119,2.1,4,0.1,39,0.7,407,7.2,28,0.5
2024-25,C,30,,,Orange,"","",No,No,SF,215,179,83.3,50,27.9,17,9.5,21,11.7,12,6.7,0,0.0,0,0.0,9,4.2,0,0.0,0,0.0,26,12.1,1,0.5
2024-25,C,30,,,Orange,"","",No,No,SH,3053,2797,91.6,1026,36.7,523,18.7,589,21.1,105,3.8,2,0.1,0,0.0,44,1.4,2,0.1,14,0.5,176,5.8,18,0.6
2024-25,C,30,,,Orange,"","",No,No,SM,33,28,84.8,14,50.0,8,28.6,9,32.1,2,7.1,0,0.0,0,0.0,1,3.0,0,0.0,0,0.0,4,12.1,0,0.0
2024-25,C,30,,,Orange,"","",No,No,SS,22462,21370,95.1,11525,53.9,4836,22.6,7017,32.8,156,0.7,63,0.3,1,0.0,299,1.3,29,0.1,59,0.3,603,2.7,38,0.2
2024-25,C,30,,,Orange,"","",No,No,TA,33933,32458,95.7,20316,62.6,7975,24.6,13752,42.4,166,0.5,105,0.3,1,0.0,395,1.2,54,0.2,70,0.2,806,2.4,44,0.1
2024-25,C,30,,,Orange,"","",No,Yes,GF,1127,804,71.3,15,1.9,5,0.6,4,0.5,202,25.1,0,0.0,1,0.1,11,1.0,6,0.5,19,1.7,205,18.2,81,7.2
2024-25,C,30,,,Orange,"","",No,Yes,GM,1558,986,63.3,10,1.0,4,0.4,1,0.1,290,29.4,1,0.1,2,0.1,23,1.5,10,0.6,42,2.7,373,23.9,121,7.8
2024-25,C,30,,,Orange,"","",No,Yes,GX,17,11,64.7,1,9.1,2,18.2,0,0.0,0,0.0,0,0.0,0,0.0,0,0.0,0,0.0,2,11.8,3,17.6,1,5.9
2024-25,C,30,,,Orange,"","",No,Yes,RA,76,43,56.6,2,4.7,0,0.0,0,0.0,7,16.3,0,0.0,0,0.0,4,5.3,0,0.0,1,1.3,20,26.3,8,10.5
2024-25,C,30,,,Orange,"","",No,Yes,RB,67,38,56.7,0,0.0,0,0.0,0,0.0,4,10.5,0,0.0,0,0.0,1,1.5,1,1.5,3,4.5,19,28.4,5,7.5
2024-25,C,30,,,Orange,"","",No,Yes,RD,52,22,42.3,0,0.0,0,0.0,0,0.0,6,27.3,0,0.0,0,0.0,1,1.9,2,3.8,2,3.8,19,36.5,6,11.5
2024-25,C,30,,,Orange,"","",No,Yes,RF,16,10,62.5,0,0.0,0,0.0,0,0.0,2,20.0,0,0.0,0,0.0,4,25.0,0,0.0,0,0.0,0,0.0,2,12.5
2024-25,C,30,,,Orange,"","",No,Yes,RH,2102,1417,67.4,12,0.8,11,0.8,5,0.4,435,30.7,0,0.0,1,0.0,14,0.7,12,0.6,41,2.0,455,21.6,162,7.7
2024-25,C,30,,,Orange,"","",No,Yes,RI,15,13,86.7,0,0.0,0,0.0,0,0.0,2,15.4,0,0.0,0,0.0,0,0.0,0,0.0,0,0.0,0,0.0,2,13.3
2024-25,C,30,,,Orange,"","",No,Yes,RP,*,*,*,*,*,*,*,*,*,*,*,*,*,*,*,*,*,*,*,*,*,*,*,*,*
2024-25,C,30,,,Orange,"","",No,Yes,RT,58,41,70.7,3,7.3,0,0.0,0,0.0,3,7.3,0,0.0,0,0.0,1,1.7,0,0.0,2,3.4,10,17.2,4,6.9
2024-25,C,30,,,Orange,"","",No,Yes,RW,306,208,68.0,9,4.3,0,0.0,0,0.0,31,14.9,1,0.3,2,0.7,9,2.9,1,0.3,14,4.6,57,18.6,14,4.6
2024-25,C,30,,,Orange,"","",No,Yes,SD,567,338,59.6,1,0.3,3,0.9,0,0.0,95,28.1,0,0.0,1,0.2,34,6.0,5,0.9,9,1.6,126,22.2,54,9.5
2024-25,C,30,,,Orange,"","",No,Yes,SE,1017,667,65.6,1,0.1,1,0.1,1,0.1,221,33.1,0,0.0,0,0.0,10,1.0,3,0.3,23,2.3,255,25.1,59,5.8
2024-25,C,30,,,Orange,"","",No,Yes,SF,106,60,56.6,0,0.0,0,0.0,1,1.7,38,63.3,0,0.0,0,0.0,0,0.0,0,0.0,1,0.9,35,33.0,10,9.4
2024-25,C,30,,,Orange,"","",No,Yes,SH,918,586,63.8,1,0.2,2,0.3,0,0.0,312,53.2,1,0.1,0,0.0,2,0.2,2,0.2,12,1.3,246,26.8,69,7.5
2024-25,C,30,,,Orange,"","",No,Yes,SM,11,7,63.6,0,0.0,0,0.0,0,0.0,6,85.7,0,0.0,0,0.0,0,0.0,0,0.0,0,0.0,3,27.3,1,9.1
2024-25,C,30,,,Orange,"","",No,Yes,SS,2516,1664,66.1,13,0.8,11,0.7,5,0.3,480,28.8,1,0.0,1,0.0,30,1.2,15,0.6,60,2.4,551,21.9,194,7.7
2024-25,C,30,,,Orange,"","",No,Yes,TA,2702,1801,66.7,26,1.4,11,0.6,5,0.3,492,27.3,1,0.0,3,0.1,34,1.3,16,0.6,63,2.3,581,21.5,203,7.5
2024-25,C,30,,,Orange,"","",Yes,All,GF,1065,903,84.8,542,60.0,242,26.8,315,34.9,2,0.2,1,0.1,0,0.0,3,0.3,1,0.1,3,0.3,101,9.5,53,5.0
2024-25,C,30,,,Orange,"","",Yes,All,GM,967,758,78.4,372,49.1,120,15.8,188,24.8,1,0.1,3,0.3,0,0.0,2,0.2,1,0.1,4,0.4,143,14.8,56,5.8
2024-25,C,30,,,Orange,"","",Yes,All,GX,26,13,50.0,4,30.8,1,7.7,3,23.1,0,0.0,0,0.0,0,0.0,0,0.0,0,0.0,0,0.0,9,34.6,4,15.4
2024-25,C,30,,,Orange,"","",Yes,All,RA,196,181,92.3,152,84.0,78,43.1,133,73.5,0,0.0,1,0.5,0,0.0,0,0.0,0,0.0,0,0.0,13,6.6,1,0.5
2024-25,C,30,,,Orange,"","",Yes,All,RB,89,68,76.4,25,36.8,3,4.4,2,2.9,0,0.0,0,0.0,0,0.0,0,0.0,0,0.0,2,2.2,16,18.0,3,3.4
2024-25,C,30,,,Orange,"","",Yes,All,RD,19,11,57.9,11,100.0,4,36.4,10,90.9,0,0.0,0,0.0,0,0.0,0,0.0,0,0.0,0,0.0,5,26.3,3,15.8
2024-25,C,30,,,Orange,"","",Yes,All,RF,29,26,89.7,19,73.1,6,23.1,13,50.0,0,0.0,0,0.0,0,0.0,0,0.0,0,0.0,0,0.0,2,6.9,1,3.4
2024-25,C,30,,,Orange,"","",Yes,All,RH,994,801,80.6,457,57.1,189,23.6,205,25.6,3,0.4,0,0.0,0,0.0,3,0.3,0,0.0,2,0.2,111,11.2,77,7.7
2024-25,C,30,,,Orange,"","",Yes,All,RI,*,*,*,*,*,*,*,*,*,*,*,*,*,*,*,*,*,*,*,*,*,*,*,*,*
2024-25,C,30,,,Orange,"","",Yes,All,RP,*,*,*,*,*,*,*,*,*,*,*,*,*,*,*,*,*,*,*,*,*,*,*,*,*
2024-25,C,30,,,Orange,"","",Yes,All,RT,151,122,80.8,64,52.5,21,17.2,35,28.7,0,0.0,0,0.0,0,0.0,0,0.0,0,0.0,0,0.0,27,17.9,2,1.3
2024-25,C,30,,,Orange,"","",Yes,All,RW,568,457,80.5,188,41.1,61,13.3,108,23.6,0,0.0,3,0.5,0,0.0,2,0.4,2,0.4,3,0.5,77,13.6,24,4.2
2024-25,C,30,,,Orange,"","",Yes,All,SD,343,234,68.2,75,32.1,8,3.4,23,9.8,1,0.4,1,0.3,0,0.0,5,1.5,0,0.0,0,0.0,74,21.6,29,8.5
2024-25,C,30,,,Orange,"","",Yes,All,SE,283,217,76.7,111,51.2,28,12.9,37,17.1,2,0.9,1,0.4,0,0.0,1,0.4,0,0.0,0,0.0,33,11.7,31,11.0
2024-25,C,30,,,Orange,"","",Yes,All,SF,27,15,55.6,6,40.0,3,20.0,1,6.7,0,0.0,0,0.0,0,0.0,0,0.0,0,0.0,0,0.0,5,18.5,7,25.9
2024-25,C,30,,,Orange,"","",Yes,All,SH,152,83,54.6,30,36.1,6,7.2,8,9.6,0,0.0,0,0.0,0,0.0,2,1.3,0,0.0,1,0.7,35,23.0,31,20.4
2024-25,C,30,,,Orange,"","",Yes,All,SM,*,*,*,*,*,*,*,*,*,*,*,*,*,*,*,*,*,*,*,*,*,*,*,*,*
2024-25,C,30,,,Orange,"","",Yes,All,SS,1344,1041,77.5,496,47.6,165,15.9,210,20.2,3,0.3,2,0.1,0,0.0,4,0.3,1,0.1,6,0.4,187,13.9,103,7.7
2024-25,C,30,,,Orange,"","",Yes,All,TA,2058,1674,81.3,918,54.8,363,21.7,506,30.2,3,0.2,4,0.2,0,0.0,5,0.2,2,0.1,7,0.3,253,12.3,113,5.5
2024-25,C,30,,,Orange,"","",Yes,No,GF,948,859,90.6,530,61.7,242,28.2,314,36.6,2,0.2,1,0.1,0,0.0,3,0.3,1,0.1,2,0.2,80,8.4,2,0.2
2024-25,C,30,,,Orange,"","",Yes,No,GM,819,696,85.0,360,51.7,119,17.1,186,26.7,1,0.1,3,0.4,0,0.0,2,0.2,1,0.1,2,0.2,113,13.8,2,0.2
2024-25,C,30,,,Orange,"","",Yes,No,GX,20,13,65.0,4,30.8,1,7.7,3,23.1,0,0.0,0,0.0,0,0.0,0,0.0,0,0.0,0,0.0,7,35.0,0,0.0
2024-25,C,30,,,Orange,"","",Yes,No,RA,189,176,93.1,148,84.1,78,44.3,133,75.6,0,0.0,1,0.5,0,0.0,0,0.0,0,0.0,0,0.0,12,6.3,0,0.0
2024-25,C,30,,,Orange,"","",Yes,No,RB,78,62,79.5,25,40.3,3,4.8,2,3.2,0,0.0,0,0.0,0,0.0,0,0.0,0,0.0,2,2.6,14,17.9,0,0.0
2024-25,C,30,,,Orange,"","",Yes,No,RD,13,11,84.6,11,100.0,4,36.4,10,90.9,0,0.0,0,0.0,0,0.0,0,0.0,0,0.0,0,0.0,2,15.4,0,0.0
2024-25,C,30,,,Orange,"","",Yes,No,RF,27,26,96.3,19,73.1,6,23.1,13,50.0,0,0.0,0,0.0,0,0.0,0,0.0,0,0.0,0,0.0,1,3.7,0,0.0
2024-25,C,30,,,Orange,"","",Yes,No,RH,840,746,88.8,453,60.7,188,25.2,204,27.3,3,0.4,0,0.0,0,0.0,3,0.4,0,0.0,2,0.2,85,10.1,4,0.5
2024-25,C,30,,,Orange,"","",Yes,No,RI,*,*,*,*,*,*,*,*,*,*,*,*,*,*,*,*,*,*,*,*,*,*,*,*,*
2024-25,C,30,,,Orange,"","",Yes,No,RP,*,*,*,*,*,*,*,*,*,*,*,*,*,*,*,*,*,*,*,*,*,*,*,*,*
2024-25,C,30,,,Orange,"","",Yes,No,RT,142,117,82.4,61,52.1,21,17.9,35,29.9,0,0.0,0,0.0,0,0.0,0,0.0,0,0.0,0,0.0,25,17.6,0,0.0
2024-25,C,30,,,Orange,"","",Yes,No,RW,489,422,86.3,175,41.5,61,14.5,106,25.1,0,0.0,3,0.6,0,0.0,2,0.4,2,0.4,0,0.0,60,12.3,0,0.0
2024-25,C,30,,,Orange,"","",Yes,No,SD,278,212,76.3,74,34.9,8,3.8,23,10.8,1,0.5,1,0.4,0,0.0,5,1.8,0,0.0,0,0.0,59,21.2,1,0.4
2024-25,C,30,,,Orange,"","",Yes,No,SE,225,200,88.9,111,55.5,28,14.0,37,18.5,2,1.0,1,0.4,0,0.0,1,0.4,0,0.0,0,0.0,21,9.3,2,0.9
2024-25,C,30,,,Orange,"","",Yes,No,SF,17,13,76.5,6,46.2,3,23.1,1,7.7,0,0.0,0,0.0,0,0.0,0,0.0,0,0.0,0,0.0,4,23.5,0,0.0
2024-25,C,30,,,Orange,"","",Yes,No,SH,91,73,80.2,28,38.4,6,8.2,8,11.0,0,0.0,0,0.0,0,0.0,2,2.2,0,0.0,1,1.1,15,16.5,0,0.0
2024-25,C,30,,,Orange,"","",Yes,No,SM,*,*,*,*,*,*,*,*,*,*,*,*,*,*,*,*,*,*,*,*,*,*,*,*,*
2024-25,C,30,,,Orange,"","",Yes,No,SS,1116,955,85.6,482,50.5,164,17.2,208,21.8,3,0.3,2,0.2,0,0.0,4,0.4,1,0.1,4,0.4,146,13.1,4,0.4
2024-25,C,30,,,Orange,"","",Yes,No,TA,1787,1568,87.7,894,57.0,362,23.1,503,32.1,3,0.2,4,0.2,0,0.0,5,0.3,2,0.1,4,0.2,200,11.2,4,0.2
2024-25,C,30,,,Orange,"","",Yes,Yes,GF,117,44,37.6,12,27.3,0,0.0,1,2.3,0,0.0,0,0.0,0,0.0,0,0.0,0,0.0,1,0.9,21,17.9,51,43.6
2024-25,C,30,,,Orange,"","",Yes,Yes,GM,148,62,41.9,12,19.4,1,1.6,2,3.2,0,0.0,0,0.0,0,0.0,0,0.0,0,0.0,2,1.4,30,20.3,54,36.5
2024-25,C,30,,,Orange,"","",Yes,Yes,GX,*,*,*,*,*,*,*,*,*,*,*,*,*,*,*,*,*,*,*,*,*,*,*,*,*
2024-25,C,30,,,Orange,"","",Yes,Yes,RA,*,*,*,*,*,*,*,*,*,*,*,*,*,*,*,*,*,*,*,*,*,*,*,*,*
2024-25,C,30,,,Orange,"","",Yes,Yes,RB,11,6,54.5,0,0.0,0,0.0,0,0.0,0,0.0,0,0.0,0,0.0,0,0.0,0,0.0,0,0.0,2,18.2,3,27.3
2024-25,C,30,,,Orange,"","",Yes,Yes,RD,*,*,*,*,*,*,*,*,*,*,*,*,*,*,*,*,*,*,*,*,*,*,*,*,*
2024-25,C,30,,,Orange,"","",Yes,Yes,RF,*,*,*,*,*,*,*,*,*,*,*,*,*,*,*,*,*,*,*,*,*,*,*,*,*
2024-25,C,30,,,Orange,"","",Yes,Yes,RH,154,55,35.7,4,7.3,1,1.8,1,1.8,0,0.0,0,0.0,0,0.0,0,0.0,0,0.0,0,0.0,26,16.9,73,47.4
2024-25,C,30,,,Orange,"","",Yes,Yes,RI,*,*,*,*,*,*,*,*,*,*,*,*,*,*,*,*,*,*,*,*,*,*,*,*,*
2024-25,C,30,,,Orange,"","",Yes,Yes,RP,*,*,*,*,*,*,*,*,*,*,*,*,*,*,*,*,*,*,*,*,*,*,*,*,*
2024-25,C,30,,,Orange,"","",Yes,Yes,RT,*,*,*,*,*,*,*,*,*,*,*,*,*,*,*,*,*,*,*,*,*,*,*,*,*
2024-25,C,30,,,Orange,"","",Yes,Yes,RW,79,35,44.3,13,37.1,0,0.0,2,5.7,0,0.0,0,0.0,0,0.0,0,0.0,0,0.0,3,3.8,17,21.5,24,30.4
2024-25,C,30,,,Orange,"","",Yes,Yes,SD,65,22,33.8,1,4.5,0,0.0,0,0.0,0,0.0,0,0.0,0,0.0,0,0.0,0,0.0,0,0.0,15,23.1,28,43.1
2024-25,C,30,,,Orange,"","",Yes,Yes,SE,58,17,29.3,0,0.0,0,0.0,0,0.0,0,0.0,0,0.0,0,0.0,0,0.0,0,0.0,0,0.0,12,20.7,29,50.0
2024-25,C,30,,,Orange,"","",Yes,Yes,SF,*,*,*,*,*,*,*,*,*,*,*,*,*,*,*,*,*,*,*,*,*,*,*,*,*
2024-25,C,30,,,Orange,"","",Yes,Yes,SH,61,10,16.4,2,20.0,0,0.0,0,0.0,0,0.0,0,0.0,0,0.0,0,0.0,0,0.0,0,0.0,20,32.8,31,50.8
2024-25,C,30,,,Orange,"","",Yes,Yes,SS,228,86,37.7,14,16.3,1,1.2,2,2.3,0,0.0,0,0.0,0,0.0,0,0.0,0,0.0,2,0.9,41,18.0,99,43.4
2024-25,C,30,,,Orange,"","",Yes,Yes,TA,271,106,39.1,24,22.6,1,0.9,3,2.8,0,0.0,0,0.0,0,0.0,0,0.0,0,0.0,3,1.1,53,19.6,109,40.2
2024-25,D,30,10306,0,Orange,Orange County Department of Education,District Office,All,All,GF,864,643,74.4,367,57.1,200,31.1,276,42.9,31,4.8,0,0.0,0,0.0,2,0.2,6,0.7,11,1.3,93,10.8,109,12.6
2024-25,D,30,10306,0,Orange,Orange County Department of Education,District Office,All,All,GM,948,583,61.5,236,40.5,91,15.6,158,27.1,55,9.4,0,0.0,0,0.0,1,0.1,8,0.8,20,2.1,180,19.0,156,16.5
2024-25,D,30,10306,0,Orange,Orange County Department of Education,District Office,All,All,GX,12,5,41.7,3,60.0,1,20.0,3,60.0,0,0.0,0,0.0,0,0.0,0,0.0,0,0.0,2,16.7,3,25.0,2,16.7
2024-25,D,30,10306,0,Orange,Orange County Department of Education,District Office,All,All,RA,187,164,87.7,136,82.9,77,47.0,131,79.9,1,0.6,0,0.0,0,0.0,0,0.0,0,0.0,0,0.0,15,8.0,8,4.3
2024-25,D,30,10306,0,Orange,Orange County Department of Education,District Office,All,All,RB,59,31,52.5,8,25.8,0,0.0,2,6.5,2,6.5,0,0.0,0,0.0,0,0.0,1,1.7,3,5.1,17,28.8,7,11.9
2024-25,D,30,10306,0,Orange,Orange County Department of Education,District Office,All,All,RD,54,25,46.3,11,44.0,4,16.0,10,40.0,3,12.0,0,0.0,0,0.0,0,0.0,2,3.7,1,1.9,17,31.5,9,16.7
2024-25,D,30,10306,0,Orange,Orange County Department of Education,District Office,All,All,RF,19,17,89.5,14,82.4,6,35.3,12,70.6,0,0.0,0,0.0,0,0.0,0,0.0,0,0.0,0,0.0,0,0.0,2,10.5
2024-25,D,30,10306,0,Orange,Orange County Department of Education,District Office,All,All,RH,1138,712,62.6,292,41.0,136,19.1,154,21.6,73,10.3,0,0.0,0,0.0,3,0.3,11,1.0,20,1.8,178,15.6,214,18.8
2024-25,D,30,10306,0,Orange,Orange County Department of Education,District Office,All,All,RI,*,*,*,*,*,*,*,*,*,*,*,*,*,*,*,*,*,*,*,*,*,*,*,*,*
2024-25,D,30,10306,0,Orange,Orange County Department of Education,District Office,All,All,RP,*,*,*,*,*,*,*,*,*,*,*,*,*,*,*,*,*,*,*,*,*,*,*,*,*
2024-25,D,30,10306,0,Orange,Orange County Department of Education,District Office,All,All,RT,75,63,84.0,39,61.9,18,28.6,35,55.6,0,0.0,0,0.0,0,0.0,0,0.0,0,0.0,1,1.3,7,9.3,4,5.3
2024-25,D,30,10306,0,Orange,Orange County Department of Education,District Office,All,All,RW,279,211,75.6,105,49.8,51,24.2,93,44.1,6,2.8,0,0.0,0,0.0,0,0.0,0,0.0,8,2.9,41,14.7,19,6.8
2024-25,D,30,10306,0,Orange,Orange County Department of Education,District Office,All,All,SD,346,194,56.1,57,29.4,7,3.6,18,9.3,26,13.4,0,0.0,0,0.0,3,0.9,4,1.2,4,1.2,69,19.9,72,20.8
2024-25,D,30,10306,0,Orange,Orange County Department of Education,District Office,All,All,SE,423,243,57.4,83,34.2,22,9.1,25,10.3,39,16.0,0,0.0,0,0.0,1,0.2,2,0.5,5,1.2,93,22.0,79,18.7
2024-25,D,30,10306,0,Orange,Orange County Department of Education,District Office,All,All,SF,68,28,41.2,4,14.3,2,7.1,0,0.0,11,39.3,0,0.0,0,0.0,0,0.0,0,0.0,1,1.5,22,32.4,17,25.0
2024-25,D,30,10306,0,Orange,Orange County Department of Education,District Office,All,All,SH,319,141,44.2,14,9.9,5,3.5,3,2.1,58,41.1,0,0.0,0,0.0,1,0.3,2,0.6,10,3.1,77,24.1,88,27.6
2024-25,D,30,10306,0,Orange,Orange County Department of Education,District Office,All,All,SM,*,*,*,*,*,*,*,*,*,*,*,*,*,*,*,*,*,*,*,*,*,*,*,*,*
2024-25,D,30,10306,0,Orange,Orange County Department of Education,District Office,All,All,SS,1377,821,59.6,293,35.7,115,14.0,149,18.1,86,10.5,0,0.0,0,0.0,3,0.2,13,0.9,32,2.3,251,18.2,257,18.7
2024-25,D,30,10306,0,Orange,Orange County Department of Education,District Office,All,All,TA,1824,1231,67.5,606,49.2,292,23.7,437,35.5,86,7.0,0,0.0,0,0.0,3,0.2,14,0.8,33,1.8,276,15.1,267,14.6
2024-25,D,30,10306,0,Orange,Orange County Department of Education,District Office,All,No,GF,476,456,95.8,362,79.4,200,43.9,276,60.5,2,0.4,0,0.0,0,0.0,2,0.4,0,0.0,2,0.4,14,2.9,2,0.4
2024-25,D,30,10306,0,Orange,Orange County Department of Education,District Office,All,No,GM,358,335,93.6,230,68.7,91,27.2,158,47.2,1,0.3,0,0.0,0,0.0,1,0.3,0,0.0,1,0.3,19,5.3,2,0.6
2024-25,D,30,10306,0,Orange,Orange County Department of Education,District Office,All,No,GX,*,*,*,*,*,*,*,*,*,*,*,*,*,*,*,*,*,*,*,*,*,*,*,*,*
2024-25,D,30,10306,0,Orange,Orange County Department of Education,District Office,All,No,RA,153,148,96.7,134,90.5,77,52.0,131,88.5,0,0.0,0,0.0,0,0.0,0,0.0,0,0.0,0,0.0,5,3.3,0,0.0
2024-25,D,30,10306,0,Orange,Orange County Department of Education,District Office,All,No,RB,18,14,77.8,8,57.1,0,0.0,2,14.3,0,0.0,0,0.0,0,0.0,0,0.0,0,0.0,1,5.6,3,16.7,0,0.0
2024-25,D,30,10306,0,Orange,Orange County Department of Education,District Office,All,No,RD,13,11,84.6,11,100.0,4,36.4,10,90.9,0,0.0,0,0.0,0,0.0,0,0.0,0,0.0,0,0.0,2,15.4,0,0.0
2024-25,D,30,10306,0,Orange,Orange County Department of Education,District Office,All,No,RF,17,17,100.0,14,82.4,6,35.3,12,70.6,0,0.0,0,0.0,0,0.0,0,0.0,0,0.0,0,0.0,0,0.0,0,0.0
2024-25,D,30,10306,0,Orange,Orange County Department of Education,District Office,All,No,RH,433,405,93.5,289,71.4,136,33.6,154,38.0,3,0.7,0,0.0,0,0.0,3,0.7,0,0.0,2,0.5,19,4.4,4,0.9
2024-25,D,30,10306,0,Orange,Orange County Department of Education,District Office,All,No,RI,*,*,*,*,*,*,*,*,*,*,*,*,*,*,*,*,*,*,*,*,*,*,*,*,*
2024-25,D,30,10306,0,Orange,Orange County Department of Education,District Office,All,No,RP,*,*,*,*,*,*,*,*,*,*,*,*,*,*,*,*,*,*,*,*,*,*,*,*,*
2024-25,D,30,10306,0,Orange,Orange County Department of Education,District Office,All,No,RT,53,53,100.0,38,71.7,18,34.0,35,66.0,0,0.0,0,0.0,0,0.0,0,0.0,0,0.0,0,0.0,0,0.0,0,0.0
2024-25,D,30,10306,0,Orange,Orange County Department of Education,District Office,All,No,RW,151,146,96.7,100,68.5,51,34.9,93,63.7,0,0.0,0,0.0,0,0.0,0,0.0,0,0.0,0,0.0,5,3.3,0,0.0
2024-25,D,30,10306,0,Orange,Orange County Department of Education,District Office,All,No,SD,118,105,89.0,56,53.3,7,6.7,18,17.1,1,1.0,0,0.0,0,0.0,3,2.5,0,0.0,0,0.0,9,7.6,1,0.8
2024-25,D,30,10306,0,Orange,Orange County Department of Education,District Office,All,No,SE,136,123,90.4,83,67.5,22,17.9,25,20.3,2,1.6,0,0.0,0,0.0,1,0.7,0,0.0,0,0.0,10,7.4,2,1.5
2024-25,D,30,10306,0,Orange,Orange County Department of Education,District Office,All,No,SF,*,*,*,*,*,*,*,*,*,*,*,*,*,*,*,*,*,*,*,*,*,*,*,*,*
2024-25,D,30,10306,0,Orange,Orange County Department of Education,District Office,All,No,SH,26,23,88.5,14,60.9,5,21.7,3,13.0,0,0.0,0,0.0,0,0.0,1,3.8,0,0.0,1,3.8,1,3.8,0,0.0
2024-25,D,30,10306,0,Orange,Orange County Department of Education,District Office,All,No,SS,463,426,92.0,290,68.1,115,27.0,149,35.0,3,0.7,0,0.0,0,0.0,3,0.6,0,0.0,3,0.6,27,5.8,4,0.9
2024-25,D,30,10306,0,Orange,Orange County Department of Education,District Office,All,No,TA,840,796,94.8,595,74.7,292,36.7,437,54.9,3,0.4,0,0.0,0,0.0,3,0.4,0,0.0,3,0.4,34,4.0,4,0.5
2024-25,D,30,10306,0,Orange,Orange County Department of Education,District Office,All,Yes,GF,388,187,48.2,5,2.7,0,0.0,0,0.0,29,15.5,0,0.0,0,0.0,0,0.0,6,1.5,9,2.3,79,20.4,107,27.6
2024-25,D,30,10306,0,Orange,Orange County Department of Education,District Office,All,Yes,GM,590,248,42.0,6,2.4,0,0.0,0,0.0,54,21.8,0,0.0,0,0.0,0,0.0,8,1.4,19,3.2,161,27.3,154,26.1
2024-25,D,30,10306,0,Orange,Orange County Department of Education,District Office,All,Yes,GX,*,*,*,*,*,*,*,*,*,*,*,*,*,*,*,*,*,*,*,*,*,*,*,*,*
2024-25,D,30,10306,0,Orange,Orange County Department of Education,District Office,All,Yes,RA,34,16,47.1,2,12.5,0,0.0,0,0.0,1,6.3,0,0.0,0,0.0,0,0.0,0,0.0,0,0.0,10,29.4,8,23.5
2024-25,D,30,10306,0,Orange,Orange County Department of Education,District Office,All,Yes,RB,41,17,41.5,0,0.0,0,0.0,0,0.0,2,11.8,0,0.0,0,0.0,0,0.0,1,2.4,2,4.9,14,34.1,7,17.1
2024-25,D,30,10306,0,Orange,Orange County Department of Education,District Office,All,Yes,RD,41,14,34.1,0,0.0,0,0.0,0,0.0,3,21.4,0,0.0,0,0.0,0,0.0,2,4.9,1,2.4,15,36.6,9,22.0
2024-25,D,30,10306,0,Orange,Orange County Department of Education,District Office,All,Yes,RF,*,*,*,*,*,*,*,*,*,*,*,*,*,*,*,*,*,*,*,*,*,*,*,*,*
2024-25,D,30,10306,0,Orange,Orange County Department of Education,District Office,All,Yes,RH,705,307,43.5,3,1.0,0,0.0,0,0.0,70,22.8,0,0.0,0,0.0,0,0.0,11,1.6,18,2.6,159,22.6,210,29.8
2024-25,D,30,10306,0,Orange,Orange County Department of Education,District Office,All,Yes,RI,*,*,*,*,*,*,*,*,*,*,*,*,*,*,*,*,*,*,*,*,*,*,*,*,*
2024-25,D,30,10306,0,Orange,Orange County Department of Education,District Office,All,Yes,RP,*,*,*,*,*,*,*,*,*,*,*,*,*,*,*,*,*,*,*,*,*,*,*,*,*
2024-25,D,30,10306,0,Orange,Orange County Department of Education,District Office,All,Yes,RT,22,10,45.5,1,10.0,0,0.0,0,0.0,0,0.0,0,0.0,0,0.0,0,0.0,0,0.0,1,4.5,7,31.8,4,18.2
2024-25,D,30,10306,0,Orange,Orange County Department of Education,District Office,All,Yes,RW,128,65,50.8,5,7.7,0,0.0,0,0.0,6,9.2,0,0.0,0,0.0,0,0.0,0,0.0,8,6.3,36,28.1,19,14.8
2024-25,D,30,10306,0,Orange,Orange County Department of Education,District Office,All,Yes,SD,228,89,39.0,1,1.1,0,0.0,0,0.0,25,28.1,0,0.0,0,0.0,0,0.0,4,1.8,4,1.8,60,26.3,71,31.1
2024-25,D,30,10306,0,Orange,Orange County Department of Education,District Office,All,Yes,SE,287,120,41.8,0,0.0,0,0.0,0,0.0,37,30.8,0,0.0,0,0.0,0,0.0,2,0.7,5,1.7,83,28.9,77,26.8
2024-25,D,30,10306,0,Orange,Orange County Department of Education,District Office,All,Yes,SF,60,21,35.0,0,0.0,0,0.0,0,0.0,11,52.4,0,0.0,0,0.0,0,0.0,0,0.0,1,1.7,21,35.0,17,28.3
2024-25,D,30,10306,0,Orange,Orange County Department of Education,District Office,All,Yes,SH,293,118,40.3,0,0.0,0,0.0,0,0.0,58,49.2,0,0.0,0,0.0,0,0.0,2,0.7,9,3.1,76,25.9,88,30.0
2024-25,D,30,10306,0,Orange,Orange County Department of Education,District Office,All,Yes,SM,*,*,*,*,*,*,*,*,*,*,*,*,*,*,*,*,*,*,*,*,*,*,*,*,*
2024-25,D,30,10306,0,Orange,Orange County Department of Education,District Office,All,Yes,SS,914,395,43.2,3,0.8,0,0.0,0,0.0,83,21.0,0,0.0,0,0.0,0,0.0,13,1.4,29,3.2,224,24.5,253,27.7
2024-25,D,30,10306,0,Orange,Orange County Department of Education,District Office,All,Yes,TA,984,435,44.2,11,2.5,0,0.0,0,0.0,83,19.1,0,0.0,0,0.0,0,0.0,14,1.4,30,3.0,242,24.6,263,26.7
2024-25,D,30,10306,0,Orange,Orange County Department of Education,District Office,No,All,GF,332,169,50.9,4,2.4,0,0.0,0,0.0,29,17.2,0,0.0,0,0.0,0,0.0,6,1.8,8,2.4,71,21.4,78,23.5
2024-25,D,30,10306,0,Orange,Orange County Department of Education,District Office,No,All,GM,493,212,43.0,6,2.8,0,0.0,0,0.0,54,25.5,0,0.0,0,0.0,0,0.0,8,1.6,19,3.9,143,29.0,111,22.5
2024-25,D,30,10306,0,Orange,Orange County Department of Education,District Office,No,All,GX,*,*,*,*,*,*,*,*,*,*,*,*,*,*,*,*,*,*,*,*,*,*,*,*,*
2024-25,D,30,10306,0,Orange,Orange County Department of Education,District Office,No,All,RA,32,15,46.9,2,13.3,0,0.0,0,0.0,1,6.7,0,0.0,0,0.0,0,0.0,0,0.0,0,0.0,10,31.3,7,21.9
2024-25,D,30,10306,0,Orange,Orange County Department of Education,District Office,No,All,RB,33,13,39.4,0,0.0,0,0.0,0,0.0,2,15.4,0,0.0,0,0.0,0,0.0,1,3.0,2,6.1,12,36.4,5,15.2
2024-25,D,30,10306,0,Orange,Orange County Department of Education,District Office,No,All,RD,37,14,37.8,0,0.0,0,0.0,0,0.0,3,21.4,0,0.0,0,0.0,0,0.0,2,5.4,1,2.7,14,37.8,6,16.2
2024-25,D,30,10306,0,Orange,Orange County Department of Education,District Office,No,All,RF,*,*,*,*,*,*,*,*,*,*,*,*,*,*,*,*,*,*,*,*,*,*,*,*,*
2024-25,D,30,10306,0,Orange,Orange County Department of Education,District Office,No,All,RH,588,265,45.1,2,0.8,0,0.0,0,0.0,70,26.4,0,0.0,0,0.0,0,0.0,11,1.9,18,3.1,141,24.0,153,26.0
2024-25,D,30,10306,0,Orange,Orange County Department of Education,District Office,No,All,RI,*,*,*,*,*,*,*,*,*,*,*,*,*,*,*,*,*,*,*,*,*,*,*,*,*
2024-25,D,30,10306,0,Orange,Orange County Department of Education,District Office,No,All,RP,*,*,*,*,*,*,*,*,*,*,*,*,*,*,*,*,*,*,*,*,*,*,*,*,*
2024-25,D,30,10306,0,Orange,Orange County Department of Education,District Office,No,All,RT,21,10,47.6,1,10.0,0,0.0,0,0.0,0,0.0,0,0.0,0,0.0,0,0.0,0,0.0,1,4.8,6,28.6,4,19.0
2024-25,D,30,10306,0,Orange,Orange County Department of Education,District Office,No,All,RW,108,58,53.7,5,8.6,0,0.0,0,0.0,6,10.3,0,0.0,0,0.0,0,0.0,0,0.0,7,6.5,32,29.6,11,10.2
2024-25,D,30,10306,0,Orange,Orange County Department of Education,District Office,No,All,SD,187,79,42.2,1,1.3,0,0.0,0,0.0,25,31.6,0,0.0,0,0.0,0,0.0,4,2.1,4,2.1,53,28.3,47,25.1
2024-25,D,30,10306,0,Orange,Orange County Department of Education,District Office,No,All,SE,234,103,44.0,0,0.0,0,0.0,0,0.0,37,35.9,0,0.0,0,0.0,0,0.0,2,0.9,5,2.1,72,30.8,52,22.2
2024-25,D,30,10306,0,Orange,Orange County Department of Education,District Office,No,All,SF,51,19,37.3,0,0.0,0,0.0,0,0.0,11,57.9,0,0.0,0,0.0,0,0.0,0,0.0,1,2.0,21,41.2,10,19.6
2024-25,D,30,10306,0,Orange,Orange County Department of Education,District Office,No,All,SH,245,112,45.7,0,0.0,0,0.0,0,0.0,58,51.8,0,0.0,0,0.0,0,0.0,2,0.8,9,3.7,58,23.7,64,26.1
2024-25,D,30,10306,0,Orange,Orange County Department of Education,District Office,No,All,SM,*,*,*,*,*,*,*,*,*,*,*,*,*,*,*,*,*,*,*,*,*,*,*,*,*
2024-25,D,30,10306,0,Orange,Orange County Department of Education,District Office,No,All,SS,762,341,44.8,2,0.6,0,0.0,0,0.0,83,24.3,0,0.0,0,0.0,0,0.0,13,1.7,28,3.7,198,26.0,182,23.9
2024-25,D,30,10306,0,Orange,Orange County Department of Education,District Office,No,All,TA,829,381,46.0,10,2.6,0,0.0,0,0.0,83,21.8,0,0.0,0,0.0,0,0.0,14,1.7,29,3.5,215,25.9,190,22.9
2024-25,D,30,10306,0,Orange,Orange County Department of Education,District Office,No,Yes,GF,332,169,50.9,4,2.4,0,0.0,0,0.0,29,17.2,0,0.0,0,0.0,0,0.0,6,1.8,8,2.4,71,21.4,78,23.5
2024-25,D,30,10306,0,Orange,Orange County Department of Education,District Office,No,Yes,GM,493,212,43.0,6,2.8,0,0.0,0,0.0,54,25.5,0,0.0,0,0.0,0,0.0,8,1.6,19,3.9,143,29.0,111,22.5
2024-25,D,30,10306,0,Orange,Orange County Department of Education,District Office,No,Yes,GX,*,*,*,*,*,*,*,*,*,*,*,*,*,*,*,*,*,*,*,*,*,*,*,*,*
2024-25,D,30,10306,0,Orange,Orange County Department of Education,District Office,No,Yes,RA,32,15,46.9,2,13.3,0,0.0,0,0.0,1,6.7,0,0.0,0,0.0,0,0.0,0,0.0,0,0.0,10,31.3,7,21.9
2024-25,D,30,10306,0,Orange,Orange County Department of Education,District Office,No,Yes,RB,33,13,39.4,0,0.0,0,0.0,0,0.0,2,15.4,0,0.0,0,0.0,0,0.0,1,3.0,2,6.1,12,36.4,5,15.2
2024-25,D,30,10306,0,Orange,Orange County Department of Education,District Office,No,Yes,RD,37,14,37.8,0,0.0,0,0.0,0,0.0,3,21.4,0,0.0,0,0.0,0,0.0,2,5.4,1,2.7,14,37.8,6,16.2
2024-25,D,30,10306,0,Orange,Orange County Department of Education,District Office,No,Yes,RF,*,*,*,*,*,*,*,*,*,*,*,*,*,*,*,*,*,*,*,*,*,*,*,*,*
2024-25,D,30,10306,0,Orange,Orange County Department of Education,District Office,No,Yes,RH,588,265,45.1,2,0.8,0,0.0,0,0.0,70,26.4,0,0.0,0,0.0,0,0.0,11,1.9,18,3.1,141,24.0,153,26.0
2024-25,D,30,10306,0,Orange,Orange County Department of Education,District Office,No,Yes,RI,*,*,*,*,*,*,*,*,*,*,*,*,*,*,*,*,*,*,*,*,*,*,*,*,*
2024-25,D,30,10306,0,Orange,Orange County Department of Education,District Office,No,Yes,RP,*,*,*,*,*,*,*,*,*,*,*,*,*,*,*,*,*,*,*,*,*,*,*,*,*
2024-25,D,30,10306,0,Orange,Orange County Department of Education,District Office,No,Yes,RT,21,10,47.6,1,10.0,0,0.0,0,0.0,0,0.0,0,0.0,0,0.0,0,0.0,0,0.0,1,4.8,6,28.6,4,19.0
2024-25,D,30,10306,0,Orange,Orange County Department of Education,District Office,No,Yes,RW,108,58,53.7,5,8.6,0,0.0,0,0.0,6,10.3,0,0.0,0,0.0,0,0.0,0,0.0,7,6.5,32,29.6,11,10.2
2024-25,D,30,10306,0,Orange,Orange County Department of Education,District Office,No,Yes,SD,187,79,42.2,1,1.3,0,0.0,0,0.0,25,31.6,0,0.0,0,0.0,0,0.0,4,2.1,4,2.1,53,28.3,47,25.1
2024-25,D,30,10306,0,Orange,Orange County Department of Education,District Office,No,Yes,SE,234,103,44.0,0,0.0,0,0.0,0,0.0,37,35.9,0,0.0,0,0.0,0,0.0,2,0.9,5,2.1,72,30.8,52,22.2
2024-25,D,30,10306,0,Orange,Orange County Department of Education,District Office,No,Yes,SF,51,19,37.3,0,0.0,0,0.0,0,0.0,11,57.9,0,0.0,0,0.0,0,0.0,0,0.0,1,2.0,21,41.2,10,19.6
2024-25,D,30,10306,0,Orange,Orange County Department of Education,District Office,No,Yes,SH,245,112,45.7,0,0.0,0,0.0,0,0.0,58,51.8,0,0.0,0,0.0,0,0.0,2,0.8,9,3.7,58,23.7,64,26.1
2024-25,D,30,10306,0,Orange,Orange County Department of Education,District Office,No,Yes,SM,*,*,*,*,*,*,*,*,*,*,*,*,*,*,*,*,*,*,*,*,*,*,*,*,*
2024-25,D,30,10306,0,Orange,Orange County Department of Education,District Office,No,Yes,SS,762,341,44.8,2,0.6,0,0.0,0,0.0,83,24.3,0,0.0,0,0.0,0,0.0,13,1.7,28,3.7,198,26.0,182,23.9
2024-25,D,30,10306,0,Orange,Orange County Department of Education,District Office,No,Yes,TA,829,381,46.0,10,2.6,0,0.0,0,0.0,83,21.8,0,0.0,0,0.0,0,0.0,14,1.7,29,3.5,215,25.9,190,22.9
2024-25,D,30,10306,0,Orange,Orange County Department of Education,District Office,Yes,All,GF,532,474,89.1,363,76.6,200,42.2,276,58.2,2,0.4,0,0.0,0,0.0,2,0.4,0,0.0,3,0.6,22,4.1,31,5.8
2024-25,D,30,10306,0,Orange,Orange County Department of Education,District Office,Yes,All,GM,455,371,81.5,230,62.0,91,24.5,158,42.6,1,0.3,0,0.0,0,0.0,1,0.2,0,0.0,1,0.2,37,8.1,45,9.9
2024-25,D,30,10306,0,Orange,Orange County Department of Education,District Office,Yes,All,GX,*,*,*,*,*,*,*,*,*,*,*,*,*,*,*,*,*,*,*,*,*,*,*,*,*
2024-25,D,30,10306,0,Orange,Orange County Department of Education,District Office,Yes,All,RA,155,149,96.1,134,89.9,77,51.7,131,87.9,0,0.0,0,0.0,0,0.0,0,0.0,0,0.0,0,0.0,5,3.2,1,0.6
2024-25,D,30,10306,0,Orange,Orange County Department of Education,District Office,Yes,All,RB,26,18,69.2,8,44.4,0,0.0,2,11.1,0,0.0,0,0.0,0,0.0,0,0.0,0,0.0,1,3.8,5,19.2,2,7.7
2024-25,D,30,10306,0,Orange,Orange County Department of Education,District Office,Yes,All,RD,17,11,64.7,11,100.0,4,36.4,10,90.9,0,0.0,0,0.0,0,0.0,0,0.0,0,0.0,0,0.0,3,17.6,3,17.6
2024-25,D,30,10306,0,Orange,Orange County Department of Education,District Office,Yes,All,RF,17,17,100.0,14,82.4,6,35.3,12,70.6,0,0.0,0,0.0,0,0.0,0,0.0,0,0.0,0,0.0,0,0.0,0,0.0
2024-25,D,30,10306,0,Orange,Orange County Department of Education,District Office,Yes,All,RH,550,447,81.3,290,64.9,136,30.4,154,34.5,3,0.7,0,0.0,0,0.0,3,0.5,0,0.0,2,0.4,37,6.7,61,11.1
2024-25,D,30,10306,0,Orange,Orange County Department of Education,District Office,Yes,All,RI,*,*,*,*,*,*,*,*,*,*,*,*,*,*,*,*,*,*,*,*,*,*,*,*,*
2024-25,D,30,10306,0,Orange,Orange County Department of Education,District Office,Yes,All,RP,*,*,*,*,*,*,*,*,*,*,*,*,*,*,*,*,*,*,*,*,*,*,*,*,*
2024-25,D,30,10306,0,Orange,Orange County Department of Education,District Office,Yes,All,RT,54,53,98.1,38,71.7,18,34.0,35,66.0,0,0.0,0,0.0,0,0.0,0,0.0,0,0.0,0,0.0,1,1.9,0,0.0
2024-25,D,30,10306,0,Orange,Orange County Department of Education,District Office,Yes,All,RW,171,153,89.5,100,65.4,51,33.3,93,60.8,0,0.0,0,0.0,0,0.0,0,0.0,0,0.0,1,0.6,9,5.3,8,4.7
2024-25,D,30,10306,0,Orange,Orange County Department of Education,District Office,Yes,All,SD,159,115,72.3,56,48.7,7,6.1,18,15.7,1,0.9,0,0.0,0,0.0,3,1.9,0,0.0,0,0.0,16,10.1,25,15.7
2024-25,D,30,10306,0,Orange,Orange County Department of Education,District Office,Yes,All,SE,189,140,74.1,83,59.3,22,15.7,25,17.9,2,1.4,0,0.0,0,0.0,1,0.5,0,0.0,0,0.0,21,11.1,27,14.3
2024-25,D,30,10306,0,Orange,Orange County Department of Education,District Office,Yes,All,SF,17,9,52.9,4,44.4,2,22.2,0,0.0,0,0.0,0,0.0,0,0.0,0,0.0,0,0.0,0,0.0,1,5.9,7,41.2
2024-25,D,30,10306,0,Orange,Orange County Department of Education,District Office,Yes,All,SH,74,29,39.2,14,48.3,5,17.2,3,10.3,0,0.0,0,0.0,0,0.0,1,1.4,0,0.0,1,1.4,19,25.7,24,32.4
2024-25,D,30,10306,0,Orange,Orange County Department of Education,District Office,Yes,All,SS,615,480,78.0,291,60.6,115,24.0,149,31.0,3,0.6,0,0.0,0,0.0,3,0.5,0,0.0,4,0.7,53,8.6,75,12.2
2024-25,D,30,10306,0,Orange,Orange County Department of Education,District Office,Yes,All,TA,995,850,85.4,596,70.1,292,34.4,437,51.4,3,0.4,0,0.0,0,0.0,3,0.3,0,0.0,4,0.4,61,6.1,77,7.7
2024-25,D,30,10306,0,Orange,Orange County Department of Education,District Office,Yes,No,GF,476,456,95.8,362,79.4,200,43.9,276,60.5,2,0.4,0,0.0,0,0.0,2,0.4,0,0.0,2,0.4,14,2.9,2,0.4
2024-25,D,30,10306,0,Orange,Orange County Department of Education,District Office,Yes,No,GM,358,335,93.6,230,68.7,91,27.2,158,47.2,1,0.3,0,0.0,0,0.0,1,0.3,0,0.0,1,0.3,19,5.3,2,0.6
2024-25,D,30,10306,0,Orange,Orange County Department of Education,District Office,Yes,No,GX,*,*,*,*,*,*,*,*,*,*,*,*,*,*,*,*,*,*,*,*,*,*,*,*,*
2024-25,D,30,10306,0,Orange,Orange County Department of Education,District Office,Yes,No,RA,153,148,96.7,134,90.5,77,52.0,131,88.5,0,0.0,0,0.0,0,0.0,0,0.0,0,0.0,0,0.0,5,3.3,0,0.0
2024-25,D,30,10306,0,Orange,Orange County Department of Education,District Office,Yes,No,RB,18,14,77.8,8,57.1,0,0.0,2,14.3,0,0.0,0,0.0,0,0.0,0,0.0,0,0.0,1,5.6,3,16.7,0,0.0
2024-25,D,30,10306,0,Orange,Orange County Department of Education,District Office,Yes,No,RD,13,11,84.6,11,100.0,4,36.4,10,90.9,0,0.0,0,0.0,0,0.0,0,0.0,0,0.0,0,0.0,2,15.4,0,0.0
2024-25,D,30,10306,0,Orange,Orange County Department of Education,District Office,Yes,No,RF,17,17,100.0,14,82.4,6,35.3,12,70.6,0,0.0,0,0.0,0,0.0,0,0.0,0,0.0,0,0.0,0,0.0,0,0.0
2024-25,D,30,10306,0,Orange,Orange County Department of Education,District Office,Yes,No,RH,433,405,93.5,289,71.4,136,33.6,154,38.0,3,0.7,0,0.0,0,0.0,3,0.7,0,0.0,2,0.5,19,4.4,4,0.9
2024-25,D,30,10306,0,Orange,Orange County Department of Education,District Office,Yes,No,RI,*,*,*,*,*,*,*,*,*,*,*,*,*,*,*,*,*,*,*,*,*,*,*,*,*
2024-25,D,30,10306,0,Orange,Orange County Department of Education,District Office,Yes,No,RP,*,*,*,*,*,*,*,*,*,*,*,*,*,*,*,*,*,*,*,*,*,*,*,*,*
2024-25,D,30,10306,0,Orange,Orange County Department of Education,District Office,Yes,No,RT,53,53,100.0,38,71.7,18,34.0,35,66.0,0,0.0,0,0.0,0,0.0,0,0.0,0,0.0,0,0.0,0,0.0,0,0.0
2024-25,D,30,10306,0,Orange,Orange County Department of Education,District Office,Yes,No,RW,151,146,96.7,100,68.5,51,34.9,93,63.7,0,0.0,0,0.0,0,0.0,0,0.0,0,0.0,0,0.0,5,3.3,0,0.0
2024-25,D,30,10306,0,Orange,Orange County Department of Education,District Office,Yes,No,SD,118,105,89.0,56,53.3,7,6.7,18,17.1,1,1.0,0,0.0,0,0.0,3,2.5,0,0.0,0,0.0,9,7.6,1,0.8
2024-25,D,30,10306,0,Orange,Orange County Department of Education,District Office,Yes,No,SE,136,123,90.4,83,67.5,22,17.9,25,20.3,2,1.6,0,0.0,0,0.0,1,0.7,0,0.0,0,0.0,10,7.4,2,1.5
2024-25,D,30,10306,0,Orange,Orange County Department of Education,District Office,Yes,No,SF,*,*,*,*,*,*,*,*,*,*,*,*,*,*,*,*,*,*,*,*,*,*,*,*,*
2024-25,D,30,10306,0,Orange,Orange County Department of Education,District Office,Yes,No,SH,26,23,88.5,14,60.9,5,21.7,3,13.0,0,0.0,0,0.0,0,0.0,1,3.8,0,0.0,1,3.8,1,3.8,0,0.0
2024-25,D,30,10306,0,Orange,Orange County Department of Education,District Office,Yes,No,SS,463,426,92.0,290,68.1,115,27.0,149,35.0,3,0.7,0,0.0,0,0.0,3,0.6,0,0.0,3,0.6,27,5.8,4,0.9
2024-25,D,30,10306,0,Orange,Orange County Department of Education,District Office,Yes,No,TA,840,796,94.8,595,74.7,292,36.7,437,54.9,3,0.4,0,0.0,0,0.0,3,0.4,0,0.0,3,0.4,34,4.0,4,0.5
2024-25,D,30,10306,0,Orange,Orange County Department of Education,District Office,Yes,Yes,GF,56,18,32.1,1,5.6,0,0.0,0,0.0,0,0.0,0,0.0,0,0.0,0,0.0,0,0.0,1,1.8,8,14.3,29,51.8
2024-25,D,30,10306,0,Orange,Orange County Department of Education,District Office,Yes,Yes,GM,97,36,37.1,0,0.0,0,0.0,0,0.0,0,0.0,0,0.0,0,0.0,0,0.0,0,0.0,0,0.0,18,18.6,43,44.3
2024-25,D,30,10306,0,Orange,Orange County Department of Education,District Office,Yes,Yes,GX,*,*,*,*,*,*,*,*,*,*,*,*,*,*,*,*,*,*,*,*,*,*,*,*,*
2024-25,D,30,10306,0,Orange,Orange County Department of Education,District Office,Yes,Yes,RA,*,*,*,*,*,*,*,*,*,*,*,*,*,*,*,*,*,*,*,*,*,*,*,*,*
2024-25,D,30,10306,0,Orange,Orange County Department of Education,District Office,Yes,Yes,RB,*,*,*,*,*,*,*,*,*,*,*,*,*,*,*,*,*,*,*,*,*,*,*,*,*
2024-25,D,30,10306,0,Orange,Orange County Department of Education,District Office,Yes,Yes,RD,*,*,*,*,*,*,*,*,*,*,*,*,*,*,*,*,*,*,*,*,*,*,*,*,*
2024-25,D,30,10306,0,Orange,Orange County Department of Education,District Office,Yes,Yes,RF,*,*,*,*,*,*,*,*,*,*,*,*,*,*,*,*,*,*,*,*,*,*,*,*,*
2024-25,D,30,10306,0,Orange,Orange County Department of Education,District Office,Yes,Yes,RH,117,42,35.9,1,2.4,0,0.0,0,0.0,0,0.0,0,0.0,0,0.0,0,0.0,0,0.0,0,0.0,18,15.4,57,48.7
2024-25,D,30,10306,0,Orange,Orange County Department of Education,District Office,Yes,Yes,RI,*,*,*,*,*,*,*,*,*,*,*,*,*,*,*,*,*,*,*,*,*,*,*,*,*
2024-25,D,30,10306,0,Orange,Orange County Department of Education,District Office,Yes,Yes,RP,*,*,*,*,*,*,*,*,*,*,*,*,*,*,*,*,*,*,*,*,*,*,*,*,*
2024-25,D,30,10306,0,Orange,Orange County Department of Education,District Office,Yes,Yes,RT,*,*,*,*,*,*,*,*,*,*,*,*,*,*,*,*,*,*,*,*,*,*,*,*,*
2024-25,D,30,10306,0,Orange,Orange County Department of Education,District Office,Yes,Yes,RW,20,7,35.0,0,0.0,0,0.0,0,0.0,0,0.0,0,0.0,0,0.0,0,0.0,0,0.0,1,5.0,4,20.0,8,40.0
2024-25,D,30,10306,0,Orange,Orange County Department of Education,District Office,Yes,Yes,SD,41,10,24.4,0,0.0,0,0.0,0,0.0,0,0.0,0,0.0,0,0.0,0,0.0,0,0.0,0,0.0,7,17.1,24,58.5
2024-25,D,30,10306,0,Orange,Orange County Department of Education,District Office,Yes,Yes,SE,53,17,32.1,0,0.0,0,0.0,0,0.0,0,0.0,0,0.0,0,0.0,0,0.0,0,0.0,0,0.0,11,20.8,25,47.2
2024-25,D,30,10306,0,Orange,Orange County Department of Education,District Office,Yes,Yes,SF,*,*,*,*,*,*,*,*,*,*,*,*,*,*,*,*,*,*,*,*,*,*,*,*,*
2024-25,D,30,10306,0,Orange,Orange County Department of Education,District Office,Yes,Yes,SH,48,6,12.5,0,0.0,0,0.0,0,0.0,0,0.0,0,0.0,0,0.0,0,0.0,0,0.0,0,0.0,18,37.5,24,50.0
2024-25,D,30,10306,0,Orange,Orange County Department of Education,District Office,Yes,Yes,SS,152,54,35.5,1,1.9,0,0.0,0,0.0,0,0.0,0,0.0,0,0.0,0,0.0,0,0.0,1,0.7,26,17.1,71,46.7
2024-25,D,30,10306,0,Orange,Orange County Department of Education,District Office,Yes,Yes,TA,155,54,34.8,1,1.9,0,0.0,0,0.0,0,0.0,0,0.0,0,0.0,0,0.0,0,0.0,1,0.6,27,17.4,73,47.1
2024-25,D,30,66431,0,Orange,Anaheim Union High,District Office,All,All,GF,2336,2235,95.7,1432,64.1,724,32.4,711,31.8,21,0.9,10,0.4,0,0.0,28,1.2,0,0.0,1,0.0,62,2.7,0,0.0
2024-25,D,30,66431,0,Orange,Anaheim Union High,District Office,All,All,GM,2436,2266,93.0,1126,49.7,453,20.0,575,25.4,31,1.4,11,0.5,0,0.0,53,2.2,1,0.0,3,0.1,102,4.2,0,0.0
2024-25,D,30,66431,0,Orange,Anaheim Union High,District Office,All,All,GX,*,*,*,*,*,*,*,*,*,*,*,*,*,*,*,*,*,*,*,*,*,*,*,*,*
2024-25,D,30,66431,0,Orange,Anaheim Union High,District Office,All,All,RA,671,642,95.7,548,85.4,330,51.4,450,70.1,0,0.0,11,1.6,0,0.0,10,1.5,1,0.1,0,0.0,7,1.0,0,0.0
2024-25,D,30,66431,0,Orange,Anaheim Union High,District Office,All,All,RB,85,82,96.5,42,51.2,8,9.8,16,19.5,2,2.4,0,0.0,0,0.0,2,2.4,0,0.0,0,0.0,1,1.2,0,0.0
2024-25,D,30,66431,0,Orange,Anaheim Union High,District Office,All,All,RD,23,18,78.3,8,44.4,3,16.7,3,16.7,0,0.0,0,0.0,0,0.0,1,4.3,0,0.0,0,0.0,4,17.4,0,0.0
2024-25,D,30,66431,0,Orange,Anaheim Union High,District Office,All,All,RF,209,197,94.3,151,76.6,57,28.9,124,62.9,0,0.0,0,0.0,0,0.0,8,3.8,0,0.0,0,0.0,4,1.9,0,0.0
2024-25,D,30,66431,0,Orange,Anaheim Union High,District Office,All,All,RH,3296,3102,94.1,1533,49.4,713,23.0,533,17.2,47,1.5,5,0.2,0,0.0,51,1.5,0,0.0,3,0.1,135,4.1,0,0.0
2024-25,D,30,66431,0,Orange,Anaheim Union High,District Office,All,All,RI,17,16,94.1,6,37.5,2,12.5,2,12.5,0,0.0,0,0.0,0,0.0,0,0.0,0,0.0,1,5.9,0,0.0,0,0.0
2024-25,D,30,66431,0,Orange,Anaheim Union High,District Office,All,All,RP,17,17,100.0,5,29.4,4,23.5,1,5.9,0,0.0,0,0.0,0,0.0,0,0.0,0,0.0,0,0.0,0,0.0,0,0.0
2024-25,D,30,66431,0,Orange,Anaheim Union High,District Office,All,All,RT,81,80,98.8,47,58.8,17,21.3,34,42.5,1,1.3,0,0.0,0,0.0,1,1.2,0,0.0,0,0.0,0,0.0,0,0.0
2024-25,D,30,66431,0,Orange,Anaheim Union High,District Office,All,All,RW,378,352,93.1,219,62.2,44,12.5,123,34.9,2,0.6,5,1.3,0,0.0,8,2.1,0,0.0,0,0.0,13,3.4,0,0.0
2024-25,D,30,66431,0,Orange,Anaheim Union High,District Office,All,All,SD,633,503,79.5,123,24.5,30,6.0,40,8.0,9,1.8,1,0.2,0,0.0,81,12.8,0,0.0,0,0.0,48,7.6,0,0.0
2024-25,D,30,66431,0,Orange,Anaheim Union High,District Office,All,All,SE,1218,1084,89.0,348,32.1,83,7.7,58,5.4,31,2.9,0,0.0,0,0.0,48,3.9,0,0.0,3,0.2,83,6.8,0,0.0
2024-25,D,30,66431,0,Orange,Anaheim Union High,District Office,All,All,SF,59,43,72.9,10,23.3,4,9.3,6,14.0,5,11.6,0,0.0,0,0.0,4,6.8,0,0.0,0,0.0,12,20.3,0,0.0
2024-25,D,30,66431,0,Orange,Anaheim Union High,District Office,All,All,SH,671,620,92.4,239,38.5,100,16.1,88,14.2,32,5.2,0,0.0,0,0.0,6,0.9,0,0.0,0,0.0,45,6.7,0,0.0
2024-25,D,30,66431,0,Orange,Anaheim Union High,District Office,All,All,SM,*,*,*,*,*,*,*,*,*,*,*,*,*,*,*,*,*,*,*,*,*,*,*,*,*
2024-25,D,30,66431,0,Orange,Anaheim Union High,District Office,All,All,SS,4296,4052,94.3,2187,54.0,1005,24.8,1003,24.8,52,1.3,13,0.3,0,0.0,76,1.8,0,0.0,4,0.1,151,3.5,0,0.0
2024-25,D,30,66431,0,Orange,Anaheim Union High,District Office,All,All,TA,4777,4506,94.3,2559,56.8,1178,26.1,1286,28.5,52,1.2,21,0.4,0,0.0,81,1.7,1,0.0,4,0.1,164,3.4,0,0.0
2024-25,D,30,66431,0,Orange,Anaheim Union High,District Office,All,No,GF,2194,2123,96.8,1430,67.4,721,34.0,711,33.5,18,0.8,10,0.5,0,0.0,18,0.8,0,0.0,1,0.0,42,1.9,0,0.0
2024-25,D,30,66431,0,Orange,Anaheim Union High,District Office,All,No,GM,2240,2127,95.0,1125,52.9,451,21.2,575,27.0,25,1.2,11,0.5,0,0.0,35,1.6,1,0.0,2,0.1,64,2.9,0,0.0
2024-25,D,30,66431,0,Orange,Anaheim Union High,District Office,All,No,GX,*,*,*,*,*,*,*,*,*,*,*,*,*,*,*,*,*,*,*,*,*,*,*,*,*
2024-25,D,30,66431,0,Orange,Anaheim Union High,District Office,All,No,RA,667,642,96.3,548,85.4,330,51.4,450,70.1,0,0.0,11,1.6,0,0.0,6,0.9,1,0.1,0,0.0,7,1.0,0,0.0
2024-25,D,30,66431,0,Orange,Anaheim Union High,District Office,All,No,RB,76,75,98.7,42,56.0,8,10.7,16,21.3,2,2.7,0,0.0,0,0.0,1,1.3,0,0.0,0,0.0,0,0.0,0,0.0
2024-25,D,30,66431,0,Orange,Anaheim Union High,District Office,All,No,RD,18,16,88.9,8,50.0,3,18.8,3,18.8,0,0.0,0,0.0,0,0.0,0,0.0,0,0.0,0,0.0,2,11.1,0,0.0
2024-25,D,30,66431,0,Orange,Anaheim Union High,District Office,All,No,RF,203,194,95.6,151,77.8,57,29.4,124,63.9,0,0.0,0,0.0,0,0.0,5,2.5,0,0.0,0,0.0,4,2.0,0,0.0
2024-25,D,30,66431,0,Orange,Anaheim Union High,District Office,All,No,RH,3013,2882,95.7,1530,53.1,707,24.5,533,18.5,39,1.4,5,0.2,0,0.0,39,1.3,0,0.0,2,0.1,85,2.8,0,0.0
2024-25,D,30,66431,0,Orange,Anaheim Union High,District Office,All,No,RI,14,13,92.9,6,46.2,2,15.4,2,15.4,0,0.0,0,0.0,0,0.0,0,0.0,0,0.0,1,7.1,0,0.0,0,0.0
2024-25,D,30,66431,0,Orange,Anaheim Union High,District Office,All,No,RP,16,16,100.0,5,31.3,4,25.0,1,6.3,0,0.0,0,0.0,0,0.0,0,0.0,0,0.0,0,0.0,0,0.0,0,0.0
2024-25,D,30,66431,0,Orange,Anaheim Union High,District Office,All,No,RT,77,77,100.0,47,61.0,17,22.1,34,44.2,1,1.3,0,0.0,0,0.0,0,0.0,0,0.0,0,0.0,0,0.0,0,0.0
2024-25,D,30,66431,0,Orange,Anaheim Union High,District Office,All,No,RW,353,338,95.8,219,64.8,44,13.0,123,36.4,1,0.3,5,1.4,0,0.0,2,0.6,0,0.0,0,0.0,8,2.3,0,0.0
2024-25,D,30,66431,0,Orange,Anaheim Union High,District Office,All,No,SD,514,432,84.0,123,28.5,28,6.5,40,9.3,3,0.7,1,0.2,0,0.0,53,10.3,0,0.0,0,0.0,28,5.4,0,0.0
2024-25,D,30,66431,0,Orange,Anaheim Union High,District Office,All,No,SE,1081,981,90.7,348,35.5,83,8.5,58,5.9,27,2.8,0,0.0,0,0.0,38,3.5,0,0.0,2,0.2,60,5.6,0,0.0
2024-25,D,30,66431,0,Orange,Anaheim Union High,District Office,All,No,SF,51,37,72.5,10,27.0,4,10.8,6,16.2,3,8.1,0,0.0,0,0.0,4,7.8,0,0.0,0,0.0,10,19.6,0,0.0
2024-25,D,30,66431,0,Orange,Anaheim Union High,District Office,All,No,SH,588,559,95.1,239,42.8,100,17.9,88,15.7,29,5.2,0,0.0,0,0.0,4,0.7,0,0.0,0,0.0,25,4.3,0,0.0
2024-25,D,30,66431,0,Orange,Anaheim Union High,District Office,All,No,SM,*,*,*,*,*,*,*,*,*,*,*,*,*,*,*,*,*,*,*,*,*,*,*,*,*
2024-25,D,30,66431,0,Orange,Anaheim Union High,District Office,All,No,SS,3964,3803,95.9,2184,57.4,999,26.3,1003,26.4,43,1.1,13,0.3,0,0.0,51,1.3,0,0.0,3,0.1,94,2.4,0,0.0
2024-25,D,30,66431,0,Orange,Anaheim Union High,District Office,All,No,TA,4437,4253,95.9,2556,60.1,1172,27.6,1286,30.2,43,1.0,21,0.5,0,0.0,53,1.2,1,0.0,3,0.1,106,2.4,0,0.0
2024-25,D,30,66431,0,Orange,Anaheim Union High,District Office,All,Yes,GF,142,112,78.9,2,1.8,3,2.7,0,0.0,3,2.7,0,0.0,0,0.0,10,7.0,0,0.0,0,0.0,20,14.1,0,0.0
2024-25,D,30,66431,0,Orange,Anaheim Union High,District Office,All,Yes,GM,196,139,70.9,1,0.7,2,1.4,0,0.0,6,4.3,0,0.0,0,0.0,18,9.2,0,0.0,1,0.5,38,19.4,0,0.0
2024-25,D,30,66431,0,Orange,Anaheim Union High,District Office,All,Yes,GX,*,*,*,*,*,*,*,*,*,*,*,*,*,*,*,*,*,*,*,*,*,*,*,*,*
2024-25,D,30,66431,0,Orange,Anaheim Union High,District Office,All,Yes,RA,*,*,*,*,*,*,*,*,*,*,*,*,*,*,*,*,*,*,*,*,*,*,*,*,*
2024-25,D,30,66431,0,Orange,Anaheim Union High,District Office,All,Yes,RB,*,*,*,*,*,*,*,*,*,*,*,*,*,*,*,*,*,*,*,*,*,*,*,*,*
2024-25,D,30,66431,0,Orange,Anaheim Union High,District Office,All,Yes,RD,*,*,*,*,*,*,*,*,*,*,*,*,*,*,*,*,*,*,*,*,*,*,*,*,*
2024-25,D,30,66431,0,Orange,Anaheim Union High,District Office,All,Yes,RF,*,*,*,*,*,*,*,*,*,*,*,*,*,*,*,*,*,*,*,*,*,*,*,*,*
2024-25,D,30,66431,0,Orange,Anaheim Union High,District Office,All,Yes,RH,283,220,77.7,3,1.4,6,2.7,0,0.0,8,3.6,0,0.0,0,0.0,12,4.2,0,0.0,1,0.4,50,17.7,0,0.0
2024-25,D,30,66431,0,Orange,Anaheim Union High,District Office,All,Yes,RI,*,*,*,*,*,*,*,*,*,*,*,*,*,*,*,*,*,*,*,*,*,*,*,*,*
2024-25,D,30,66431,0,Orange,Anaheim Union High,District Office,All,Yes,RP,*,*,*,*,*,*,*,*,*,*,*,*,*,*,*,*,*,*,*,*,*,*,*,*,*
2024-25,D,30,66431,0,Orange,Anaheim Union High,District Office,All,Yes,RT,*,*,*,*,*,*,*,*,*,*,*,*,*,*,*,*,*,*,*,*,*,*,*,*,*
2024-25,D,30,66431,0,Orange,Anaheim Union High,District Office,All,Yes,RW,25,14,56.0,0,0.0,0,0.0,0,0.0,1,7.1,0,0.0,0,0.0,6,24.0,0,0.0,0,0.0,5,20.0,0,0.0
2024-25,D,30,66431,0,Orange,Anaheim Union High,District Office,All,Yes,SD,119,71,59.7,0,0.0,2,2.8,0,0.0,6,8.5,0,0.0,0,0.0,28,23.5,0,0.0,0,0.0,20,16.8,0,0.0
2024-25,D,30,66431,0,Orange,Anaheim Union High,District Office,All,Yes,SE,137,103,75.2,0,0.0,0,0.0,0,0.0,4,3.9,0,0.0,0,0.0,10,7.3,0,0.0,1,0.7,23,16.8,0,0.0
2024-25,D,30,66431,0,Orange,Anaheim Union High,District Office,All,Yes,SF,*,*,*,*,*,*,*,*,*,*,*,*,*,*,*,*,*,*,*,*,*,*,*,*,*
2024-25,D,30,66431,0,Orange,Anaheim Union High,District Office,All,Yes,SH,83,61,73.5,0,0.0,0,0.0,0,0.0,3,4.9,0,0.0,0,0.0,2,2.4,0,0.0,0,0.0,20,24.1,0,0.0
2024-25,D,30,66431,0,Orange,Anaheim Union High,District Office,All,Yes,SM,*,*,*,*,*,*,*,*,*,*,*,*,*,*,*,*,*,*,*,*,*,*,*,*,*
2024-25,D,30,66431,0,Orange,Anaheim Union High,District Office,All,Yes,SS,332,249,75.0,3,1.2,6,2.4,0,0.0,9,3.6,0,0.0,0,0.0,25,7.5,0,0.0,1,0.3,57,17.2,0,0.0
2024-25,D,30,66431,0,Orange,Anaheim Union High,District Office,All,Yes,TA,340,253,74.4,3,1.2,6,2.4,0,0.0,9,3.6,0,0.0,0,0.0,28,8.2,0,0.0,1,0.3,58,17.1,0,0.0
2024-25,D,30,66431,0,Orange,Anaheim Union High,District Office,No,All,GF,2336,2235,95.7,1432,64.1,724,32.4,711,31.8,21,0.9,10,0.4,0,0.0,28,1.2,0,0.0,1,0.0,62,2.7,0,0.0
2024-25,D,30,66431,0,Orange,Anaheim Union High,District Office,No,All,GM,2436,2266,93.0,1126,49.7,453,20.0,575,25.4,31,1.4,11,0.5,0,0.0,53,2.2,1,0.0,3,0.1,102,4.2,0,0.0
2024-25,D,30,66431,0,Orange,Anaheim Union High,District Office,No,All,GX,*,*,*,*,*,*,*,*,*,*,*,*,*,*,*,*,*,*,*,*,*,*,*,*,*
2024-25,D,30,66431,0,Orange,Anaheim Union High,District Office,No,All,RA,671,642,95.7,548,85.4,330,51.4,450,70.1,0,0.0,11,1.6,0,0.0,10,1.5,1,0.1,0,0.0,7,1.0,0,0.0
2024-25,D,30,66431,0,Orange,Anaheim Union High,District Office,No,All,RB,85,82,96.5,42,51.2,8,9.8,16,19.5,2,2.4,0,0.0,0,0.0,2,2.4,0,0.0,0,0.0,1,1.2,0,0.0
2024-25,D,30,66431,0,Orange,Anaheim Union High,District Office,No,All,RD,23,18,78.3,8,44.4,3,16.7,3,16.7,0,0.0,0,0.0,0,0.0,1,4.3,0,0.0,0,0.0,4,17.4,0,0.0
2024-25,D,30,66431,0,Orange,Anaheim Union High,District Office,No,All,RF,209,197,94.3,151,76.6,57,28.9,124,62.9,0,0.0,0,0.0,0,0.0,8,3.8,0,0.0,0,0.0,4,1.9,0,0.0
2024-25,D,30,66431,0,Orange,Anaheim Union High,District Office,No,All,RH,3296,3102,94.1,1533,49.4,713,23.0,533,17.2,47,1.5,5,0.2,0,0.0,51,1.5,0,0.0,3,0.1,135,4.1,0,0.0
2024-25,D,30,66431,0,Orange,Anaheim Union High,District Office,No,All,RI,17,16,94.1,6,37.5,2,12.5,2,12.5,0,0.0,0,0.0,0,0.0,0,0.0,0,0.0,1,5.9,0,0.0,0,0.0
2024-25,D,30,66431,0,Orange,Anaheim Union High,District Office,No,All,RP,17,17,100.0,5,29.4,4,23.5,1,5.9,0,0.0,0,0.0,0,0.0,0,0.0,0,0.0,0,0.0,0,0.0,0,0.0
2024-25,D,30,66431,0,Orange,Anaheim Union High,District Office,No,All,RT,81,80,98.8,47,58.8,17,21.3,34,42.5,1,1.3,0,0.0,0,0.0,1,1.2,0,0.0,0,0.0,0,0.0,0,0.0
2024-25,D,30,66431,0,Orange,Anaheim Union High,District Office,No,All,RW,378,352,93.1,219,62.2,44,12.5,123,34.9,2,0.6,5,1.3,0,0.0,8,2.1,0,0.0,0,0.0,13,3.4,0,0.0
2024-25,D,30,66431,0,Orange,Anaheim Union High,District Office,No,All,SD,633,503,79.5,123,24.5,30,6.0,40,8.0,9,1.8,1,0.2,0,0.0,81,12.8,0,0.0,0,0.0,48,7.6,0,0.0
2024-25,D,30,66431,0,Orange,Anaheim Union High,District Office,No,All,SE,1218,1084,89.0,348,32.1,83,7.7,58,5.4,31,2.9,0,0.0,0,0.0,48,3.9,0,0.0,3,0.2,83,6.8,0,0.0
2024-25,D,30,66431,0,Orange,Anaheim Union High,District Office,No,All,SF,59,43,72.9,10,23.3,4,9.3,6,14.0,5,11.6,0,0.0,0,0.0,4,6.8,0,0.0,0,0.0,12,20.3,0,0.0
2024-25,D,30,66431,0,Orange,Anaheim Union High,District Office,No,All,SH,671,620,92.4,239,38.5,100,16.1,88,14.2,32,5.2,0,0.0,0,0.0,6,0.9,0,0.0,0,0.0,45,6.7,0,0.0
2024-25,D,30,66431,0,Orange,Anaheim Union High,District Office,No,All,SM,*,*,*,*,*,*,*,*,*,*,*,*,*,*,*,*,*,*,*,*,*,*,*,*,*
2024-25,D,30,66431,0,Orange,Anaheim Union High,District Office,No,All,SS,4296,4052,94.3,2187,54.0,1005,24.8,1003,24.8,52,1.3,13,0.3,0,0.0,76,1.8,0,0.0,4,0.1,151,3.5,0,0.0
2024-25,D,30,66431,0,Orange,Anaheim Union High,District Office,No,All,TA,4777,4506,94.3,2559,56.8,1178,26.1,1286,28.5,52,1.2,21,0.4,0,0.0,81,1.7,1,0.0,4,0.1,164,3.4,0,0.0
2024-25,D,30,66431,0,Orange,Anaheim Union High,District Office,No,No,GF,2194,2123,96.8,1430,67.4,721,34.0,711,33.5,18,0.8,10,0.5,0,0.0,18,0.8,0,0.0,1,0.0,42,1.9,0,0.0
2024-25,D,30,66431,0,Orange,Anaheim Union High,District Office,No,No,GM,2240,2127,95.0,1125,52.9,451,21.2,575,27.0,25,1.2,11,0.5,0,0.0,35,1.6,1,0.0,2,0.1,64,2.9,0,0.0
2024-25,D,30,66431,0,Orange,Anaheim Union High,District Office,No,No,GX,*,*,*,*,*,*,*,*,*,*,*,*,*,*,*,*,*,*,*,*,*,*,*,*,*
2024-25,D,30,66431,0,Orange,Anaheim Union High,District Office,No,No,RA,667,642,96.3,548,85.4,330,51.4,450,70.1,0,0.0,11,1.6,0,0.0,6,0.9,1,0.1,0,0.0,7,1.0,0,0.0
2024-25,D,30,66431,0,Orange,Anaheim Union High,District Office,No,No,RB,76,75,98.7,42,56.0,8,10.7,16,21.3,2,2.7,0,0.0,0,0.0,1,1.3,0,0.0,0,0.0,0,0.0,0,0.0
2024-25,D,30,66431,0,Orange,Anaheim Union High,District Office,No,No,RD,18,16,88.9,8,50.0,3,18.8,3,18.8,0,0.0,0,0.0,0,0.0,0,0.0,0,0.0,0,0.0,2,11.1,0,0.0
2024-25,D,30,66431,0,Orange,Anaheim Union High,District Office,No,No,RF,203,194,95.6,151,77.8,57,29.4,124,63.9,0,0.0,0,0.0,0,0.0,5,2.5,0,0.0,0,0.0,4,2.0,0,0.0
2024-25,D,30,66431,0,Orange,Anaheim Union High,District Office,No,No,RH,3013,2882,95.7,1530,53.1,707,24.5,533,18.5,39,1.4,5,0.2,0,0.0,39,1.3,0,0.0,2,0.1,85,2.8,0,0.0
2024-25,D,30,66431,0,Orange,Anaheim Union High,District Office,No,No,RI,14,13,92.9,6,46.2,2,15.4,2,15.4,0,0.0,0,0.0,0,0.0,0,0.0,0,0.0,1,7.1,0,0.0,0,0.0
2024-25,D,30,66431,0,Orange,Anaheim Union High,District Office,No,No,RP,16,16,100.0,5,31.3,4,25.0,1,6.3,0,0.0,0,0.0,0,0.0,0,0.0,0,0.0,0,0.0,0,0.0,0,0.0
2024-25,D,30,66431,0,Orange,Anaheim Union High,District Office,No,No,RT,77,77,100.0,47,61.0,17,22.1,34,44.2,1,1.3,0,0.0,0,0.0,0,0.0,0,0.0,0,0.0,0,0.0,0,0.0
2024-25,D,30,66431,0,Orange,Anaheim Union High,District Office,No,No,RW,353,338,95.8,219,64.8,44,13.0,123,36.4,1,0.3,5,1.4,0,0.0,2,0.6,0,0.0,0,0.0,8,2.3,0,0.0
2024-25,D,30,66431,0,Orange,Anaheim Union High,District Office,No,No,SD,514,432,84.0,123,28.5,28,6.5,40,9.3,3,0.7,1,0.2,0,0.0,53,10.3,0,0.0,0,0.0,28,5.4,0,0.0
2024-25,D,30,66431,0,Orange,Anaheim Union High,District Office,No,No,SE,1081,981,90.7,348,35.5,83,8.5,58,5.9,27,2.8,0,0.0,0,0.0,38,3.5,0,0.0,2,0.2,60,5.6,0,0.0
2024-25,D,30,66431,0,Orange,Anaheim Union High,District Office,No,No,SF,51,37,72.5,10,27.0,4,10.8,6,16.2,3,8.1,0,0.0,0,0.0,4,7.8,0,0.0,0,0.0,10,19.6,0,0.0
2024-25,D,30,66431,0,Orange,Anaheim Union High,District Office,No,No,SH,588,559,95.1,239,42.8,100,17.9,88,15.7,29,5.2,0,0.0,0,0.0,4,0.7,0,0.0,0,0.0,25,4.3,0,0.0
2024-25,D,30,66431,0,Orange,Anaheim Union High,District Office,No,No,SM,*,*,*,*,*,*,*,*,*,*,*,*,*,*,*,*,*,*,*,*,*,*,*,*,*
2024-25,D,30,66431,0,Orange,Anaheim Union High,District Office,No,No,SS,3964,3803,95.9,2184,57.4,999,26.3,1003,26.4,43,1.1,13,0.3,0,0.0,51,1.3,0,0.0,3,0.1,94,2.4,0,0.0
2024-25,D,30,66431,0,Orange,Anaheim Union High,District Office,No,No,TA,4437,4253,95.9,2556,60.1,1172,27.6,1286,30.2,43,1.0,21,0.5,0,0.0,53,1.2,1,0.0,3,0.1,106,2.4,0,0.0
2024-25,D,30,66431,0,Orange,Anaheim Union High,District Office,No,Yes,GF,142,112,78.9,2,1.8,3,2.7,0,0.0,3,2.7,0,0.0,0,0.0,10,7.0,0,0.0,0,0.0,20,14.1,0,0.0
2024-25,D,30,66431,0,Orange,Anaheim Union High,District Office,No,Yes,GM,196,139,70.9,1,0.7,2,1.4,0,0.0,6,4.3,0,0.0,0,0.0,18,9.2,0,0.0,1,0.5,38,19.4,0,0.0
2024-25,D,30,66431,0,Orange,Anaheim Union High,District Office,No,Yes,GX,*,*,*,*,*,*,*,*,*,*,*,*,*,*,*,*,*,*,*,*,*,*,*,*,*
2024-25,D,30,66431,0,Orange,Anaheim Union High,District Office,No,Yes,RA,*,*,*,*,*,*,*,*,*,*,*,*,*,*,*,*,*,*,*,*,*,*,*,*,*
2024-25,D,30,66431,0,Orange,Anaheim Union High,District Office,No,Yes,RB,*,*,*,*,*,*,*,*,*,*,*,*,*,*,*,*,*,*,*,*,*,*,*,*,*
2024-25,D,30,66431,0,Orange,Anaheim Union High,District Office,No,Yes,RD,*,*,*,*,*,*,*,*,*,*,*,*,*,*,*,*,*,*,*,*,*,*,*,*,*
2024-25,D,30,66431,0,Orange,Anaheim Union High,District Office,No,Yes,RF,*,*,*,*,*,*,*,*,*,*,*,*,*,*,*,*,*,*,*,*,*,*,*,*,*
2024-25,D,30,66431,0,Orange,Anaheim Union High,District Office,No,Yes,RH,283,220,77.7,3,1.4,6,2.7,0,0.0,8,3.6,0,0.0,0,0.0,12,4.2,0,0.0,1,0.4,50,17.7,0,0.0
2024-25,D,30,66431,0,Orange,Anaheim Union High,District Office,No,Yes,RI,*,*,*,*,*,*,*,*,*,*,*,*,*,*,*,*,*,*,*,*,*,*,*,*,*
2024-25,D,30,66431,0,Orange,Anaheim Union High,District Office,No,Yes,RP,*,*,*,*,*,*,*,*,*,*,*,*,*,*,*,*,*,*,*,*,*,*,*,*,*
2024-25,D,30,66431,0,Orange,Anaheim Union High,District Office,No,Yes,RT,*,*,*,*,*,*,*,*,*,*,*,*,*,*,*,*,*,*,*,*,*,*,*,*,*
2024-25,D,30,66431,0,Orange,Anaheim Union High,District Office,No,Yes,RW,25,14,56.0,0,0.0,0,0.0,0,0.0,1,7.1,0,0.0,0,0.0,6,24.0,0,0.0,0,0.0,5,20.0,0,0.0
2024-25,D,30,66431,0,Orange,Anaheim Union High,District Office,No,Yes,SD,119,71,59.7,0,0.0,2,2.8,0,0.0,6,8.5,0,0.0,0,0.0,28,23.5,0,0.0,0,0.0,20,16.8,0,0.0
2024-25,D,30,66431,0,Orange,Anaheim Union High,District Office,No,Yes,SE,137,103,75.2,0,0.0,0,0.0,0,0.0,4,3.9,0,0.0,0,0.0,10,7.3,0,0.0,1,0.7,23,16.8,0,0.0
2024-25,D,30,66431,0,Orange,Anaheim Union High,District Office,No,Yes,SF,*,*,*,*,*,*,*,*,*,*,*,*,*,*,*,*,*,*,*,*,*,*,*,*,*
2024-25,D,30,66431,0,Orange,Anaheim Union High,District Office,No,Yes,SH,83,61,73.5,0,0.0,0,0.0,0,0.0,3,4.9,0,0.0,0,0.0,2,2.4,0,0.0,0,0.0,20,24.1,0,0.0
2024-25,D,30,66431,0,Orange,Anaheim Union High,District Office,No,Yes,SM,*,*,*,*,*,*,*,*,*,*,*,*,*,*,*,*,*,*,*,*,*,*,*,*,*
2024-25,D,30,66431,0,Orange,Anaheim Union High,District Office,No,Yes,SS,332,249,75.0,3,1.2,6,2.4,0,0.0,9,3.6,0,0.0,0,0.0,25,7.5,0,0.0,1,0.3,57,17.2,0,0.0
2024-25,D,30,66431,0,Orange,Anaheim Union High,District Office,No,Yes,TA,340,253,74.4,3,1.2,6,2.4,0,0.0,9,3.6,0,0.0,0,0.0,28,8.2,0,0.0,1,0.3,58,17.1,0,0.0
2024-25,D,30,66449,0,Orange,Brea-Olinda Unified,District Office,All,All,GF,211,200,94.8,126,63.0,48,24.0,98,49.0,1,0.5,0,0.0,0,0.0,3,1.4,0,0.0,0,0.0,8,3.8,0,0.0
2024-25,D,30,66449,0,Orange,Brea-Olinda Unified,District Office,All,All,GM,258,240,93.0,134,55.8,46,19.2,98,40.8,0,0.0,0,0.0,0,0.0,4,1.6,0,0.0,1,0.4,13,5.0,0,0.0
2024-25,D,30,66449,0,Orange,Brea-Olinda Unified,District Office,All,All,RA,131,125,95.4,100,80.0,61,48.8,87,69.6,0,0.0,0,0.0,0,0.0,0,0.0,0,0.0,0,0.0,6,4.6,0,0.0
2024-25,D,30,66449,0,Orange,Brea-Olinda Unified,District Office,All,All,RB,*,*,*,*,*,*,*,*,*,*,*,*,*,*,*,*,*,*,*,*,*,*,*,*,*
2024-25,D,30,66449,0,Orange,Brea-Olinda Unified,District Office,All,All,RD,*,*,*,*,*,*,*,*,*,*,*,*,*,*,*,*,*,*,*,*,*,*,*,*,*
2024-25,D,30,66449,0,Orange,Brea-Olinda Unified,District Office,All,All,RF,18,18,100.0,15,83.3,0,0.0,10,55.6,0,0.0,0,0.0,0,0.0,0,0.0,0,0.0,0,0.0,0,0.0,0,0.0
2024-25,D,30,66449,0,Orange,Brea-Olinda Unified,District Office,All,All,RH,174,162,93.1,73,45.1,21,13.0,41,25.3,0,0.0,0,0.0,0,0.0,5,2.9,0,0.0,0,0.0,7,4.0,0,0.0
2024-25,D,30,66449,0,Orange,Brea-Olinda Unified,District Office,All,All,RI,*,*,*,*,*,*,*,*,*,*,*,*,*,*,*,*,*,*,*,*,*,*,*,*,*
2024-25,D,30,66449,0,Orange,Brea-Olinda Unified,District Office,All,All,RP,*,*,*,*,*,*,*,*,*,*,*,*,*,*,*,*,*,*,*,*,*,*,*,*,*
2024-25,D,30,66449,0,Orange,Brea-Olinda Unified,District Office,All,All,RT,22,21,95.5,10,47.6,5,23.8,11,52.4,0,0.0,0,0.0,0,0.0,0,0.0,0,0.0,0,0.0,1,4.5,0,0.0
2024-25,D,30,66449,0,Orange,Brea-Olinda Unified,District Office,All,All,RW,114,106,93.0,58,54.7,6,5.7,45,42.5,1,0.9,0,0.0,0,0.0,2,1.8,0,0.0,1,0.9,5,4.4,0,0.0
2024-25,D,30,66449,0,Orange,Brea-Olinda Unified,District Office,All,All,SD,61,50,82.0,11,22.0,1,2.0,7,14.0,0,0.0,0,0.0,0,0.0,7,11.5,0,0.0,1,1.6,3,4.9,0,0.0
2024-25,D,30,66449,0,Orange,Brea-Olinda Unified,District Office,All,All,SE,23,20,87.0,5,25.0,3,15.0,1,5.0,0,0.0,0,0.0,0,0.0,0,0.0,0,0.0,0,0.0,3,13.0,0,0.0
2024-25,D,30,66449,0,Orange,Brea-Olinda Unified,District Office,All,All,SF,*,*,*,*,*,*,*,*,*,*,*,*,*,*,*,*,*,*,*,*,*,*,*,*,*
2024-25,D,30,66449,0,Orange,Brea-Olinda Unified,District Office,All,All,SH,18,15,83.3,5,33.3,1,6.7,5,33.3,0,0.0,0,0.0,0,0.0,1,5.6,0,0.0,0,0.0,2,11.1,0,0.0
2024-25,D,30,66449,0,Orange,Brea-Olinda Unified,District Office,All,All,SS,267,249,93.3,126,50.6,45,18.1,88,35.3,0,0.0,0,0.0,0,0.0,5,1.9,0,0.0,1,0.4,12,4.5,0,0.0
2024-25,D,30,66449,0,Orange,Brea-Olinda Unified,District Office,All,All,TA,469,440,93.8,260,59.1,94,21.4,196,44.5,1,0.2,0,0.0,0,0.0,7,1.5,0,0.0,1,0.2,21,4.5,0,0.0
2024-25,D,30,66449,0,Orange,Brea-Olinda Unified,District Office,All,No,GF,204,194,95.1,126,64.9,48,24.7,98,50.5,1,0.5,0,0.0,0,0.0,3,1.5,0,0.0,0,0.0,7,3.4,0,0.0
2024-25,D,30,66449,0,Orange,Brea-Olinda Unified,District Office,All,No,GM,246,230,93.5,134,58.3,46,20.0,98,42.6,0,0.0,0,0.0,0,0.0,4,1.6,0,0.0,0,0.0,12,4.9,0,0.0
2024-25,D,30,66449,0,Orange,Brea-Olinda Unified,District Office,All,No,RA,131,125,95.4,100,80.0,61,48.8,87,69.6,0,0.0,0,0.0,0,0.0,0,0.0,0,0.0,0,0.0,6,4.6,0,0.0
2024-25,D,30,66449,0,Orange,Brea-Olinda Unified,District Office,All,No,RB,*,*,*,*,*,*,*,*,*,*,*,*,*,*,*,*,*,*,*,*,*,*,*,*,*
2024-25,D,30,66449,0,Orange,Brea-Olinda Unified,District Office,All,No,RD,*,*,*,*,*,*,*,*,*,*,*,*,*,*,*,*,*,*,*,*,*,*,*,*,*
2024-25,D,30,66449,0,Orange,Brea-Olinda Unified,District Office,All,No,RF,18,18,100.0,15,83.3,0,0.0,10,55.6,0,0.0,0,0.0,0,0.0,0,0.0,0,0.0,0,0.0,0,0.0,0,0.0
2024-25,D,30,66449,0,Orange,Brea-Olinda Unified,District Office,All,No,RH,167,155,92.8,73,47.1,21,13.5,41,26.5,0,0.0,0,0.0,0,0.0,5,3.0,0,0.0,0,0.0,7,4.2,0,0.0
2024-25,D,30,66449,0,Orange,Brea-Olinda Unified,District Office,All,No,RI,*,*,*,*,*,*,*,*,*,*,*,*,*,*,*,*,*,*,*,*,*,*,*,*,*
2024-25,D,30,66449,0,Orange,Brea-Olinda Unified,District Office,All,No,RP,*,*,*,*,*,*,*,*,*,*,*,*,*,*,*,*,*,*,*,*,*,*,*,*,*
2024-25,D,30,66449,0,Orange,Brea-Olinda Unified,District Office,All,No,RT,20,20,100.0,10,50.0,5,25.0,11,55.0,0,0.0,0,0.0,0,0.0,0,0.0,0,0.0,0,0.0,0,0.0,0,0.0
2024-25,D,30,66449,0,Orange,Brea-Olinda Unified,District Office,All,No,RW,107,100,93.5,58,58.0,6,6.0,45,45.0,1,1.0,0,0.0,0,0.0,2,1.9,0,0.0,0,0.0,5,4.7,0,0.0
2024-25,D,30,66449,0,Orange,Brea-Olinda Unified,District Office,All,No,SD,56,47,83.9,11,23.4,1,2.1,7,14.9,0,0.0,0,0.0,0,0.0,7,12.5,0,0.0,0,0.0,2,3.6,0,0.0
2024-25,D,30,66449,0,Orange,Brea-Olinda Unified,District Office,All,No,SE,22,19,86.4,5,26.3,3,15.8,1,5.3,0,0.0,0,0.0,0,0.0,0,0.0,0,0.0,0,0.0,3,13.6,0,0.0
2024-25,D,30,66449,0,Orange,Brea-Olinda Unified,District Office,All,No,SF,*,*,*,*,*,*,*,*,*,*,*,*,*,*,*,*,*,*,*,*,*,*,*,*,*
2024-25,D,30,66449,0,Orange,Brea-Olinda Unified,District Office,All,No,SH,15,12,80.0,5,41.7,1,8.3,5,41.7,0,0.0,0,0.0,0,0.0,1,6.7,0,0.0,0,0.0,2,13.3,0,0.0
2024-25,D,30,66449,0,Orange,Brea-Olinda Unified,District Office,All,No,SS,252,236,93.7,126,53.4,45,19.1,88,37.3,0,0.0,0,0.0,0,0.0,5,2.0,0,0.0,0,0.0,11,4.4,0,0.0
2024-25,D,30,66449,0,Orange,Brea-Olinda Unified,District Office,All,No,TA,450,424,94.2,260,61.3,94,22.2,196,46.2,1,0.2,0,0.0,0,0.0,7,1.6,0,0.0,0,0.0,19,4.2,0,0.0
2024-25,D,30,66449,0,Orange,Brea-Olinda Unified,District Office,All,Yes,GF,*,*,*,*,*,*,*,*,*,*,*,*,*,*,*,*,*,*,*,*,*,*,*,*,*
2024-25,D,30,66449,0,Orange,Brea-Olinda Unified,District Office,All,Yes,GM,12,10,83.3,0,0.0,0,0.0,0,0.0,0,0.0,0,0.0,0,0.0,0,0.0,0,0.0,1,8.3,1,8.3,0,0.0
2024-25,D,30,66449,0,Orange,Brea-Olinda Unified,District Office,All,Yes,RA,*,*,*,*,*,*,*,*,*,*,*,*,*,*,*,*,*,*,*,*,*,*,*,*,*
2024-25,D,30,66449,0,Orange,Brea-Olinda Unified,District Office,All,Yes,RB,*,*,*,*,*,*,*,*,*,*,*,*,*,*,*,*,*,*,*,*,*,*,*,*,*
2024-25,D,30,66449,0,Orange,Brea-Olinda Unified,District Office,All,Yes,RD,*,*,*,*,*,*,*,*,*,*,*,*,*,*,*,*,*,*,*,*,*,*,*,*,*
2024-25,D,30,66449,0,Orange,Brea-Olinda Unified,District Office,All,Yes,RF,*,*,*,*,*,*,*,*,*,*,*,*,*,*,*,*,*,*,*,*,*,*,*,*,*
2024-25,D,30,66449,0,Orange,Brea-Olinda Unified,District Office,All,Yes,RH,*,*,*,*,*,*,*,*,*,*,*,*,*,*,*,*,*,*,*,*,*,*,*,*,*
2024-25,D,30,66449,0,Orange,Brea-Olinda Unified,District Office,All,Yes,RI,*,*,*,*,*,*,*,*,*,*,*,*,*,*,*,*,*,*,*,*,*,*,*,*,*
2024-25,D,30,66449,0,Orange,Brea-Olinda Unified,District Office,All,Yes,RP,*,*,*,*,*,*,*,*,*,*,*,*,*,*,*,*,*,*,*,*,*,*,*,*,*
2024-25,D,30,66449,0,Orange,Brea-Olinda Unified,District Office,All,Yes,RT,*,*,*,*,*,*,*,*,*,*,*,*,*,*,*,*,*,*,*,*,*,*,*,*,*
2024-25,D,30,66449,0,Orange,Brea-Olinda Unified,District Office,All,Yes,RW,*,*,*,*,*,*,*,*,*,*,*,*,*,*,*,*,*,*,*,*,*,*,*,*,*
2024-25,D,30,66449,0,Orange,Brea-Olinda Unified,District Office,All,Yes,SD,*,*,*,*,*,*,*,*,*,*,*,*,*,*,*,*,*,*,*,*,*,*,*,*,*
2024-25,D,30,66449,0,Orange,Brea-Olinda Unified,District Office,All,Yes,SE,*,*,*,*,*,*,*,*,*,*,*,*,*,*,*,*,*,*,*,*,*,*,*,*,*
2024-25,D,30,66449,0,Orange,Brea-Olinda Unified,District Office,All,Yes,SH,*,*,*,*,*,*,*,*,*,*,*,*,*,*,*,*,*,*,*,*,*,*,*,*,*
2024-25,D,30,66449,0,Orange,Brea-Olinda Unified,District Office,All,Yes,SS,15,13,86.7,0,0.0,0,0.0,0,0.0,0,0.0,0,0.0,0,0.0,0,0.0,0,0.0,1,6.7,1,6.7,0,0.0
2024-25,D,30,66449,0,Orange,Brea-Olinda Unified,District Office,All,Yes,TA,19,16,84.2,0,0.0,0,0.0,0,0.0,0,0.0,0,0.0,0,0.0,0,0.0,0,0.0,1,5.3,2,10.5,0,0.0
2024-25,D,30,66449,0,Orange,Brea-Olinda Unified,District Office,No,All,GF,211,200,94.8,126,63.0,48,24.0,98,49.0,1,0.5,0,0.0,0,0.0,3,1.4,0,0.0,0,0.0,8,3.8,0,0.0
2024-25,D,30,66449,0,Orange,Brea-Olinda Unified,District Office,No,All,GM,258,240,93.0,134,55.8,46,19.2,98,40.8,0,0.0,0,0.0,0,0.0,4,1.6,0,0.0,1,0.4,13,5.0,0,0.0
2024-25,D,30,66449,0,Orange,Brea-Olinda Unified,District Office,No,All,RA,131,125,95.4,100,80.0,61,48.8,87,69.6,0,0.0,0,0.0,0,0.0,0,0.0,0,0.0,0,0.0,6,4.6,0,0.0
2024-25,D,30,66449,0,Orange,Brea-Olinda Unified,District Office,No,All,RB,*,*,*,*,*,*,*,*,*,*,*,*,*,*,*,*,*,*,*,*,*,*,*,*,*
2024-25,D,30,66449,0,Orange,Brea-Olinda Unified,District Office,No,All,RD,*,*,*,*,*,*,*,*,*,*,*,*,*,*,*,*,*,*,*,*,*,*,*,*,*
2024-25,D,30,66449,0,Orange,Brea-Olinda Unified,District Office,No,All,RF,18,18,100.0,15,83.3,0,0.0,10,55.6,0,0.0,0,0.0,0,0.0,0,0.0,0,0.0,0,0.0,0,0.0,0,0.0
2024-25,D,30,66449,0,Orange,Brea-Olinda Unified,District Office,No,All,RH,174,162,93.1,73,45.1,21,13.0,41,25.3,0,0.0,0,0.0,0,0.0,5,2.9,0,0.0,0,0.0,7,4.0,0,0.0
2024-25,D,30,66449,0,Orange,Brea-Olinda Unified,District Office,No,All,RI,*,*,*,*,*,*,*,*,*,*,*,*,*,*,*,*,*,*,*,*,*,*,*,*,*
2024-25,D,30,66449,0,Orange,Brea-Olinda Unified,District Office,No,All,RP,*,*,*,*,*,*,*,*,*,*,*,*,*,*,*,*,*,*,*,*,*,*,*,*,*
2024-25,D,30,66449,0,Orange,Brea-Olinda Unified,District Office,No,All,RT,22,21,95.5,10,47.6,5,23.8,11,52.4,0,0.0,0,0.0,0,0.0,0,0.0,0,0.0,0,0.0,1,4.5,0,0.0
2024-25,D,30,66449,0,Orange,Brea-Olinda Unified,District Office,No,All,RW,114,106,93.0,58,54.7,6,5.7,45,42.5,1,0.9,0,0.0,0,0.0,2,1.8,0,0.0,1,0.9,5,4.4,0,0.0
2024-25,D,30,66449,0,Orange,Brea-Olinda Unified,District Office,No,All,SD,61,50,82.0,11,22.0,1,2.0,7,14.0,0,0.0,0,0.0,0,0.0,7,11.5,0,0.0,1,1.6,3,4.9,0,0.0
2024-25,D,30,66449,0,Orange,Brea-Olinda Unified,District Office,No,All,SE,23,20,87.0,5,25.0,3,15.0,1,5.0,0,0.0,0,0.0,0,0.0,0,0.0,0,0.0,0,0.0,3,13.0,0,0.0
2024-25,D,30,66449,0,Orange,Brea-Olinda Unified,District Office,No,All,SF,*,*,*,*,*,*,*,*,*,*,*,*,*,*,*,*,*,*,*,*,*,*,*,*,*
2024-25,D,30,66449,0,Orange,Brea-Olinda Unified,District Office,No,All,SH,18,15,83.3,5,33.3,1,6.7,5,33.3,0,0.0,0,0.0,0,0.0,1,5.6,0,0.0,0,0.0,2,11.1,0,0.0
2024-25,D,30,66449,0,Orange,Brea-Olinda Unified,District Office,No,All,SS,267,249,93.3,126,50.6,45,18.1,88,35.3,0,0.0,0,0.0,0,0.0,5,1.9,0,0.0,1,0.4,12,4.5,0,0.0
2024-25,D,30,66449,0,Orange,Brea-Olinda Unified,District Office,No,All,TA,469,440,93.8,260,59.1,94,21.4,196,44.5,1,0.2,0,0.0,0,0.0,7,1.5,0,0.0,1,0.2,21,4.5,0,0.0
2024-25,D,30,66449,0,Orange,Brea-Olinda Unified,District Office,No,No,GF,204,194,95.1,126,64.9,48,24.7,98,50.5,1,0.5,0,0.0,0,0.0,3,1.5,0,0.0,0,0.0,7,3.4,0,0.0
2024-25,D,30,66449,0,Orange,Brea-Olinda Unified,District Office,No,No,GM,246,230,93.5,134,58.3,46,20.0,98,42.6,0,0.0,0,0.0,0,0.0,4,1.6,0,0.0,0,0.0,12,4.9,0,0.0
2024-25,D,30,66449,0,Orange,Brea-Olinda Unified,District Office,No,No,RA,131,125,95.4,100,80.0,61,48.8,87,69.6,0,0.0,0,0.0,0,0.0,0,0.0,0,0.0,0,0.0,6,4.6,0,0.0
2024-25,D,30,66449,0,Orange,Brea-Olinda Unified,District Office,No,No,RB,*,*,*,*,*,*,*,*,*,*,*,*,*,*,*,*,*,*,*,*,*,*,*,*,*
2024-25,D,30,66449,0,Orange,Brea-Olinda Unified,District Office,No,No,RD,*,*,*,*,*,*,*,*,*,*,*,*,*,*,*,*,*,*,*,*,*,*,*,*,*
2024-25,D,30,66449,0,Orange,Brea-Olinda Unified,District Office,No,No,RF,18,18,100.0,15,83.3,0,0.0,10,55.6,0,0.0,0,0.0,0,0.0,0,0.0,0,0.0,0,0.0,0,0.0,0,0.0
2024-25,D,30,66449,0,Orange,Brea-Olinda Unified,District Office,No,No,RH,167,155,92.8,73,47.1,21,13.5,41,26.5,0,0.0,0,0.0,0,0.0,5,3.0,0,0.0,0,0.0,7,4.2,0,0.0
2024-25,D,30,66449,0,Orange,Brea-Olinda Unified,District Office,No,No,RI,*,*,*,*,*,*,*,*,*,*,*,*,*,*,*,*,*,*,*,*,*,*,*,*,*
2024-25,D,30,66449,0,Orange,Brea-Olinda Unified,District Office,No,No,RP,*,*,*,*,*,*,*,*,*,*,*,*,*,*,*,*,*,*,*,*,*,*,*,*,*
2024-25,D,30,66449,0,Orange,Brea-Olinda Unified,District Office,No,No,RT,20,20,100.0,10,50.0,5,25.0,11,55.0,0,0.0,0,0.0,0,0.0,0,0.0,0,0.0,0,0.0,0,0.0,0,0.0
2024-25,D,30,66449,0,Orange,Brea-Olinda Unified,District Office,No,No,RW,107,100,93.5,58,58.0,6,6.0,45,45.0,1,1.0,0,0.0,0,0.0,2,1.9,0,0.0,0,0.0,5,4.7,0,0.0
2024-25,D,30,66449,0,Orange,Brea-Olinda Unified,District Office,No,No,SD,56,47,83.9,11,23.4,1,2.1,7,14.9,0,0.0,0,0.0,0,0.0,7,12.5,0,0.0,0,0.0,2,3.6,0,0.0
2024-25,D,30,66449,0,Orange,Brea-Olinda Unified,District Office,No,No,SE,22,19,86.4,5,26.3,3,15.8,1,5.3,0,0.0,0,0.0,0,0.0,0,0.0,0,0.0,0,0.0,3,13.6,0,0.0
2024-25,D,30,66449,0,Orange,Brea-Olinda Unified,District Office,No,No,SF,*,*,*,*,*,*,*,*,*,*,*,*,*,*,*,*,*,*,*,*,*,*,*,*,*
2024-25,D,30,66449,0,Orange,Brea-Olinda Unified,District Office,No,No,SH,15,12,80.0,5,41.7,1,8.3,5,41.7,0,0.0,0,0.0,0,0.0,1,6.7,0,0.0,0,0.0,2,13.3,0,0.0
2024-25,D,30,66449,0,Orange,Brea-Olinda Unified,District Office,No,No,SS,252,236,93.7,126,53.4,45,19.1,88,37.3,0,0.0,0,0.0,0,0.0,5,2.0,0,0.0,0,0.0,11,4.4,0,0.0
2024-25,D,30,66449,0,Orange,Brea-Olinda Unified,District Office,No,No,TA,450,424,94.2,260,61.3,94,22.2,196,46.2,1,0.2,0,0.0,0,0.0,7,1.6,0,0.0,0,0.0,19,4.2,0,0.0
2024-25,D,30,66449,0,Orange,Brea-Olinda Unified,District Office,No,Yes,GF,*,*,*,*,*,*,*,*,*,*,*,*,*,*,*,*,*,*,*,*,*,*,*,*,*
2024-25,D,30,66449,0,Orange,Brea-Olinda Unified,District Office,No,Yes,GM,12,10,83.3,0,0.0,0,0.0,0,0.0,0,0.0,0,0.0,0,0.0,0,0.0,0,0.0,1,8.3,1,8.3,0,0.0
2024-25,D,30,66449,0,Orange,Brea-Olinda Unified,District Office,No,Yes,RA,*,*,*,*,*,*,*,*,*,*,*,*,*,*,*,*,*,*,*,*,*,*,*,*,*
2024-25,D,30,66449,0,Orange,Brea-Olinda Unified,District Office,No,Yes,RB,*,*,*,*,*,*,*,*,*,*,*,*,*,*,*,*,*,*,*,*,*,*,*,*,*
2024-25,D,30,66449,0,Orange,Brea-Olinda Unified,District Office,No,Yes,RD,*,*,*,*,*,*,*,*,*,*,*,*,*,*,*,*,*,*,*,*,*,*,*,*,*
2024-25,D,30,66449,0,Orange,Brea-Olinda Unified,District Office,No,Yes,RF,*,*,*,*,*,*,*,*,*,*,*,*,*,*,*,*,*,*,*,*,*,*,*,*,*
2024-25,D,30,66449,0,Orange,Brea-Olinda Unified,District Office,No,Yes,RH,*,*,*,*,*,*,*,*,*,*,*,*,*,*,*,*,*,*,*,*,*,*,*,*,*
2024-25,D,30,66449,0,Orange,Brea-Olinda Unified,District Office,No,Yes,RI,*,*,*,*,*,*,*,*,*,*,*,*,*,*,*,*,*,*,*,*,*,*,*,*,*
2024-25,D,30,66449,0,Orange,Brea-Olinda Unified,District Office,No,Yes,RP,*,*,*,*,*,*,*,*,*,*,*,*,*,*,*,*,*,*,*,*,*,*,*,*,*
2024-25,D,30,66449,0,Orange,Brea-Olinda Unified,District Office,No,Yes,RT,*,*,*,*,*,*,*,*,*,*,*,*,*,*,*,*,*,*,*,*,*,*,*,*,*
2024-25,D,30,66449,0,Orange,Brea-Olinda Unified,District Office,No,Yes,RW,*,*,*,*,*,*,*,*,*,*,*,*,*,*,*,*,*,*,*,*,*,*,*,*,*
2024-25,D,30,66449,0,Orange,Brea-Olinda Unified,District Office,No,Yes,SD,*,*,*,*,*,*,*,*,*,*,*,*,*,*,*,*,*,*,*,*,*,*,*,*,*
2024-25,D,30,66449,0,Orange,Brea-Olinda Unified,District Office,No,Yes,SE,*,*,*,*,*,*,*,*,*,*,*,*,*,*,*,*,*,*,*,*,*,*,*,*,*
2024-25,D,30,66449,0,Orange,Brea-Olinda Unified,District Office,No,Yes,SH,*,*,*,*,*,*,*,*,*,*,*,*,*,*,*,*,*,*,*,*,*,*,*,*,*
2024-25,D,30,66449,0,Orange,Brea-Olinda Unified,District Office,No,Yes,SS,15,13,86.7,0,0.0,0,0.0,0,0.0,0,0.0,0,0.0,0,0.0,0,0.0,0,0.0,1,6.7,1,6.7,0,0.0
2024-25,D,30,66449,0,Orange,Brea-Olinda Unified,District Office,No,Yes,TA,19,16,84.2,0,0.0,0,0.0,0,0.0,0,0.0,0,0.0,0,0.0,0,0.0,0,0.0,1,5.3,2,10.5,0,0.0
2024-25,D,30,66464,0,Orange,Capistrano Unified,District Office,All,All,GF,2195,2033,92.6,1328,65.3,385,18.9,855,42.1,0,0.0,2,0.1,0,0.0,16,0.7,4,0.2,1,0.0,114,5.2,25,1.1
2024-25,D,30,66464,0,Orange,Capistrano Unified,District Office,All,All,GM,2374,2145,90.4,1220,56.9,280,13.1,805,37.5,1,0.0,6,0.3,0,0.0,30,1.3,5,0.2,6,0.3,160,6.7,22,0.9
2024-25,D,30,66464,0,Orange,Capistrano Unified,District Office,All,All,GX,26,15,57.7,3,20.0,1,6.7,2,13.3,0,0.0,0,0.0,0,0.0,0,0.0,0,0.0,0,0.0,8,30.8,3,11.5
2024-25,D,30,66464,0,Orange,Capistrano Unified,District Office,All,All,RA,293,278,94.9,235,84.5,73,26.3,193,69.4,0,0.0,0,0.0,0,0.0,3,1.0,1,0.3,0,0.0,11,3.8,0,0.0
2024-25,D,30,66464,0,Orange,Capistrano Unified,District Office,All,All,RB,88,74,84.1,30,40.5,9,12.2,8,10.8,0,0.0,0,0.0,0,0.0,0,0.0,0,0.0,1,1.1,12,13.6,1,1.1
2024-25,D,30,66464,0,Orange,Capistrano Unified,District Office,All,All,RD,89,78,87.6,51,65.4,9,11.5,36,46.2,0,0.0,0,0.0,0,0.0,4,4.5,0,0.0,0,0.0,5,5.6,2,2.2
2024-25,D,30,66464,0,Orange,Capistrano Unified,District Office,All,All,RF,69,64,92.8,43,67.2,11,17.2,27,42.2,0,0.0,0,0.0,0,0.0,1,1.4,0,0.0,0,0.0,3,4.3,1,1.4
2024-25,D,30,66464,0,Orange,Capistrano Unified,District Office,All,All,RH,1347,1202,89.2,497,41.3,257,21.4,234,19.5,1,0.1,1,0.1,0,0.0,16,1.2,1,0.1,2,0.1,103,7.6,22,1.6
2024-25,D,30,66464,0,Orange,Capistrano Unified,District Office,All,All,RI,*,*,*,*,*,*,*,*,*,*,*,*,*,*,*,*,*,*,*,*,*,*,*,*,*
2024-25,D,30,66464,0,Orange,Capistrano Unified,District Office,All,All,RP,*,*,*,*,*,*,*,*,*,*,*,*,*,*,*,*,*,*,*,*,*,*,*,*,*
2024-25,D,30,66464,0,Orange,Capistrano Unified,District Office,All,All,RT,360,323,89.7,224,69.3,43,13.3,150,46.4,0,0.0,1,0.3,0,0.0,3,0.8,0,0.0,0,0.0,30,8.3,3,0.8
2024-25,D,30,66464,0,Orange,Capistrano Unified,District Office,All,All,RW,2331,2156,92.5,1462,67.8,260,12.1,1009,46.8,0,0.0,6,0.3,0,0.0,19,0.8,7,0.3,4,0.2,118,5.1,21,0.9
2024-25,D,30,66464,0,Orange,Capistrano Unified,District Office,All,All,SD,671,520,77.5,101,19.4,11,2.1,52,10.0,0,0.0,1,0.1,0,0.0,46,6.9,1,0.1,1,0.1,84,12.5,18,2.7
2024-25,D,30,66464,0,Orange,Capistrano Unified,District Office,All,All,SE,343,299,87.2,57,19.1,31,10.4,20,6.7,0,0.0,0,0.0,0,0.0,5,1.5,0,0.0,0,0.0,32,9.3,7,2.0
2024-25,D,30,66464,0,Orange,Capistrano Unified,District Office,All,All,SF,21,14,66.7,3,21.4,0,0.0,1,7.1,0,0.0,0,0.0,0,0.0,1,4.8,0,0.0,0,0.0,5,23.8,1,4.8
2024-25,D,30,66464,0,Orange,Capistrano Unified,District Office,All,All,SH,522,476,91.2,148,31.1,97,20.4,65,13.7,0,0.0,0,0.0,0,0.0,7,1.3,0,0.0,0,0.0,27,5.2,12,2.3
2024-25,D,30,66464,0,Orange,Capistrano Unified,District Office,All,All,SM,*,*,*,*,*,*,*,*,*,*,*,*,*,*,*,*,*,*,*,*,*,*,*,*,*
2024-25,D,30,66464,0,Orange,Capistrano Unified,District Office,All,All,SS,2322,2071,89.2,946,45.7,325,15.7,533,25.7,1,0.0,5,0.2,0,0.0,27,1.2,1,0.0,4,0.2,174,7.5,40,1.7
2024-25,D,30,66464,0,Orange,Capistrano Unified,District Office,All,All,TA,4595,4193,91.3,2551,60.8,666,15.9,1662,39.6,1,0.0,8,0.2,0,0.0,46,1.0,9,0.2,7,0.2,282,6.1,50,1.1
2024-25,D,30,66464,0,Orange,Capistrano Unified,District Office,All,No,GF,2104,1979,94.1,1317,66.5,385,19.5,854,43.2,0,0.0,2,0.1,0,0.0,16,0.8,4,0.2,1,0.0,99,4.7,3,0.1
2024-25,D,30,66464,0,Orange,Capistrano Unified,District Office,All,No,GM,2288,2088,91.3,1208,57.9,279,13.4,803,38.5,0,0.0,6,0.3,0,0.0,30,1.3,5,0.2,4,0.2,145,6.3,10,0.4
2024-25,D,30,66464,0,Orange,Capistrano Unified,District Office,All,No,GX,21,14,66.7,3,21.4,0,0.0,2,14.3,0,0.0,0,0.0,0,0.0,0,0.0,0,0.0,0,0.0,7,33.3,0,0.0
2024-25,D,30,66464,0,Orange,Capistrano Unified,District Office,All,No,RA,288,274,95.1,231,84.3,73,26.6,193,70.4,0,0.0,0,0.0,0,0.0,3,1.0,1,0.3,0,0.0,10,3.5,0,0.0
2024-25,D,30,66464,0,Orange,Capistrano Unified,District Office,All,No,RB,81,69,85.2,30,43.5,9,13.0,8,11.6,0,0.0,0,0.0,0,0.0,0,0.0,0,0.0,1,1.2,11,13.6,0,0.0
2024-25,D,30,66464,0,Orange,Capistrano Unified,District Office,All,No,RD,87,78,89.7,51,65.4,9,11.5,36,46.2,0,0.0,0,0.0,0,0.0,4,4.6,0,0.0,0,0.0,3,3.4,2,2.3
2024-25,D,30,66464,0,Orange,Capistrano Unified,District Office,All,No,RF,66,63,95.5,43,68.3,11,17.5,27,42.9,0,0.0,0,0.0,0,0.0,1,1.5,0,0.0,0,0.0,2,3.0,0,0.0
2024-25,D,30,66464,0,Orange,Capistrano Unified,District Office,All,No,RH,1272,1155,90.8,494,42.8,255,22.1,233,20.2,0,0.0,1,0.1,0,0.0,16,1.3,1,0.1,2,0.2,92,7.2,5,0.4
2024-25,D,30,66464,0,Orange,Capistrano Unified,District Office,All,No,RI,*,*,*,*,*,*,*,*,*,*,*,*,*,*,*,*,*,*,*,*,*,*,*,*,*
2024-25,D,30,66464,0,Orange,Capistrano Unified,District Office,All,No,RP,*,*,*,*,*,*,*,*,*,*,*,*,*,*,*,*,*,*,*,*,*,*,*,*,*
2024-25,D,30,66464,0,Orange,Capistrano Unified,District Office,All,No,RT,349,315,90.3,221,70.2,43,13.7,150,47.6,0,0.0,1,0.3,0,0.0,3,0.9,0,0.0,0,0.0,29,8.3,1,0.3
2024-25,D,30,66464,0,Orange,Capistrano Unified,District Office,All,No,RW,2252,2109,93.7,1449,68.7,260,12.3,1007,47.7,0,0.0,6,0.3,0,0.0,19,0.8,7,0.3,2,0.1,104,4.6,5,0.2
2024-25,D,30,66464,0,Orange,Capistrano Unified,District Office,All,No,SD,635,499,78.6,100,20.0,11,2.2,52,10.4,0,0.0,1,0.2,0,0.0,46,7.2,1,0.2,1,0.2,74,11.7,13,2.0
2024-25,D,30,66464,0,Orange,Capistrano Unified,District Office,All,No,SE,317,280,88.3,57,20.4,31,11.1,20,7.1,0,0.0,0,0.0,0,0.0,5,1.6,0,0.0,0,0.0,29,9.1,3,0.9
2024-25,D,30,66464,0,Orange,Capistrano Unified,District Office,All,No,SF,20,14,70.0,3,21.4,0,0.0,1,7.1,0,0.0,0,0.0,0,0.0,1,5.0,0,0.0,0,0.0,4,20.0,1,5.0
2024-25,D,30,66464,0,Orange,Capistrano Unified,District Office,All,No,SH,482,447,92.7,146,32.7,96,21.5,65,14.5,0,0.0,0,0.0,0,0.0,7,1.5,0,0.0,0,0.0,24,5.0,4,0.8
2024-25,D,30,66464,0,Orange,Capistrano Unified,District Office,All,No,SM,*,*,*,*,*,*,*,*,*,*,*,*,*,*,*,*,*,*,*,*,*,*,*,*,*
2024-25,D,30,66464,0,Orange,Capistrano Unified,District Office,All,No,SS,2192,1991,90.8,933,46.9,323,16.2,531,26.7,0,0.0,5,0.2,0,0.0,27,1.2,1,0.0,3,0.1,154,7.0,11,0.5
2024-25,D,30,66464,0,Orange,Capistrano Unified,District Office,All,No,TA,4413,4081,92.5,2528,61.9,664,16.3,1659,40.7,0,0.0,8,0.2,0,0.0,46,1.0,9,0.2,5,0.1,251,5.7,13,0.3
2024-25,D,30,66464,0,Orange,Capistrano Unified,District Office,All,Yes,GF,91,54,59.3,11,20.4,0,0.0,1,1.9,0,0.0,0,0.0,0,0.0,0,0.0,0,0.0,0,0.0,15,16.5,22,24.2
2024-25,D,30,66464,0,Orange,Capistrano Unified,District Office,All,Yes,GM,86,57,66.3,12,21.1,1,1.8,2,3.5,1,1.8,0,0.0,0,0.0,0,0.0,0,0.0,2,2.3,15,17.4,12,14.0
2024-25,D,30,66464,0,Orange,Capistrano Unified,District Office,All,Yes,GX,*,*,*,*,*,*,*,*,*,*,*,*,*,*,*,*,*,*,*,*,*,*,*,*,*
2024-25,D,30,66464,0,Orange,Capistrano Unified,District Office,All,Yes,RA,*,*,*,*,*,*,*,*,*,*,*,*,*,*,*,*,*,*,*,*,*,*,*,*,*
2024-25,D,30,66464,0,Orange,Capistrano Unified,District Office,All,Yes,RB,*,*,*,*,*,*,*,*,*,*,*,*,*,*,*,*,*,*,*,*,*,*,*,*,*
2024-25,D,30,66464,0,Orange,Capistrano Unified,District Office,All,Yes,RD,*,*,*,*,*,*,*,*,*,*,*,*,*,*,*,*,*,*,*,*,*,*,*,*,*
2024-25,D,30,66464,0,Orange,Capistrano Unified,District Office,All,Yes,RF,*,*,*,*,*,*,*,*,*,*,*,*,*,*,*,*,*,*,*,*,*,*,*,*,*
2024-25,D,30,66464,0,Orange,Capistrano Unified,District Office,All,Yes,RH,75,47,62.7,3,6.4,2,4.3,1,2.1,1,2.1,0,0.0,0,0.0,0,0.0,0,0.0,0,0.0,11,14.7,17,22.7
2024-25,D,30,66464,0,Orange,Capistrano Unified,District Office,All,Yes,RI,*,*,*,*,*,*,*,*,*,*,*,*,*,*,*,*,*,*,*,*,*,*,*,*,*
2024-25,D,30,66464,0,Orange,Capistrano Unified,District Office,All,Yes,RP,*,*,*,*,*,*,*,*,*,*,*,*,*,*,*,*,*,*,*,*,*,*,*,*,*
2024-25,D,30,66464,0,Orange,Capistrano Unified,District Office,All,Yes,RT,11,8,72.7,3,37.5,0,0.0,0,0.0,0,0.0,0,0.0,0,0.0,0,0.0,0,0.0,0,0.0,1,9.1,2,18.2
2024-25,D,30,66464,0,Orange,Capistrano Unified,District Office,All,Yes,RW,79,47,59.5,13,27.7,0,0.0,2,4.3,0,0.0,0,0.0,0,0.0,0,0.0,0,0.0,2,2.5,14,17.7,16,20.3
2024-25,D,30,66464,0,Orange,Capistrano Unified,District Office,All,Yes,SD,36,21,58.3,1,4.8,0,0.0,0,0.0,0,0.0,0,0.0,0,0.0,0,0.0,0,0.0,0,0.0,10,27.8,5,13.9
2024-25,D,30,66464,0,Orange,Capistrano Unified,District Office,All,Yes,SE,26,19,73.1,0,0.0,0,0.0,0,0.0,0,0.0,0,0.0,0,0.0,0,0.0,0,0.0,0,0.0,3,11.5,4,15.4
2024-25,D,30,66464,0,Orange,Capistrano Unified,District Office,All,Yes,SF,*,*,*,*,*,*,*,*,*,*,*,*,*,*,*,*,*,*,*,*,*,*,*,*,*
2024-25,D,30,66464,0,Orange,Capistrano Unified,District Office,All,Yes,SH,40,29,72.5,2,6.9,1,3.4,0,0.0,0,0.0,0,0.0,0,0.0,0,0.0,0,0.0,0,0.0,3,7.5,8,20.0
2024-25,D,30,66464,0,Orange,Capistrano Unified,District Office,All,Yes,SS,130,80,61.5,13,16.3,2,2.5,2,2.5,1,1.3,0,0.0,0,0.0,0,0.0,0,0.0,1,0.8,20,15.4,29,22.3
2024-25,D,30,66464,0,Orange,Capistrano Unified,District Office,All,Yes,TA,182,112,61.5,23,20.5,2,1.8,3,2.7,1,0.9,0,0.0,0,0.0,0,0.0,0,0.0,2,1.1,31,17.0,37,20.3
2024-25,D,30,66464,0,Orange,Capistrano Unified,District Office,No,All,GF,1738,1679,96.6,1196,71.2,367,21.9,854,50.9,0,0.0,1,0.1,0,0.0,15,0.9,3,0.2,1,0.1,36,2.1,3,0.2
2024-25,D,30,66464,0,Orange,Capistrano Unified,District Office,No,All,GM,1937,1829,94.4,1123,61.4,264,14.4,803,43.9,1,0.1,5,0.3,0,0.0,29,1.5,4,0.2,3,0.2,56,2.9,11,0.6
2024-25,D,30,66464,0,Orange,Capistrano Unified,District Office,No,All,GX,*,*,*,*,*,*,*,*,*,*,*,*,*,*,*,*,*,*,*,*,*,*,*,*,*
2024-25,D,30,66464,0,Orange,Capistrano Unified,District Office,No,All,RA,255,248,97.3,218,87.9,72,29.0,193,77.8,0,0.0,0,0.0,0,0.0,3,1.2,1,0.4,0,0.0,3,1.2,0,0.0
2024-25,D,30,66464,0,Orange,Capistrano Unified,District Office,No,All,RB,26,24,92.3,13,54.2,6,25.0,8,33.3,0,0.0,0,0.0,0,0.0,0,0.0,0,0.0,0,0.0,2,7.7,0,0.0
2024-25,D,30,66464,0,Orange,Capistrano Unified,District Office,No,All,RD,87,78,89.7,51,65.4,9,11.5,36,46.2,0,0.0,0,0.0,0,0.0,4,4.6,0,0.0,0,0.0,3,3.4,2,2.3
2024-25,D,30,66464,0,Orange,Capistrano Unified,District Office,No,All,RF,58,56,96.6,38,67.9,11,19.6,27,48.2,0,0.0,0,0.0,0,0.0,1,1.7,0,0.0,0,0.0,1,1.7,0,0.0
2024-25,D,30,66464,0,Orange,Capistrano Unified,District Office,No,All,RH,1029,974,94.7,421,43.2,238,24.4,233,23.9,1,0.1,1,0.1,0,0.0,16,1.6,1,0.1,2,0.2,29,2.8,6,0.6
2024-25,D,30,66464,0,Orange,Capistrano Unified,District Office,No,All,RI,*,*,*,*,*,*,*,*,*,*,*,*,*,*,*,*,*,*,*,*,*,*,*,*,*
2024-25,D,30,66464,0,Orange,Capistrano Unified,District Office,No,All,RP,*,*,*,*,*,*,*,*,*,*,*,*,*,*,*,*,*,*,*,*,*,*,*,*,*
2024-25,D,30,66464,0,Orange,Capistrano Unified,District Office,No,All,RT,264,254,96.2,198,78.0,40,15.7,150,59.1,0,0.0,1,0.4,0,0.0,3,1.1,0,0.0,0,0.0,5,1.9,1,0.4
2024-25,D,30,66464,0,Orange,Capistrano Unified,District Office,No,All,RW,1952,1869,95.7,1374,73.5,253,13.5,1007,53.9,0,0.0,4,0.2,0,0.0,17,0.9,5,0.3,2,0.1,50,2.6,5,0.3
2024-25,D,30,66464,0,Orange,Capistrano Unified,District Office,No,All,SD,501,415,82.8,88,21.2,11,2.7,52,12.5,0,0.0,0,0.0,0,0.0,44,8.8,1,0.2,1,0.2,26,5.2,14,2.8
2024-25,D,30,66464,0,Orange,Capistrano Unified,District Office,No,All,SE,285,257,90.2,49,19.1,30,11.7,20,7.8,0,0.0,0,0.0,0,0.0,5,1.8,0,0.0,0,0.0,20,7.0,3,1.1
2024-25,D,30,66464,0,Orange,Capistrano Unified,District Office,No,All,SF,12,9,75.0,2,22.2,0,0.0,1,11.1,0,0.0,0,0.0,0,0.0,1,8.3,0,0.0,0,0.0,1,8.3,1,8.3
2024-25,D,30,66464,0,Orange,Capistrano Unified,District Office,No,All,SH,457,435,95.2,137,31.5,97,22.3,65,14.9,0,0.0,0,0.0,0,0.0,6,1.3,0,0.0,0,0.0,11,2.4,5,1.1
2024-25,D,30,66464,0,Orange,Capistrano Unified,District Office,No,All,SS,1729,1645,95.1,829,50.4,308,18.7,531,32.3,1,0.1,3,0.2,0,0.0,26,1.5,0,0.0,2,0.1,41,2.4,12,0.7
2024-25,D,30,66464,0,Orange,Capistrano Unified,District Office,No,All,TA,3684,3516,95.4,2322,66.0,632,18.0,1659,47.2,1,0.0,6,0.2,0,0.0,44,1.2,7,0.2,4,0.1,93,2.5,14,0.4
2024-25,D,30,66464,0,Orange,Capistrano Unified,District Office,No,No,GF,1708,1651,96.7,1196,72.4,367,22.2,854,51.7,0,0.0,1,0.1,0,0.0,15,0.9,3,0.2,1,0.1,34,2.0,3,0.2
2024-25,D,30,66464,0,Orange,Capistrano Unified,District Office,No,No,GM,1902,1798,94.5,1123,62.5,264,14.7,803,44.7,0,0.0,5,0.3,0,0.0,29,1.5,4,0.2,3,0.2,53,2.8,10,0.5
2024-25,D,30,66464,0,Orange,Capistrano Unified,District Office,No,No,GX,*,*,*,*,*,*,*,*,*,*,*,*,*,*,*,*,*,*,*,*,*,*,*,*,*
2024-25,D,30,66464,0,Orange,Capistrano Unified,District Office,No,No,RA,255,248,97.3,218,87.9,72,29.0,193,77.8,0,0.0,0,0.0,0,0.0,3,1.2,1,0.4,0,0.0,3,1.2,0,0.0
2024-25,D,30,66464,0,Orange,Capistrano Unified,District Office,No,No,RB,22,21,95.5,13,61.9,6,28.6,8,38.1,0,0.0,0,0.0,0,0.0,0,0.0,0,0.0,0,0.0,1,4.5,0,0.0
2024-25,D,30,66464,0,Orange,Capistrano Unified,District Office,No,No,RD,87,78,89.7,51,65.4,9,11.5,36,46.2,0,0.0,0,0.0,0,0.0,4,4.6,0,0.0,0,0.0,3,3.4,2,2.3
2024-25,D,30,66464,0,Orange,Capistrano Unified,District Office,No,No,RF,57,55,96.5,38,69.1,11,20.0,27,49.1,0,0.0,0,0.0,0,0.0,1,1.8,0,0.0,0,0.0,1,1.8,0,0.0
2024-25,D,30,66464,0,Orange,Capistrano Unified,District Office,No,No,RH,991,940,94.9,421,44.8,237,25.2,233,24.8,0,0.0,1,0.1,0,0.0,16,1.6,1,0.1,2,0.2,26,2.6,5,0.5
2024-25,D,30,66464,0,Orange,Capistrano Unified,District Office,No,No,RI,*,*,*,*,*,*,*,*,*,*,*,*,*,*,*,*,*,*,*,*,*,*,*,*,*
2024-25,D,30,66464,0,Orange,Capistrano Unified,District Office,No,No,RP,*,*,*,*,*,*,*,*,*,*,*,*,*,*,*,*,*,*,*,*,*,*,*,*,*
2024-25,D,30,66464,0,Orange,Capistrano Unified,District Office,No,No,RT,261,251,96.2,198,78.9,40,15.9,150,59.8,0,0.0,1,0.4,0,0.0,3,1.1,0,0.0,0,0.0,5,1.9,1,0.4
2024-25,D,30,66464,0,Orange,Capistrano Unified,District Office,No,No,RW,1932,1850,95.8,1374,74.3,253,13.7,1007,54.4,0,0.0,4,0.2,0,0.0,17,0.9,5,0.3,2,0.1,49,2.5,5,0.3
2024-25,D,30,66464,0,Orange,Capistrano Unified,District Office,No,No,SD,489,406,83.0,88,21.7,11,2.7,52,12.8,0,0.0,0,0.0,0,0.0,44,9.0,1,0.2,1,0.2,24,4.9,13,2.7
2024-25,D,30,66464,0,Orange,Capistrano Unified,District Office,No,No,SE,264,238,90.2,49,20.6,30,12.6,20,8.4,0,0.0,0,0.0,0,0.0,5,1.9,0,0.0,0,0.0,18,6.8,3,1.1
2024-25,D,30,66464,0,Orange,Capistrano Unified,District Office,No,No,SF,12,9,75.0,2,22.2,0,0.0,1,11.1,0,0.0,0,0.0,0,0.0,1,8.3,0,0.0,0,0.0,1,8.3,1,8.3
2024-25,D,30,66464,0,Orange,Capistrano Unified,District Office,No,No,SH,430,410,95.3,137,33.4,96,23.4,65,15.9,0,0.0,0,0.0,0,0.0,6,1.4,0,0.0,0,0.0,10,2.3,4,0.9
2024-25,D,30,66464,0,Orange,Capistrano Unified,District Office,No,No,SS,1675,1597,95.3,829,51.9,307,19.2,531,33.2,0,0.0,3,0.2,0,0.0,26,1.6,0,0.0,2,0.1,36,2.1,11,0.7
2024-25,D,30,66464,0,Orange,Capistrano Unified,District Office,No,No,TA,3618,3456,95.5,2322,67.2,631,18.3,1659,48.0,0,0.0,6,0.2,0,0.0,44,1.2,7,0.2,4,0.1,88,2.4,13,0.4
2024-25,D,30,66464,0,Orange,Capistrano Unified,District Office,No,Yes,GF,30,28,93.3,0,0.0,0,0.0,0,0.0,0,0.0,0,0.0,0,0.0,0,0.0,0,0.0,0,0.0,2,6.7,0,0.0
2024-25,D,30,66464,0,Orange,Capistrano Unified,District Office,No,Yes,GM,35,31,88.6,0,0.0,0,0.0,0,0.0,1,3.2,0,0.0,0,0.0,0,0.0,0,0.0,0,0.0,3,8.6,1,2.9
2024-25,D,30,66464,0,Orange,Capistrano Unified,District Office,No,Yes,GX,*,*,*,*,*,*,*,*,*,*,*,*,*,*,*,*,*,*,*,*,*,*,*,*,*
2024-25,D,30,66464,0,Orange,Capistrano Unified,District Office,No,Yes,RA,*,*,*,*,*,*,*,*,*,*,*,*,*,*,*,*,*,*,*,*,*,*,*,*,*
2024-25,D,30,66464,0,Orange,Capistrano Unified,District Office,No,Yes,RB,*,*,*,*,*,*,*,*,*,*,*,*,*,*,*,*,*,*,*,*,*,*,*,*,*
2024-25,D,30,66464,0,Orange,Capistrano Unified,District Office,No,Yes,RD,*,*,*,*,*,*,*,*,*,*,*,*,*,*,*,*,*,*,*,*,*,*,*,*,*
2024-25,D,30,66464,0,Orange,Capistrano Unified,District Office,No,Yes,RF,*,*,*,*,*,*,*,*,*,*,*,*,*,*,*,*,*,*,*,*,*,*,*,*,*
2024-25,D,30,66464,0,Orange,Capistrano Unified,District Office,No,Yes,RH,38,34,89.5,0,0.0,1,2.9,0,0.0,1,2.9,0,0.0,0,0.0,0,0.0,0,0.0,0,0.0,3,7.9,1,2.6
2024-25,D,30,66464,0,Orange,Capistrano Unified,District Office,No,Yes,RI,*,*,*,*,*,*,*,*,*,*,*,*,*,*,*,*,*,*,*,*,*,*,*,*,*
2024-25,D,30,66464,0,Orange,Capistrano Unified,District Office,No,Yes,RP,*,*,*,*,*,*,*,*,*,*,*,*,*,*,*,*,*,*,*,*,*,*,*,*,*
2024-25,D,30,66464,0,Orange,Capistrano Unified,District Office,No,Yes,RT,*,*,*,*,*,*,*,*,*,*,*,*,*,*,*,*,*,*,*,*,*,*,*,*,*
2024-25,D,30,66464,0,Orange,Capistrano Unified,District Office,No,Yes,RW,20,19,95.0,0,0.0,0,0.0,0,0.0,0,0.0,0,0.0,0,0.0,0,0.0,0,0.0,0,0.0,1,5.0,0,0.0
2024-25,D,30,66464,0,Orange,Capistrano Unified,District Office,No,Yes,SD,12,9,75.0,0,0.0,0,0.0,0,0.0,0,0.0,0,0.0,0,0.0,0,0.0,0,0.0,0,0.0,2,16.7,1,8.3
2024-25,D,30,66464,0,Orange,Capistrano Unified,District Office,No,Yes,SE,21,19,90.5,0,0.0,0,0.0,0,0.0,0,0.0,0,0.0,0,0.0,0,0.0,0,0.0,0,0.0,2,9.5,0,0.0
2024-25,D,30,66464,0,Orange,Capistrano Unified,District Office,No,Yes,SH,27,25,92.6,0,0.0,1,4.0,0,0.0,0,0.0,0,0.0,0,0.0,0,0.0,0,0.0,0,0.0,1,3.7,1,3.7
2024-25,D,30,66464,0,Orange,Capistrano Unified,District Office,No,Yes,SS,54,48,88.9,0,0.0,1,2.1,0,0.0,1,2.1,0,0.0,0,0.0,0,0.0,0,0.0,0,0.0,5,9.3,1,1.9
2024-25,D,30,66464,0,Orange,Capistrano Unified,District Office,No,Yes,TA,66,60,90.9,0,0.0,1,1.7,0,0.0,1,1.7,0,0.0,0,0.0,0,0.0,0,0.0,0,0.0,5,7.6,1,1.5
2024-25,D,30,66464,0,Orange,Capistrano Unified,District Office,Yes,All,GF,457,354,77.5,132,37.3,18,5.1,1,0.3,0,0.0,1,0.2,0,0.0,1,0.2,1,0.2,0,0.0,78,17.1,22,4.8
2024-25,D,30,66464,0,Orange,Capistrano Unified,District Office,Yes,All,GM,437,316,72.3,97,30.7,16,5.1,2,0.6,0,0.0,1,0.2,0,0.0,1,0.2,1,0.2,3,0.7,104,23.8,11,2.5
2024-25,D,30,66464,0,Orange,Capistrano Unified,District Office,Yes,All,GX,17,7,41.2,0,0.0,0,0.0,0,0.0,0,0.0,0,0.0,0,0.0,0,0.0,0,0.0,0,0.0,7,41.2,3,17.6
2024-25,D,30,66464,0,Orange,Capistrano Unified,District Office,Yes,All,RA,38,30,78.9,17,56.7,1,3.3,0,0.0,0,0.0,0,0.0,0,0.0,0,0.0,0,0.0,0,0.0,8,21.1,0,0.0
2024-25,D,30,66464,0,Orange,Capistrano Unified,District Office,Yes,All,RB,62,50,80.6,17,34.0,3,6.0,0,0.0,0,0.0,0,0.0,0,0.0,0,0.0,0,0.0,1,1.6,10,16.1,1,1.6
2024-25,D,30,66464,0,Orange,Capistrano Unified,District Office,Yes,All,RD,*,*,*,*,*,*,*,*,*,*,*,*,*,*,*,*,*,*,*,*,*,*,*,*,*
2024-25,D,30,66464,0,Orange,Capistrano Unified,District Office,Yes,All,RF,11,8,72.7,5,62.5,0,0.0,0,0.0,0,0.0,0,0.0,0,0.0,0,0.0,0,0.0,0,0.0,2,18.2,1,9.1
2024-25,D,30,66464,0,Orange,Capistrano Unified,District Office,Yes,All,RH,318,228,71.7,76,33.3,19,8.3,1,0.4,0,0.0,0,0.0,0,0.0,0,0.0,0,0.0,0,0.0,74,23.3,16,5.0
2024-25,D,30,66464,0,Orange,Capistrano Unified,District Office,Yes,All,RI,*,*,*,*,*,*,*,*,*,*,*,*,*,*,*,*,*,*,*,*,*,*,*,*,*
2024-25,D,30,66464,0,Orange,Capistrano Unified,District Office,Yes,All,RP,*,*,*,*,*,*,*,*,*,*,*,*,*,*,*,*,*,*,*,*,*,*,*,*,*
2024-25,D,30,66464,0,Orange,Capistrano Unified,District Office,Yes,All,RT,96,69,71.9,26,37.7,3,4.3,0,0.0,0,0.0,0,0.0,0,0.0,0,0.0,0,0.0,0,0.0,25,26.0,2,2.1
2024-25,D,30,66464,0,Orange,Capistrano Unified,District Office,Yes,All,RW,379,287,75.7,88,30.7,7,2.4,2,0.7,0,0.0,2,0.5,0,0.0,2,0.5,2,0.5,2,0.5,68,17.9,16,4.2
2024-25,D,30,66464,0,Orange,Capistrano Unified,District Office,Yes,All,SD,170,105,61.8,13,12.4,0,0.0,0,0.0,0,0.0,1,0.6,0,0.0,2,1.2,0,0.0,0,0.0,58,34.1,4,2.4
2024-25,D,30,66464,0,Orange,Capistrano Unified,District Office,Yes,All,SE,58,42,72.4,8,19.0,1,2.4,0,0.0,0,0.0,0,0.0,0,0.0,0,0.0,0,0.0,0,0.0,12,20.7,4,6.9
2024-25,D,30,66464,0,Orange,Capistrano Unified,District Office,Yes,All,SF,*,*,*,*,*,*,*,*,*,*,*,*,*,*,*,*,*,*,*,*,*,*,*,*,*
2024-25,D,30,66464,0,Orange,Capistrano Unified,District Office,Yes,All,SH,65,41,63.1,11,26.8,0,0.0,0,0.0,0,0.0,0,0.0,0,0.0,1,1.5,0,0.0,0,0.0,16,24.6,7,10.8
2024-25,D,30,66464,0,Orange,Capistrano Unified,District Office,Yes,All,SM,*,*,*,*,*,*,*,*,*,*,*,*,*,*,*,*,*,*,*,*,*,*,*,*,*
2024-25,D,30,66464,0,Orange,Capistrano Unified,District Office,Yes,All,SS,593,426,71.8,117,27.5,17,4.0,2,0.5,0,0.0,2,0.3,0,0.0,1,0.2,1,0.2,2,0.3,133,22.4,28,4.7
2024-25,D,30,66464,0,Orange,Capistrano Unified,District Office,Yes,All,TA,911,677,74.3,229,33.8,34,5.0,3,0.4,0,0.0,2,0.2,0,0.0,2,0.2,2,0.2,3,0.3,189,20.7,36,4.0
2024-25,D,30,66464,0,Orange,Capistrano Unified,District Office,Yes,No,GF,396,328,82.8,121,36.9,18,5.5,0,0.0,0,0.0,1,0.3,0,0.0,1,0.3,1,0.3,0,0.0,65,16.4,0,0.0
2024-25,D,30,66464,0,Orange,Capistrano Unified,District Office,Yes,No,GM,386,290,75.1,85,29.3,15,5.2,0,0.0,0,0.0,1,0.3,0,0.0,1,0.3,1,0.3,1,0.3,92,23.8,0,0.0
2024-25,D,30,66464,0,Orange,Capistrano Unified,District Office,Yes,No,GX,13,7,53.8,0,0.0,0,0.0,0,0.0,0,0.0,0,0.0,0,0.0,0,0.0,0,0.0,0,0.0,6,46.2,0,0.0
2024-25,D,30,66464,0,Orange,Capistrano Unified,District Office,Yes,No,RA,33,26,78.8,13,50.0,1,3.8,0,0.0,0,0.0,0,0.0,0,0.0,0,0.0,0,0.0,0,0.0,7,21.2,0,0.0
2024-25,D,30,66464,0,Orange,Capistrano Unified,District Office,Yes,No,RB,59,48,81.4,17,35.4,3,6.3,0,0.0,0,0.0,0,0.0,0,0.0,0,0.0,0,0.0,1,1.7,10,16.9,0,0.0
2024-25,D,30,66464,0,Orange,Capistrano Unified,District Office,Yes,No,RD,*,*,*,*,*,*,*,*,*,*,*,*,*,*,*,*,*,*,*,*,*,*,*,*,*
2024-25,D,30,66464,0,Orange,Capistrano Unified,District Office,Yes,No,RF,*,*,*,*,*,*,*,*,*,*,*,*,*,*,*,*,*,*,*,*,*,*,*,*,*
2024-25,D,30,66464,0,Orange,Capistrano Unified,District Office,Yes,No,RH,281,215,76.5,73,34.0,18,8.4,0,0.0,0,0.0,0,0.0,0,0.0,0,0.0,0,0.0,0,0.0,66,23.5,0,0.0
2024-25,D,30,66464,0,Orange,Capistrano Unified,District Office,Yes,No,RI,*,*,*,*,*,*,*,*,*,*,*,*,*,*,*,*,*,*,*,*,*,*,*,*,*
2024-25,D,30,66464,0,Orange,Capistrano Unified,District Office,Yes,No,RP,*,*,*,*,*,*,*,*,*,*,*,*,*,*,*,*,*,*,*,*,*,*,*,*,*
2024-25,D,30,66464,0,Orange,Capistrano Unified,District Office,Yes,No,RT,88,64,72.7,23,35.9,3,4.7,0,0.0,0,0.0,0,0.0,0,0.0,0,0.0,0,0.0,0,0.0,24,27.3,0,0.0
2024-25,D,30,66464,0,Orange,Capistrano Unified,District Office,Yes,No,RW,320,259,80.9,75,29.0,7,2.7,0,0.0,0,0.0,2,0.6,0,0.0,2,0.6,2,0.6,0,0.0,55,17.2,0,0.0
2024-25,D,30,66464,0,Orange,Capistrano Unified,District Office,Yes,No,SD,146,93,63.7,12,12.9,0,0.0,0,0.0,0,0.0,1,0.7,0,0.0,2,1.4,0,0.0,0,0.0,50,34.2,0,0.0
2024-25,D,30,66464,0,Orange,Capistrano Unified,District Office,Yes,No,SE,53,42,79.2,8,19.0,1,2.4,0,0.0,0,0.0,0,0.0,0,0.0,0,0.0,0,0.0,0,0.0,11,20.8,0,0.0
2024-25,D,30,66464,0,Orange,Capistrano Unified,District Office,Yes,No,SF,*,*,*,*,*,*,*,*,*,*,*,*,*,*,*,*,*,*,*,*,*,*,*,*,*
2024-25,D,30,66464,0,Orange,Capistrano Unified,District Office,Yes,No,SH,52,37,71.2,9,24.3,0,0.0,0,0.0,0,0.0,0,0.0,0,0.0,1,1.9,0,0.0,0,0.0,14,26.9,0,0.0
2024-25,D,30,66464,0,Orange,Capistrano Unified,District Office,Yes,No,SM,*,*,*,*,*,*,*,*,*,*,*,*,*,*,*,*,*,*,*,*,*,*,*,*,*
2024-25,D,30,66464,0,Orange,Capistrano Unified,District Office,Yes,No,SS,517,394,76.2,104,26.4,16,4.1,0,0.0,0,0.0,2,0.4,0,0.0,1,0.2,1,0.2,1,0.2,118,22.8,0,0.0
2024-25,D,30,66464,0,Orange,Capistrano Unified,District Office,Yes,No,TA,795,625,78.6,206,33.0,33,5.3,0,0.0,0,0.0,2,0.3,0,0.0,2,0.3,2,0.3,1,0.1,163,20.5,0,0.0
2024-25,D,30,66464,0,Orange,Capistrano Unified,District Office,Yes,Yes,GF,61,26,42.6,11,42.3,0,0.0,1,3.8,0,0.0,0,0.0,0,0.0,0,0.0,0,0.0,0,0.0,13,21.3,22,36.1
2024-25,D,30,66464,0,Orange,Capistrano Unified,District Office,Yes,Yes,GM,51,26,51.0,12,46.2,1,3.8,2,7.7,0,0.0,0,0.0,0,0.0,0,0.0,0,0.0,2,3.9,12,23.5,11,21.6
2024-25,D,30,66464,0,Orange,Capistrano Unified,District Office,Yes,Yes,GX,*,*,*,*,*,*,*,*,*,*,*,*,*,*,*,*,*,*,*,*,*,*,*,*,*
2024-25,D,30,66464,0,Orange,Capistrano Unified,District Office,Yes,Yes,RA,*,*,*,*,*,*,*,*,*,*,*,*,*,*,*,*,*,*,*,*,*,*,*,*,*
2024-25,D,30,66464,0,Orange,Capistrano Unified,District Office,Yes,Yes,RB,*,*,*,*,*,*,*,*,*,*,*,*,*,*,*,*,*,*,*,*,*,*,*,*,*
2024-25,D,30,66464,0,Orange,Capistrano Unified,District Office,Yes,Yes,RD,*,*,*,*,*,*,*,*,*,*,*,*,*,*,*,*,*,*,*,*,*,*,*,*,*
2024-25,D,30,66464,0,Orange,Capistrano Unified,District Office,Yes,Yes,RF,*,*,*,*,*,*,*,*,*,*,*,*,*,*,*,*,*,*,*,*,*,*,*,*,*
2024-25,D,30,66464,0,Orange,Capistrano Unified,District Office,Yes,Yes,RH,37,13,35.1,3,23.1,1,7.7,1,7.7,0,0.0,0,0.0,0,0.0,0,0.0,0,0.0,0,0.0,8,21.6,16,43.2
2024-25,D,30,66464,0,Orange,Capistrano Unified,District Office,Yes,Yes,RI,*,*,*,*,*,*,*,*,*,*,*,*,*,*,*,*,*,*,*,*,*,*,*,*,*
2024-25,D,30,66464,0,Orange,Capistrano Unified,District Office,Yes,Yes,RP,*,*,*,*,*,*,*,*,*,*,*,*,*,*,*,*,*,*,*,*,*,*,*,*,*
2024-25,D,30,66464,0,Orange,Capistrano Unified,District Office,Yes,Yes,RT,*,*,*,*,*,*,*,*,*,*,*,*,*,*,*,*,*,*,*,*,*,*,*,*,*
2024-25,D,30,66464,0,Orange,Capistrano Unified,District Office,Yes,Yes,RW,59,28,47.5,13,46.4,0,0.0,2,7.1,0,0.0,0,0.0,0,0.0,0,0.0,0,0.0,2,3.4,13,22.0,16,27.1
2024-25,D,30,66464,0,Orange,Capistrano Unified,District Office,Yes,Yes,SD,24,12,50.0,1,8.3,0,0.0,0,0.0,0,0.0,0,0.0,0,0.0,0,0.0,0,0.0,0,0.0,8,33.3,4,16.7
2024-25,D,30,66464,0,Orange,Capistrano Unified,District Office,Yes,Yes,SE,*,*,*,*,*,*,*,*,*,*,*,*,*,*,*,*,*,*,*,*,*,*,*,*,*
2024-25,D,30,66464,0,Orange,Capistrano Unified,District Office,Yes,Yes,SF,*,*,*,*,*,*,*,*,*,*,*,*,*,*,*,*,*,*,*,*,*,*,*,*,*
2024-25,D,30,66464,0,Orange,Capistrano Unified,District Office,Yes,Yes,SH,13,4,30.8,2,50.0,0,0.0,0,0.0,0,0.0,0,0.0,0,0.0,0,0.0,0,0.0,0,0.0,2,15.4,7,53.8
2024-25,D,30,66464,0,Orange,Capistrano Unified,District Office,Yes,Yes,SS,76,32,42.1,13,40.6,1,3.1,2,6.3,0,0.0,0,0.0,0,0.0,0,0.0,0,0.0,1,1.3,15,19.7,28,36.8
2024-25,D,30,66464,0,Orange,Capistrano Unified,District Office,Yes,Yes,TA,116,52,44.8,23,44.2,1,1.9,3,5.8,0,0.0,0,0.0,0,0.0,0,0.0,0,0.0,2,1.7,26,22.4,36,31.0
2024-25,D,30,66514,0,Orange,Fullerton Joint Union High,District Office,All,All,GF,1603,1537,95.9,984,64.0,321,20.9,719,46.8,0,0.0,7,0.4,0,0.0,10,0.6,0,0.0,3,0.2,46,2.9,0,0.0
2024-25,D,30,66514,0,Orange,Fullerton Joint Union High,District Office,All,All,GM,1653,1557,94.2,853,54.8,195,12.5,673,43.2,0,0.0,10,0.6,0,0.0,18,1.1,2,0.1,6,0.4,59,3.6,1,0.1
2024-25,D,30,66514,0,Orange,Fullerton Joint Union High,District Office,All,All,GX,17,14,82.4,7,50.0,0,0.0,5,35.7,0,0.0,0,0.0,0,0.0,1,5.9,0,0.0,0,0.0,2,11.8,0,0.0
2024-25,D,30,66514,0,Orange,Fullerton Joint Union High,District Office,All,All,RA,677,656,96.9,584,89.0,157,23.9,530,80.8,0,0.0,8,1.2,0,0.0,4,0.6,1,0.1,0,0.0,8,1.2,0,0.0
2024-25,D,30,66514,0,Orange,Fullerton Joint Union High,District Office,All,All,RB,55,50,90.9,28,56.0,2,4.0,16,32.0,0,0.0,0,0.0,0,0.0,1,1.8,0,0.0,0,0.0,4,7.3,0,0.0
2024-25,D,30,66514,0,Orange,Fullerton Joint Union High,District Office,All,All,RD,32,24,75.0,22,91.7,6,25.0,17,70.8,0,0.0,0,0.0,0,0.0,2,6.3,0,0.0,0,0.0,5,15.6,1,3.1
2024-25,D,30,66514,0,Orange,Fullerton Joint Union High,District Office,All,All,RF,93,92,98.9,78,84.8,10,10.9,59,64.1,0,0.0,0,0.0,0,0.0,1,1.1,0,0.0,0,0.0,0,0.0,0,0.0
2024-25,D,30,66514,0,Orange,Fullerton Joint Union High,District Office,All,All,RH,1928,1818,94.3,821,45.2,295,16.2,523,28.8,0,0.0,1,0.1,0,0.0,20,1.0,0,0.0,8,0.4,81,4.2,0,0.0
2024-25,D,30,66514,0,Orange,Fullerton Joint Union High,District Office,All,All,RI,*,*,*,*,*,*,*,*,*,*,*,*,*,*,*,*,*,*,*,*,*,*,*,*,*
2024-25,D,30,66514,0,Orange,Fullerton Joint Union High,District Office,All,All,RP,*,*,*,*,*,*,*,*,*,*,*,*,*,*,*,*,*,*,*,*,*,*,*,*,*
2024-25,D,30,66514,0,Orange,Fullerton Joint Union High,District Office,All,All,RT,107,103,96.3,69,67.0,8,7.8,61,59.2,0,0.0,1,0.9,0,0.0,0,0.0,0,0.0,0,0.0,3,2.8,0,0.0
2024-25,D,30,66514,0,Orange,Fullerton Joint Union High,District Office,All,All,RW,372,356,95.7,237,66.6,37,10.4,187,52.5,0,0.0,7,1.9,0,0.0,1,0.3,1,0.3,1,0.3,6,1.6,0,0.0
2024-25,D,30,66514,0,Orange,Fullerton Joint Union High,District Office,All,All,SD,345,290,84.1,46,15.9,2,0.7,49,16.9,0,0.0,0,0.0,0,0.0,29,8.4,0,0.0,1,0.3,25,7.2,0,0.0
2024-25,D,30,66514,0,Orange,Fullerton Joint Union High,District Office,All,All,SE,489,429,87.7,113,26.3,21,4.9,66,15.4,0,0.0,1,0.2,0,0.0,0,0.0,0,0.0,5,1.0,53,10.8,1,0.2
2024-25,D,30,66514,0,Orange,Fullerton Joint Union High,District Office,All,All,SF,19,17,89.5,4,23.5,2,11.8,3,17.6,0,0.0,0,0.0,0,0.0,0,0.0,0,0.0,0,0.0,2,10.5,0,0.0
2024-25,D,30,66514,0,Orange,Fullerton Joint Union High,District Office,All,All,SH,173,131,75.7,35,26.7,9,6.9,25,19.1,0,0.0,1,0.6,0,0.0,3,1.7,0,0.0,2,1.2,35,20.2,1,0.6
2024-25,D,30,66514,0,Orange,Fullerton Joint Union High,District Office,All,All,SM,*,*,*,*,*,*,*,*,*,*,*,*,*,*,*,*,*,*,*,*,*,*,*,*,*
2024-25,D,30,66514,0,Orange,Fullerton Joint Union High,District Office,All,All,SS,2401,2264,94.3,1143,50.5,341,15.1,804,35.5,0,0.0,12,0.5,0,0.0,26,1.1,1,0.0,9,0.4,88,3.7,1,0.0
2024-25,D,30,66514,0,Orange,Fullerton Joint Union High,District Office,All,All,TA,3273,3108,95.0,1844,59.3,516,16.6,1397,44.9,0,0.0,17,0.5,0,0.0,29,0.9,2,0.1,9,0.3,107,3.3,1,0.0
2024-25,D,30,66514,0,Orange,Fullerton Joint Union High,District Office,All,No,GF,1514,1469,97.0,981,66.8,321,21.9,716,48.7,0,0.0,7,0.5,0,0.0,10,0.7,0,0.0,1,0.1,27,1.8,0,0.0
2024-25,D,30,66514,0,Orange,Fullerton Joint Union High,District Office,All,No,GM,1553,1485,95.6,851,57.3,195,13.1,673,45.3,0,0.0,9,0.6,0,0.0,18,1.2,2,0.1,3,0.2,35,2.3,1,0.1
2024-25,D,30,66514,0,Orange,Fullerton Joint Union High,District Office,All,No,GX,14,12,85.7,6,50.0,0,0.0,5,41.7,0,0.0,0,0.0,0,0.0,1,7.1,0,0.0,0,0.0,1,7.1,0,0.0
2024-25,D,30,66514,0,Orange,Fullerton Joint Union High,District Office,All,No,RA,674,653,96.9,584,89.4,157,24.0,530,81.2,0,0.0,8,1.2,0,0.0,4,0.6,1,0.1,0,0.0,8,1.2,0,0.0
2024-25,D,30,66514,0,Orange,Fullerton Joint Union High,District Office,All,No,RB,51,49,96.1,28,57.1,2,4.1,16,32.7,0,0.0,0,0.0,0,0.0,1,2.0,0,0.0,0,0.0,1,2.0,0,0.0
2024-25,D,30,66514,0,Orange,Fullerton Joint Union High,District Office,All,No,RD,31,24,77.4,22,91.7,6,25.0,17,70.8,0,0.0,0,0.0,0,0.0,2,6.5,0,0.0,0,0.0,4,12.9,1,3.2
2024-25,D,30,66514,0,Orange,Fullerton Joint Union High,District Office,All,No,RF,92,91,98.9,78,85.7,10,11.0,59,64.8,0,0.0,0,0.0,0,0.0,1,1.1,0,0.0,0,0.0,0,0.0,0,0.0
2024-25,D,30,66514,0,Orange,Fullerton Joint Union High,District Office,All,No,RH,1765,1698,96.2,819,48.2,295,17.4,520,30.6,0,0.0,1,0.1,0,0.0,20,1.1,0,0.0,4,0.2,42,2.4,0,0.0
2024-25,D,30,66514,0,Orange,Fullerton Joint Union High,District Office,All,No,RI,*,*,*,*,*,*,*,*,*,*,*,*,*,*,*,*,*,*,*,*,*,*,*,*,*
2024-25,D,30,66514,0,Orange,Fullerton Joint Union High,District Office,All,No,RP,*,*,*,*,*,*,*,*,*,*,*,*,*,*,*,*,*,*,*,*,*,*,*,*,*
2024-25,D,30,66514,0,Orange,Fullerton Joint Union High,District Office,All,No,RT,103,100,97.1,68,68.0,8,8.0,61,61.0,0,0.0,1,1.0,0,0.0,0,0.0,0,0.0,0,0.0,2,1.9,0,0.0
2024-25,D,30,66514,0,Orange,Fullerton Joint Union High,District Office,All,No,RW,358,344,96.1,234,68.0,37,10.8,187,54.4,0,0.0,6,1.7,0,0.0,1,0.3,1,0.3,0,0.0,6,1.7,0,0.0
2024-25,D,30,66514,0,Orange,Fullerton Joint Union High,District Office,All,No,SD,323,271,83.9,46,17.0,2,0.7,49,18.1,0,0.0,0,0.0,0,0.0,29,9.0,0,0.0,1,0.3,22,6.8,0,0.0
2024-25,D,30,66514,0,Orange,Fullerton Joint Union High,District Office,All,No,SE,398,370,93.0,113,30.5,21,5.7,65,17.6,0,0.0,1,0.3,0,0.0,0,0.0,0,0.0,2,0.5,24,6.0,1,0.3
2024-25,D,30,66514,0,Orange,Fullerton Joint Union High,District Office,All,No,SF,15,15,100.0,4,26.7,2,13.3,2,13.3,0,0.0,0,0.0,0,0.0,0,0.0,0,0.0,0,0.0,0,0.0,0,0.0
2024-25,D,30,66514,0,Orange,Fullerton Joint Union High,District Office,All,No,SH,126,105,83.3,35,33.3,9,8.6,25,23.8,0,0.0,0,0.0,0,0.0,3,2.4,0,0.0,1,0.8,16,12.7,1,0.8
2024-25,D,30,66514,0,Orange,Fullerton Joint Union High,District Office,All,No,SM,*,*,*,*,*,*,*,*,*,*,*,*,*,*,*,*,*,*,*,*,*,*,*,*,*
2024-25,D,30,66514,0,Orange,Fullerton Joint Union High,District Office,All,No,SS,2216,2129,96.1,1142,53.6,341,16.0,801,37.6,0,0.0,11,0.5,0,0.0,26,1.2,1,0.0,4,0.2,44,2.0,1,0.0
2024-25,D,30,66514,0,Orange,Fullerton Joint Union High,District Office,All,No,TA,3081,2966,96.3,1838,62.0,516,17.4,1394,47.0,0,0.0,16,0.5,0,0.0,29,0.9,2,0.1,4,0.1,63,2.0,1,0.0
2024-25,D,30,66514,0,Orange,Fullerton Joint Union High,District Office,All,Yes,GF,89,68,76.4,3,4.4,0,0.0,3,4.4,0,0.0,0,0.0,0,0.0,0,0.0,0,0.0,2,2.2,19,21.3,0,0.0
2024-25,D,30,66514,0,Orange,Fullerton Joint Union High,District Office,All,Yes,GM,100,72,72.0,2,2.8,0,0.0,0,0.0,0,0.0,1,1.0,0,0.0,0,0.0,0,0.0,3,3.0,24,24.0,0,0.0
2024-25,D,30,66514,0,Orange,Fullerton Joint Union High,District Office,All,Yes,GX,*,*,*,*,*,*,*,*,*,*,*,*,*,*,*,*,*,*,*,*,*,*,*,*,*
2024-25,D,30,66514,0,Orange,Fullerton Joint Union High,District Office,All,Yes,RA,*,*,*,*,*,*,*,*,*,*,*,*,*,*,*,*,*,*,*,*,*,*,*,*,*
2024-25,D,30,66514,0,Orange,Fullerton Joint Union High,District Office,All,Yes,RB,*,*,*,*,*,*,*,*,*,*,*,*,*,*,*,*,*,*,*,*,*,*,*,*,*
2024-25,D,30,66514,0,Orange,Fullerton Joint Union High,District Office,All,Yes,RD,*,*,*,*,*,*,*,*,*,*,*,*,*,*,*,*,*,*,*,*,*,*,*,*,*
2024-25,D,30,66514,0,Orange,Fullerton Joint Union High,District Office,All,Yes,RF,*,*,*,*,*,*,*,*,*,*,*,*,*,*,*,*,*,*,*,*,*,*,*,*,*
2024-25,D,30,66514,0,Orange,Fullerton Joint Union High,District Office,All,Yes,RH,163,120,73.6,2,1.7,0,0.0,3,2.5,0,0.0,0,0.0,0,0.0,0,0.0,0,0.0,4,2.5,39,23.9,0,0.0
2024-25,D,30,66514,0,Orange,Fullerton Joint Union High,District Office,All,Yes,RI,*,*,*,*,*,*,*,*,*,*,*,*,*,*,*,*,*,*,*,*,*,*,*,*,*
2024-25,D,30,66514,0,Orange,Fullerton Joint Union High,District Office,All,Yes,RP,*,*,*,*,*,*,*,*,*,*,*,*,*,*,*,*,*,*,*,*,*,*,*,*,*
2024-25,D,30,66514,0,Orange,Fullerton Joint Union High,District Office,All,Yes,RT,*,*,*,*,*,*,*,*,*,*,*,*,*,*,*,*,*,*,*,*,*,*,*,*,*
2024-25,D,30,66514,0,Orange,Fullerton Joint Union High,District Office,All,Yes,RW,14,12,85.7,3,25.0,0,0.0,0,0.0,0,0.0,1,7.1,0,0.0,0,0.0,0,0.0,1,7.1,0,0.0,0,0.0
2024-25,D,30,66514,0,Orange,Fullerton Joint Union High,District Office,All,Yes,SD,22,19,86.4,0,0.0,0,0.0,0,0.0,0,0.0,0,0.0,0,0.0,0,0.0,0,0.0,0,0.0,3,13.6,0,0.0
2024-25,D,30,66514,0,Orange,Fullerton Joint Union High,District Office,All,Yes,SE,91,59,64.8,0,0.0,0,0.0,1,1.7,0,0.0,0,0.0,0,0.0,0,0.0,0,0.0,3,3.3,29,31.9,0,0.0
2024-25,D,30,66514,0,Orange,Fullerton Joint Union High,District Office,All,Yes,SF,*,*,*,*,*,*,*,*,*,*,*,*,*,*,*,*,*,*,*,*,*,*,*,*,*
2024-25,D,30,66514,0,Orange,Fullerton Joint Union High,District Office,All,Yes,SH,47,26,55.3,0,0.0,0,0.0,0,0.0,0,0.0,1,2.1,0,0.0,0,0.0,0,0.0,1,2.1,19,40.4,0,0.0
2024-25,D,30,66514,0,Orange,Fullerton Joint Union High,District Office,All,Yes,SS,185,135,73.0,1,0.7,0,0.0,3,2.2,0,0.0,1,0.5,0,0.0,0,0.0,0,0.0,5,2.7,44,23.8,0,0.0
2024-25,D,30,66514,0,Orange,Fullerton Joint Union High,District Office,All,Yes,TA,192,142,74.0,6,4.2,0,0.0,3,2.1,0,0.0,1,0.5,0,0.0,0,0.0,0,0.0,5,2.6,44,22.9,0,0.0
2024-25,D,30,66514,0,Orange,Fullerton Joint Union High,District Office,No,All,GF,1603,1537,95.9,984,64.0,321,20.9,719,46.8,0,0.0,7,0.4,0,0.0,10,0.6,0,0.0,3,0.2,46,2.9,0,0.0
2024-25,D,30,66514,0,Orange,Fullerton Joint Union High,District Office,No,All,GM,1653,1557,94.2,853,54.8,195,12.5,673,43.2,0,0.0,10,0.6,0,0.0,18,1.1,2,0.1,6,0.4,59,3.6,1,0.1
2024-25,D,30,66514,0,Orange,Fullerton Joint Union High,District Office,No,All,GX,17,14,82.4,7,50.0,0,0.0,5,35.7,0,0.0,0,0.0,0,0.0,1,5.9,0,0.0,0,0.0,2,11.8,0,0.0
2024-25,D,30,66514,0,Orange,Fullerton Joint Union High,District Office,No,All,RA,677,656,96.9,584,89.0,157,23.9,530,80.8,0,0.0,8,1.2,0,0.0,4,0.6,1,0.1,0,0.0,8,1.2,0,0.0
2024-25,D,30,66514,0,Orange,Fullerton Joint Union High,District Office,No,All,RB,55,50,90.9,28,56.0,2,4.0,16,32.0,0,0.0,0,0.0,0,0.0,1,1.8,0,0.0,0,0.0,4,7.3,0,0.0
2024-25,D,30,66514,0,Orange,Fullerton Joint Union High,District Office,No,All,RD,32,24,75.0,22,91.7,6,25.0,17,70.8,0,0.0,0,0.0,0,0.0,2,6.3,0,0.0,0,0.0,5,15.6,1,3.1
2024-25,D,30,66514,0,Orange,Fullerton Joint Union High,District Office,No,All,RF,93,92,98.9,78,84.8,10,10.9,59,64.1,0,0.0,0,0.0,0,0.0,1,1.1,0,0.0,0,0.0,0,0.0,0,0.0
2024-25,D,30,66514,0,Orange,Fullerton Joint Union High,District Office,No,All,RH,1928,1818,94.3,821,45.2,295,16.2,523,28.8,0,0.0,1,0.1,0,0.0,20,1.0,0,0.0,8,0.4,81,4.2,0,0.0
2024-25,D,30,66514,0,Orange,Fullerton Joint Union High,District Office,No,All,RI,*,*,*,*,*,*,*,*,*,*,*,*,*,*,*,*,*,*,*,*,*,*,*,*,*
2024-25,D,30,66514,0,Orange,Fullerton Joint Union High,District Office,No,All,RP,*,*,*,*,*,*,*,*,*,*,*,*,*,*,*,*,*,*,*,*,*,*,*,*,*
2024-25,D,30,66514,0,Orange,Fullerton Joint Union High,District Office,No,All,RT,107,103,96.3,69,67.0,8,7.8,61,59.2,0,0.0,1,0.9,0,0.0,0,0.0,0,0.0,0,0.0,3,2.8,0,0.0
2024-25,D,30,66514,0,Orange,Fullerton Joint Union High,District Office,No,All,RW,372,356,95.7,237,66.6,37,10.4,187,52.5,0,0.0,7,1.9,0,0.0,1,0.3,1,0.3,1,0.3,6,1.6,0,0.0
2024-25,D,30,66514,0,Orange,Fullerton Joint Union High,District Office,No,All,SD,345,290,84.1,46,15.9,2,0.7,49,16.9,0,0.0,0,0.0,0,0.0,29,8.4,0,0.0,1,0.3,25,7.2,0,0.0
2024-25,D,30,66514,0,Orange,Fullerton Joint Union High,District Office,No,All,SE,489,429,87.7,113,26.3,21,4.9,66,15.4,0,0.0,1,0.2,0,0.0,0,0.0,0,0.0,5,1.0,53,10.8,1,0.2
2024-25,D,30,66514,0,Orange,Fullerton Joint Union High,District Office,No,All,SF,19,17,89.5,4,23.5,2,11.8,3,17.6,0,0.0,0,0.0,0,0.0,0,0.0,0,0.0,0,0.0,2,10.5,0,0.0
2024-25,D,30,66514,0,Orange,Fullerton Joint Union High,District Office,No,All,SH,173,131,75.7,35,26.7,9,6.9,25,19.1,0,0.0,1,0.6,0,0.0,3,1.7,0,0.0,2,1.2,35,20.2,1,0.6
2024-25,D,30,66514,0,Orange,Fullerton Joint Union High,District Office,No,All,SM,*,*,*,*,*,*,*,*,*,*,*,*,*,*,*,*,*,*,*,*,*,*,*,*,*
2024-25,D,30,66514,0,Orange,Fullerton Joint Union High,District Office,No,All,SS,2401,2264,94.3,1143,50.5,341,15.1,804,35.5,0,0.0,12,0.5,0,0.0,26,1.1,1,0.0,9,0.4,88,3.7,1,0.0
2024-25,D,30,66514,0,Orange,Fullerton Joint Union High,District Office,No,All,TA,3273,3108,95.0,1844,59.3,516,16.6,1397,44.9,0,0.0,17,0.5,0,0.0,29,0.9,2,0.1,9,0.3,107,3.3,1,0.0
2024-25,D,30,66514,0,Orange,Fullerton Joint Union High,District Office,No,No,GF,1514,1469,97.0,981,66.8,321,21.9,716,48.7,0,0.0,7,0.5,0,0.0,10,0.7,0,0.0,1,0.1,27,1.8,0,0.0
2024-25,D,30,66514,0,Orange,Fullerton Joint Union High,District Office,No,No,GM,1553,1485,95.6,851,57.3,195,13.1,673,45.3,0,0.0,9,0.6,0,0.0,18,1.2,2,0.1,3,0.2,35,2.3,1,0.1
2024-25,D,30,66514,0,Orange,Fullerton Joint Union High,District Office,No,No,GX,14,12,85.7,6,50.0,0,0.0,5,41.7,0,0.0,0,0.0,0,0.0,1,7.1,0,0.0,0,0.0,1,7.1,0,0.0
2024-25,D,30,66514,0,Orange,Fullerton Joint Union High,District Office,No,No,RA,674,653,96.9,584,89.4,157,24.0,530,81.2,0,0.0,8,1.2,0,0.0,4,0.6,1,0.1,0,0.0,8,1.2,0,0.0
2024-25,D,30,66514,0,Orange,Fullerton Joint Union High,District Office,No,No,RB,51,49,96.1,28,57.1,2,4.1,16,32.7,0,0.0,0,0.0,0,0.0,1,2.0,0,0.0,0,0.0,1,2.0,0,0.0
2024-25,D,30,66514,0,Orange,Fullerton Joint Union High,District Office,No,No,RD,31,24,77.4,22,91.7,6,25.0,17,70.8,0,0.0,0,0.0,0,0.0,2,6.5,0,0.0,0,0.0,4,12.9,1,3.2
2024-25,D,30,66514,0,Orange,Fullerton Joint Union High,District Office,No,No,RF,92,91,98.9,78,85.7,10,11.0,59,64.8,0,0.0,0,0.0,0,0.0,1,1.1,0,0.0,0,0.0,0,0.0,0,0.0
2024-25,D,30,66514,0,Orange,Fullerton Joint Union High,District Office,No,No,RH,1765,1698,96.2,819,48.2,295,17.4,520,30.6,0,0.0,1,0.1,0,0.0,20,1.1,0,0.0,4,0.2,42,2.4,0,0.0
2024-25,D,30,66514,0,Orange,Fullerton Joint Union High,District Office,No,No,RI,*,*,*,*,*,*,*,*,*,*,*,*,*,*,*,*,*,*,*,*,*,*,*,*,*
2024-25,D,30,66514,0,Orange,Fullerton Joint Union High,District Office,No,No,RP,*,*,*,*,*,*,*,*,*,*,*,*,*,*,*,*,*,*,*,*,*,*,*,*,*
2024-25,D,30,66514,0,Orange,Fullerton Joint Union High,District Office,No,No,RT,103,100,97.1,68,68.0,8,8.0,61,61.0,0,0.0,1,1.0,0,0.0,0,0.0,0,0.0,0,0.0,2,1.9,0,0.0
2024-25,D,30,66514,0,Orange,Fullerton Joint Union High,District Office,No,No,RW,358,344,96.1,234,68.0,37,10.8,187,54.4,0,0.0,6,1.7,0,0.0,1,0.3,1,0.3,0,0.0,6,1.7,0,0.0
2024-25,D,30,66514,0,Orange,Fullerton Joint Union High,District Office,No,No,SD,323,271,83.9,46,17.0,2,0.7,49,18.1,0,0.0,0,0.0,0,0.0,29,9.0,0,0.0,1,0.3,22,6.8,0,0.0
2024-25,D,30,66514,0,Orange,Fullerton Joint Union High,District Office,No,No,SE,398,370,93.0,113,30.5,21,5.7,65,17.6,0,0.0,1,0.3,0,0.0,0,0.0,0,0.0,2,0.5,24,6.0,1,0.3
2024-25,D,30,66514,0,Orange,Fullerton Joint Union High,District Office,No,No,SF,15,15,100.0,4,26.7,2,13.3,2,13.3,0,0.0,0,0.0,0,0.0,0,0.0,0,0.0,0,0.0,0,0.0,0,0.0
2024-25,D,30,66514,0,Orange,Fullerton Joint Union High,District Office,No,No,SH,126,105,83.3,35,33.3,9,8.6,25,23.8,0,0.0,0,0.0,0,0.0,3,2.4,0,0.0,1,0.8,16,12.7,1,0.8
2024-25,D,30,66514,0,Orange,Fullerton Joint Union High,District Office,No,No,SM,*,*,*,*,*,*,*,*,*,*,*,*,*,*,*,*,*,*,*,*,*,*,*,*,*
2024-25,D,30,66514,0,Orange,Fullerton Joint Union High,District Office,No,No,SS,2216,2129,96.1,1142,53.6,341,16.0,801,37.6,0,0.0,11,0.5,0,0.0,26,1.2,1,0.0,4,0.2,44,2.0,1,0.0
2024-25,D,30,66514,0,Orange,Fullerton Joint Union High,District Office,No,No,TA,3081,2966,96.3,1838,62.0,516,17.4,1394,47.0,0,0.0,16,0.5,0,0.0,29,0.9,2,0.1,4,0.1,63,2.0,1,0.0
2024-25,D,30,66514,0,Orange,Fullerton Joint Union High,District Office,No,Yes,GF,89,68,76.4,3,4.4,0,0.0,3,4.4,0,0.0,0,0.0,0,0.0,0,0.0,0,0.0,2,2.2,19,21.3,0,0.0
2024-25,D,30,66514,0,Orange,Fullerton Joint Union High,District Office,No,Yes,GM,100,72,72.0,2,2.8,0,0.0,0,0.0,0,0.0,1,1.0,0,0.0,0,0.0,0,0.0,3,3.0,24,24.0,0,0.0
2024-25,D,30,66514,0,Orange,Fullerton Joint Union High,District Office,No,Yes,GX,*,*,*,*,*,*,*,*,*,*,*,*,*,*,*,*,*,*,*,*,*,*,*,*,*
2024-25,D,30,66514,0,Orange,Fullerton Joint Union High,District Office,No,Yes,RA,*,*,*,*,*,*,*,*,*,*,*,*,*,*,*,*,*,*,*,*,*,*,*,*,*
2024-25,D,30,66514,0,Orange,Fullerton Joint Union High,District Office,No,Yes,RB,*,*,*,*,*,*,*,*,*,*,*,*,*,*,*,*,*,*,*,*,*,*,*,*,*
2024-25,D,30,66514,0,Orange,Fullerton Joint Union High,District Office,No,Yes,RD,*,*,*,*,*,*,*,*,*,*,*,*,*,*,*,*,*,*,*,*,*,*,*,*,*
2024-25,D,30,66514,0,Orange,Fullerton Joint Union High,District Office,No,Yes,RF,*,*,*,*,*,*,*,*,*,*,*,*,*,*,*,*,*,*,*,*,*,*,*,*,*
2024-25,D,30,66514,0,Orange,Fullerton Joint Union High,District Office,No,Yes,RH,163,120,73.6,2,1.7,0,0.0,3,2.5,0,0.0,0,0.0,0,0.0,0,0.0,0,0.0,4,2.5,39,23.9,0,0.0
2024-25,D,30,66514,0,Orange,Fullerton Joint Union High,District Office,No,Yes,RI,*,*,*,*,*,*,*,*,*,*,*,*,*,*,*,*,*,*,*,*,*,*,*,*,*
2024-25,D,30,66514,0,Orange,Fullerton Joint Union High,District Office,No,Yes,RP,*,*,*,*,*,*,*,*,*,*,*,*,*,*,*,*,*,*,*,*,*,*,*,*,*
2024-25,D,30,66514,0,Orange,Fullerton Joint Union High,District Office,No,Yes,RT,*,*,*,*,*,*,*,*,*,*,*,*,*,*,*,*,*,*,*,*,*,*,*,*,*
2024-25,D,30,66514,0,Orange,Fullerton Joint Union High,District Office,No,Yes,RW,14,12,85.7,3,25.0,0,0.0,0,0.0,0,0.0,1,7.1,0,0.0,0,0.0,0,0.0,1,7.1,0,0.0,0,0.0
2024-25,D,30,66514,0,Orange,Fullerton Joint Union High,District Office,No,Yes,SD,22,19,86.4,0,0.0,0,0.0,0,0.0,0,0.0,0,0.0,0,0.0,0,0.0,0,0.0,0,0.0,3,13.6,0,0.0
2024-25,D,30,66514,0,Orange,Fullerton Joint Union High,District Office,No,Yes,SE,91,59,64.8,0,0.0,0,0.0,1,1.7,0,0.0,0,0.0,0,0.0,0,0.0,0,0.0,3,3.3,29,31.9,0,0.0
2024-25,D,30,66514,0,Orange,Fullerton Joint Union High,District Office,No,Yes,SF,*,*,*,*,*,*,*,*,*,*,*,*,*,*,*,*,*,*,*,*,*,*,*,*,*
2024-25,D,30,66514,0,Orange,Fullerton Joint Union High,District Office,No,Yes,SH,47,26,55.3,0,0.0,0,0.0,0,0.0,0,0.0,1,2.1,0,0.0,0,0.0,0,0.0,1,2.1,19,40.4,0,0.0
2024-25,D,30,66514,0,Orange,Fullerton Joint Union High,District Office,No,Yes,SS,185,135,73.0,1,0.7,0,0.0,3,2.2,0,0.0,1,0.5,0,0.0,0,0.0,0,0.0,5,2.7,44,23.8,0,0.0
2024-25,D,30,66514,0,Orange,Fullerton Joint Union High,District Office,No,Yes,TA,192,142,74.0,6,4.2,0,0.0,3,2.1,0,0.0,1,0.5,0,0.0,0,0.0,0,0.0,5,2.6,44,22.9,0,0.0
2024-25,D,30,66522,0,Orange,Garden Grove Unified,District Office,All,All,GF,1524,1437,94.3,990,68.9,373,26.0,597,41.5,2,0.1,2,0.1,0,0.0,13,0.9,0,0.0,0,0.0,72,4.7,0,0.0
2024-25,D,30,66522,0,Orange,Garden Grove Unified,District Office,All,All,GM,1680,1521,90.5,921,60.6,227,14.9,555,36.5,3,0.2,1,0.1,0,0.0,32,1.9,1,0.1,3,0.2,122,7.3,0,0.0
2024-25,D,30,66522,0,Orange,Garden Grove Unified,District Office,All,All,GX,*,*,*,*,*,*,*,*,*,*,*,*,*,*,*,*,*,*,*,*,*,*,*,*,*
2024-25,D,30,66522,0,Orange,Garden Grove Unified,District Office,All,All,RA,1274,1176,92.3,998,84.9,322,27.4,774,65.8,1,0.1,1,0.1,0,0.0,19,1.5,1,0.1,0,0.0,77,6.0,0,0.0
2024-25,D,30,66522,0,Orange,Garden Grove Unified,District Office,All,All,RB,16,15,93.8,5,33.3,2,13.3,2,13.3,0,0.0,0,0.0,0,0.0,1,6.3,0,0.0,0,0.0,0,0.0,0,0.0
2024-25,D,30,66522,0,Orange,Garden Grove Unified,District Office,All,All,RD,14,14,100.0,9,64.3,0,0.0,5,35.7,0,0.0,0,0.0,0,0.0,0,0.0,0,0.0,0,0.0,0,0.0,0,0.0
2024-25,D,30,66522,0,Orange,Garden Grove Unified,District Office,All,All,RF,37,34,91.9,25,73.5,1,2.9,18,52.9,0,0.0,0,0.0,0,0.0,0,0.0,0,0.0,0,0.0,3,8.1,0,0.0
2024-25,D,30,66522,0,Orange,Garden Grove Unified,District Office,All,All,RH,1602,1471,91.8,716,48.7,257,17.5,267,18.2,2,0.1,0,0.0,0,0.0,23,1.4,0,0.0,3,0.2,105,6.6,0,0.0
2024-25,D,30,66522,0,Orange,Garden Grove Unified,District Office,All,All,RI,*,*,*,*,*,*,*,*,*,*,*,*,*,*,*,*,*,*,*,*,*,*,*,*,*
2024-25,D,30,66522,0,Orange,Garden Grove Unified,District Office,All,All,RP,13,12,92.3,7,58.3,0,0.0,2,16.7,1,8.3,0,0.0,0,0.0,0,0.0,0,0.0,0,0.0,1,7.7,0,0.0
2024-25,D,30,66522,0,Orange,Garden Grove Unified,District Office,All,All,RT,41,39,95.1,26,66.7,1,2.6,14,35.9,1,2.6,0,0.0,0,0.0,1,2.4,0,0.0,0,0.0,1,2.4,0,0.0
2024-25,D,30,66522,0,Orange,Garden Grove Unified,District Office,All,All,RW,212,202,95.3,124,61.4,19,9.4,70,34.7,0,0.0,2,0.9,0,0.0,1,0.5,0,0.0,0,0.0,7,3.3,0,0.0
2024-25,D,30,66522,0,Orange,Garden Grove Unified,District Office,All,All,SD,443,361,81.5,58,16.1,4,1.1,13,3.6,1,0.3,1,0.2,0,0.0,45,10.2,0,0.0,2,0.5,34,7.7,0,0.0
2024-25,D,30,66522,0,Orange,Garden Grove Unified,District Office,All,All,SE,928,773,83.3,281,36.4,98,12.7,91,11.8,0,0.0,1,0.1,0,0.0,8,0.9,0,0.0,2,0.2,144,15.5,0,0.0
2024-25,D,30,66522,0,Orange,Garden Grove Unified,District Office,All,All,SF,17,14,82.4,4,28.6,0,0.0,1,7.1,0,0.0,0,0.0,0,0.0,1,5.9,0,0.0,0,0.0,2,11.8,0,0.0
2024-25,D,30,66522,0,Orange,Garden Grove Unified,District Office,All,All,SH,201,157,78.1,66,42.0,29,18.5,42,26.8,4,2.5,0,0.0,0,0.0,2,1.0,0,0.0,0,0.0,42,20.9,0,0.0
2024-25,D,30,66522,0,Orange,Garden Grove Unified,District Office,All,All,SM,*,*,*,*,*,*,*,*,*,*,*,*,*,*,*,*,*,*,*,*,*,*,*,*,*
2024-25,D,30,66522,0,Orange,Garden Grove Unified,District Office,All,All,SS,2918,2693,92.3,1689,62.7,557,20.7,1006,37.4,5,0.2,2,0.1,0,0.0,39,1.3,1,0.0,3,0.1,180,6.2,0,0.0
2024-25,D,30,66522,0,Orange,Garden Grove Unified,District Office,All,All,TA,3212,2966,92.3,1913,64.5,602,20.3,1154,38.9,5,0.2,3,0.1,0,0.0,45,1.4,1,0.0,3,0.1,194,6.0,0,0.0
2024-25,D,30,66522,0,Orange,Garden Grove Unified,District Office,All,No,GF,1477,1394,94.4,988,70.9,373,26.8,597,42.8,0,0.0,2,0.1,0,0.0,13,0.9,0,0.0,0,0.0,68,4.6,0,0.0
2024-25,D,30,66522,0,Orange,Garden Grove Unified,District Office,All,No,GM,1635,1487,90.9,921,61.9,227,15.3,555,37.3,0,0.0,1,0.1,0,0.0,32,2.0,1,0.1,3,0.2,111,6.8,0,0.0
2024-25,D,30,66522,0,Orange,Garden Grove Unified,District Office,All,No,GX,*,*,*,*,*,*,*,*,*,*,*,*,*,*,*,*,*,*,*,*,*,*,*,*,*
2024-25,D,30,66522,0,Orange,Garden Grove Unified,District Office,All,No,RA,1265,1170,92.5,998,85.3,322,27.5,774,66.2,0,0.0,1,0.1,0,0.0,19,1.5,1,0.1,0,0.0,74,5.8,0,0.0
2024-25,D,30,66522,0,Orange,Garden Grove Unified,District Office,All,No,RB,16,15,93.8,5,33.3,2,13.3,2,13.3,0,0.0,0,0.0,0,0.0,1,6.3,0,0.0,0,0.0,0,0.0,0,0.0
2024-25,D,30,66522,0,Orange,Garden Grove Unified,District Office,All,No,RD,13,13,100.0,9,69.2,0,0.0,5,38.5,0,0.0,0,0.0,0,0.0,0,0.0,0,0.0,0,0.0,0,0.0,0,0.0
2024-25,D,30,66522,0,Orange,Garden Grove Unified,District Office,All,No,RF,37,34,91.9,25,73.5,1,2.9,18,52.9,0,0.0,0,0.0,0,0.0,0,0.0,0,0.0,0,0.0,3,8.1,0,0.0
2024-25,D,30,66522,0,Orange,Garden Grove Unified,District Office,All,No,RH,1530,1411,92.2,714,50.6,257,18.2,267,18.9,0,0.0,0,0.0,0,0.0,23,1.5,0,0.0,3,0.2,93,6.1,0,0.0
2024-25,D,30,66522,0,Orange,Garden Grove Unified,District Office,All,No,RI,*,*,*,*,*,*,*,*,*,*,*,*,*,*,*,*,*,*,*,*,*,*,*,*,*
2024-25,D,30,66522,0,Orange,Garden Grove Unified,District Office,All,No,RP,*,*,*,*,*,*,*,*,*,*,*,*,*,*,*,*,*,*,*,*,*,*,*,*,*
2024-25,D,30,66522,0,Orange,Garden Grove Unified,District Office,All,No,RT,38,36,94.7,26,72.2,1,2.8,14,38.9,0,0.0,0,0.0,0,0.0,1,2.6,0,0.0,0,0.0,1,2.6,0,0.0
2024-25,D,30,66522,0,Orange,Garden Grove Unified,District Office,All,No,RW,206,196,95.1,124,63.3,19,9.7,70,35.7,0,0.0,2,1.0,0,0.0,1,0.5,0,0.0,0,0.0,7,3.4,0,0.0
2024-25,D,30,66522,0,Orange,Garden Grove Unified,District Office,All,No,SD,426,350,82.2,58,16.6,4,1.1,13,3.7,0,0.0,1,0.2,0,0.0,45,10.6,0,0.0,2,0.5,28,6.6,0,0.0
2024-25,D,30,66522,0,Orange,Garden Grove Unified,District Office,All,No,SE,887,741,83.5,280,37.8,98,13.2,91,12.3,0,0.0,1,0.1,0,0.0,8,0.9,0,0.0,2,0.2,135,15.2,0,0.0
2024-25,D,30,66522,0,Orange,Garden Grove Unified,District Office,All,No,SF,17,14,82.4,4,28.6,0,0.0,1,7.1,0,0.0,0,0.0,0,0.0,1,5.9,0,0.0,0,0.0,2,11.8,0,0.0
2024-25,D,30,66522,0,Orange,Garden Grove Unified,District Office,All,No,SH,186,148,79.6,66,44.6,29,19.6,42,28.4,0,0.0,0,0.0,0,0.0,2,1.1,0,0.0,0,0.0,36,19.4,0,0.0
2024-25,D,30,66522,0,Orange,Garden Grove Unified,District Office,All,No,SM,*,*,*,*,*,*,*,*,*,*,*,*,*,*,*,*,*,*,*,*,*,*,*,*,*
2024-25,D,30,66522,0,Orange,Garden Grove Unified,District Office,All,No,SS,2826,2616,92.6,1687,64.5,557,21.3,1006,38.5,0,0.0,2,0.1,0,0.0,39,1.4,1,0.0,3,0.1,165,5.8,0,0.0
2024-25,D,30,66522,0,Orange,Garden Grove Unified,District Office,All,No,TA,3118,2887,92.6,1911,66.2,602,20.9,1154,40.0,0,0.0,3,0.1,0,0.0,45,1.4,1,0.0,3,0.1,179,5.7,0,0.0
2024-25,D,30,66522,0,Orange,Garden Grove Unified,District Office,All,Yes,GF,47,43,91.5,2,4.7,0,0.0,0,0.0,2,4.7,0,0.0,0,0.0,0,0.0,0,0.0,0,0.0,4,8.5,0,0.0
2024-25,D,30,66522,0,Orange,Garden Grove Unified,District Office,All,Yes,GM,45,34,75.6,0,0.0,0,0.0,0,0.0,3,8.8,0,0.0,0,0.0,0,0.0,0,0.0,0,0.0,11,24.4,0,0.0
2024-25,D,30,66522,0,Orange,Garden Grove Unified,District Office,All,Yes,GX,*,*,*,*,*,*,*,*,*,*,*,*,*,*,*,*,*,*,*,*,*,*,*,*,*
2024-25,D,30,66522,0,Orange,Garden Grove Unified,District Office,All,Yes,RA,*,*,*,*,*,*,*,*,*,*,*,*,*,*,*,*,*,*,*,*,*,*,*,*,*
2024-25,D,30,66522,0,Orange,Garden Grove Unified,District Office,All,Yes,RB,*,*,*,*,*,*,*,*,*,*,*,*,*,*,*,*,*,*,*,*,*,*,*,*,*
2024-25,D,30,66522,0,Orange,Garden Grove Unified,District Office,All,Yes,RD,*,*,*,*,*,*,*,*,*,*,*,*,*,*,*,*,*,*,*,*,*,*,*,*,*
2024-25,D,30,66522,0,Orange,Garden Grove Unified,District Office,All,Yes,RF,*,*,*,*,*,*,*,*,*,*,*,*,*,*,*,*,*,*,*,*,*,*,*,*,*
2024-25,D,30,66522,0,Orange,Garden Grove Unified,District Office,All,Yes,RH,72,60,83.3,2,3.3,0,0.0,0,0.0,2,3.3,0,0.0,0,0.0,0,0.0,0,0.0,0,0.0,12,16.7,0,0.0
2024-25,D,30,66522,0,Orange,Garden Grove Unified,District Office,All,Yes,RI,*,*,*,*,*,*,*,*,*,*,*,*,*,*,*,*,*,*,*,*,*,*,*,*,*
2024-25,D,30,66522,0,Orange,Garden Grove Unified,District Office,All,Yes,RP,*,*,*,*,*,*,*,*,*,*,*,*,*,*,*,*,*,*,*,*,*,*,*,*,*
2024-25,D,30,66522,0,Orange,Garden Grove Unified,District Office,All,Yes,RT,*,*,*,*,*,*,*,*,*,*,*,*,*,*,*,*,*,*,*,*,*,*,*,*,*
2024-25,D,30,66522,0,Orange,Garden Grove Unified,District Office,All,Yes,RW,*,*,*,*,*,*,*,*,*,*,*,*,*,*,*,*,*,*,*,*,*,*,*,*,*
2024-25,D,30,66522,0,Orange,Garden Grove Unified,District Office,All,Yes,SD,17,11,64.7,0,0.0,0,0.0,0,0.0,1,9.1,0,0.0,0,0.0,0,0.0,0,0.0,0,0.0,6,35.3,0,0.0
2024-25,D,30,66522,0,Orange,Garden Grove Unified,District Office,All,Yes,SE,41,32,78.0,1,3.1,0,0.0,0,0.0,0,0.0,0,0.0,0,0.0,0,0.0,0,0.0,0,0.0,9,22.0,0,0.0
2024-25,D,30,66522,0,Orange,Garden Grove Unified,District Office,All,Yes,SH,15,9,60.0,0,0.0,0,0.0,0,0.0,4,44.4,0,0.0,0,0.0,0,0.0,0,0.0,0,0.0,6,40.0,0,0.0
2024-25,D,30,66522,0,Orange,Garden Grove Unified,District Office,All,Yes,SS,92,77,83.7,2,2.6,0,0.0,0,0.0,5,6.5,0,0.0,0,0.0,0,0.0,0,0.0,0,0.0,15,16.3,0,0.0
2024-25,D,30,66522,0,Orange,Garden Grove Unified,District Office,All,Yes,TA,94,79,84.0,2,2.5,0,0.0,0,0.0,5,6.3,0,0.0,0,0.0,0,0.0,0,0.0,0,0.0,15,16.0,0,0.0
2024-25,D,30,66522,0,Orange,Garden Grove Unified,District Office,No,All,GF,1524,1437,94.3,990,68.9,373,26.0,597,41.5,2,0.1,2,0.1,0,0.0,13,0.9,0,0.0,0,0.0,72,4.7,0,0.0
2024-25,D,30,66522,0,Orange,Garden Grove Unified,District Office,No,All,GM,1680,1521,90.5,921,60.6,227,14.9,555,36.5,3,0.2,1,0.1,0,0.0,32,1.9,1,0.1,3,0.2,122,7.3,0,0.0
2024-25,D,30,66522,0,Orange,Garden Grove Unified,District Office,No,All,GX,*,*,*,*,*,*,*,*,*,*,*,*,*,*,*,*,*,*,*,*,*,*,*,*,*
2024-25,D,30,66522,0,Orange,Garden Grove Unified,District Office,No,All,RA,1274,1176,92.3,998,84.9,322,27.4,774,65.8,1,0.1,1,0.1,0,0.0,19,1.5,1,0.1,0,0.0,77,6.0,0,0.0
2024-25,D,30,66522,0,Orange,Garden Grove Unified,District Office,No,All,RB,16,15,93.8,5,33.3,2,13.3,2,13.3,0,0.0,0,0.0,0,0.0,1,6.3,0,0.0,0,0.0,0,0.0,0,0.0
2024-25,D,30,66522,0,Orange,Garden Grove Unified,District Office,No,All,RD,14,14,100.0,9,64.3,0,0.0,5,35.7,0,0.0,0,0.0,0,0.0,0,0.0,0,0.0,0,0.0,0,0.0,0,0.0
2024-25,D,30,66522,0,Orange,Garden Grove Unified,District Office,No,All,RF,37,34,91.9,25,73.5,1,2.9,18,52.9,0,0.0,0,0.0,0,0.0,0,0.0,0,0.0,0,0.0,3,8.1,0,0.0
2024-25,D,30,66522,0,Orange,Garden Grove Unified,District Office,No,All,RH,1602,1471,91.8,716,48.7,257,17.5,267,18.2,2,0.1,0,0.0,0,0.0,23,1.4,0,0.0,3,0.2,105,6.6,0,0.0
2024-25,D,30,66522,0,Orange,Garden Grove Unified,District Office,No,All,RI,*,*,*,*,*,*,*,*,*,*,*,*,*,*,*,*,*,*,*,*,*,*,*,*,*
2024-25,D,30,66522,0,Orange,Garden Grove Unified,District Office,No,All,RP,13,12,92.3,7,58.3,0,0.0,2,16.7,1,8.3,0,0.0,0,0.0,0,0.0,0,0.0,0,0.0,1,7.7,0,0.0
2024-25,D,30,66522,0,Orange,Garden Grove Unified,District Office,No,All,RT,41,39,95.1,26,66.7,1,2.6,14,35.9,1,2.6,0,0.0,0,0.0,1,2.4,0,0.0,0,0.0,1,2.4,0,0.0
2024-25,D,30,66522,0,Orange,Garden Grove Unified,District Office,No,All,RW,212,202,95.3,124,61.4,19,9.4,70,34.7,0,0.0,2,0.9,0,0.0,1,0.5,0,0.0,0,0.0,7,3.3,0,0.0
2024-25,D,30,66522,0,Orange,Garden Grove Unified,District Office,No,All,SD,443,361,81.5,58,16.1,4,1.1,13,3.6,1,0.3,1,0.2,0,0.0,45,10.2,0,0.0,2,0.5,34,7.7,0,0.0
2024-25,D,30,66522,0,Orange,Garden Grove Unified,District Office,No,All,SE,928,773,83.3,281,36.4,98,12.7,91,11.8,0,0.0,1,0.1,0,0.0,8,0.9,0,0.0,2,0.2,144,15.5,0,0.0
2024-25,D,30,66522,0,Orange,Garden Grove Unified,District Office,No,All,SF,17,14,82.4,4,28.6,0,0.0,1,7.1,0,0.0,0,0.0,0,0.0,1,5.9,0,0.0,0,0.0,2,11.8,0,0.0
2024-25,D,30,66522,0,Orange,Garden Grove Unified,District Office,No,All,SH,201,157,78.1,66,42.0,29,18.5,42,26.8,4,2.5,0,0.0,0,0.0,2,1.0,0,0.0,0,0.0,42,20.9,0,0.0
2024-25,D,30,66522,0,Orange,Garden Grove Unified,District Office,No,All,SM,*,*,*,*,*,*,*,*,*,*,*,*,*,*,*,*,*,*,*,*,*,*,*,*,*
2024-25,D,30,66522,0,Orange,Garden Grove Unified,District Office,No,All,SS,2918,2693,92.3,1689,62.7,557,20.7,1006,37.4,5,0.2,2,0.1,0,0.0,39,1.3,1,0.0,3,0.1,180,6.2,0,0.0
2024-25,D,30,66522,0,Orange,Garden Grove Unified,District Office,No,All,TA,3212,2966,92.3,1913,64.5,602,20.3,1154,38.9,5,0.2,3,0.1,0,0.0,45,1.4,1,0.0,3,0.1,194,6.0,0,0.0
2024-25,D,30,66522,0,Orange,Garden Grove Unified,District Office,No,No,GF,1477,1394,94.4,988,70.9,373,26.8,597,42.8,0,0.0,2,0.1,0,0.0,13,0.9,0,0.0,0,0.0,68,4.6,0,0.0
2024-25,D,30,66522,0,Orange,Garden Grove Unified,District Office,No,No,GM,1635,1487,90.9,921,61.9,227,15.3,555,37.3,0,0.0,1,0.1,0,0.0,32,2.0,1,0.1,3,0.2,111,6.8,0,0.0
2024-25,D,30,66522,0,Orange,Garden Grove Unified,District Office,No,No,GX,*,*,*,*,*,*,*,*,*,*,*,*,*,*,*,*,*,*,*,*,*,*,*,*,*
2024-25,D,30,66522,0,Orange,Garden Grove Unified,District Office,No,No,RA,1265,1170,92.5,998,85.3,322,27.5,774,66.2,0,0.0,1,0.1,0,0.0,19,1.5,1,0.1,0,0.0,74,5.8,0,0.0
2024-25,D,30,66522,0,Orange,Garden Grove Unified,District Office,No,No,RB,16,15,93.8,5,33.3,2,13.3,2,13.3,0,0.0,0,0.0,0,0.0,1,6.3,0,0.0,0,0.0,0,0.0,0,0.0
2024-25,D,30,66522,0,Orange,Garden Grove Unified,District Office,No,No,RD,13,13,100.0,9,69.2,0,0.0,5,38.5,0,0.0,0,0.0,0,0.0,0,0.0,0,0.0,0,0.0,0,0.0,0,0.0
2024-25,D,30,66522,0,Orange,Garden Grove Unified,District Office,No,No,RF,37,34,91.9,25,73.5,1,2.9,18,52.9,0,0.0,0,0.0,0,0.0,0,0.0,0,0.0,0,0.0,3,8.1,0,0.0
2024-25,D,30,66522,0,Orange,Garden Grove Unified,District Office,No,No,RH,1530,1411,92.2,714,50.6,257,18.2,267,18.9,0,0.0,0,0.0,0,0.0,23,1.5,0,0.0,3,0.2,93,6.1,0,0.0
2024-25,D,30,66522,0,Orange,Garden Grove Unified,District Office,No,No,RI,*,*,*,*,*,*,*,*,*,*,*,*,*,*,*,*,*,*,*,*,*,*,*,*,*
2024-25,D,30,66522,0,Orange,Garden Grove Unified,District Office,No,No,RP,*,*,*,*,*,*,*,*,*,*,*,*,*,*,*,*,*,*,*,*,*,*,*,*,*
2024-25,D,30,66522,0,Orange,Garden Grove Unified,District Office,No,No,RT,38,36,94.7,26,72.2,1,2.8,14,38.9,0,0.0,0,0.0,0,0.0,1,2.6,0,0.0,0,0.0,1,2.6,0,0.0
2024-25,D,30,66522,0,Orange,Garden Grove Unified,District Office,No,No,RW,206,196,95.1,124,63.3,19,9.7,70,35.7,0,0.0,2,1.0,0,0.0,1,0.5,0,0.0,0,0.0,7,3.4,0,0.0
2024-25,D,30,66522,0,Orange,Garden Grove Unified,District Office,No,No,SD,426,350,82.2,58,16.6,4,1.1,13,3.7,0,0.0,1,0.2,0,0.0,45,10.6,0,0.0,2,0.5,28,6.6,0,0.0
2024-25,D,30,66522,0,Orange,Garden Grove Unified,District Office,No,No,SE,887,741,83.5,280,37.8,98,13.2,91,12.3,0,0.0,1,0.1,0,0.0,8,0.9,0,0.0,2,0.2,135,15.2,0,0.0
2024-25,D,30,66522,0,Orange,Garden Grove Unified,District Office,No,No,SF,17,14,82.4,4,28.6,0,0.0,1,7.1,0,0.0,0,0.0,0,0.0,1,5.9,0,0.0,0,0.0,2,11.8,0,0.0
2024-25,D,30,66522,0,Orange,Garden Grove Unified,District Office,No,No,SH,186,148,79.6,66,44.6,29,19.6,42,28.4,0,0.0,0,0.0,0,0.0,2,1.1,0,0.0,0,0.0,36,19.4,0,0.0
2024-25,D,30,66522,0,Orange,Garden Grove Unified,District Office,No,No,SM,*,*,*,*,*,*,*,*,*,*,*,*,*,*,*,*,*,*,*,*,*,*,*,*,*
2024-25,D,30,66522,0,Orange,Garden Grove Unified,District Office,No,No,SS,2826,2616,92.6,1687,64.5,557,21.3,1006,38.5,0,0.0,2,0.1,0,0.0,39,1.4,1,0.0,3,0.1,165,5.8,0,0.0
2024-25,D,30,66522,0,Orange,Garden Grove Unified,District Office,No,No,TA,3118,2887,92.6,1911,66.2,602,20.9,1154,40.0,0,0.0,3,0.1,0,0.0,45,1.4,1,0.0,3,0.1,179,5.7,0,0.0
2024-25,D,30,66522,0,Orange,Garden Grove Unified,District Office,No,Yes,GF,47,43,91.5,2,4.7,0,0.0,0,0.0,2,4.7,0,0.0,0,0.0,0,0.0,0,0.0,0,0.0,4,8.5,0,0.0
2024-25,D,30,66522,0,Orange,Garden Grove Unified,District Office,No,Yes,GM,45,34,75.6,0,0.0,0,0.0,0,0.0,3,8.8,0,0.0,0,0.0,0,0.0,0,0.0,0,0.0,11,24.4,0,0.0
2024-25,D,30,66522,0,Orange,Garden Grove Unified,District Office,No,Yes,GX,*,*,*,*,*,*,*,*,*,*,*,*,*,*,*,*,*,*,*,*,*,*,*,*,*
2024-25,D,30,66522,0,Orange,Garden Grove Unified,District Office,No,Yes,RA,*,*,*,*,*,*,*,*,*,*,*,*,*,*,*,*,*,*,*,*,*,*,*,*,*
2024-25,D,30,66522,0,Orange,Garden Grove Unified,District Office,No,Yes,RB,*,*,*,*,*,*,*,*,*,*,*,*,*,*,*,*,*,*,*,*,*,*,*,*,*
2024-25,D,30,66522,0,Orange,Garden Grove Unified,District Office,No,Yes,RD,*,*,*,*,*,*,*,*,*,*,*,*,*,*,*,*,*,*,*,*,*,*,*,*,*
2024-25,D,30,66522,0,Orange,Garden Grove Unified,District Office,No,Yes,RF,*,*,*,*,*,*,*,*,*,*,*,*,*,*,*,*,*,*,*,*,*,*,*,*,*
2024-25,D,30,66522,0,Orange,Garden Grove Unified,District Office,No,Yes,RH,72,60,83.3,2,3.3,0,0.0,0,0.0,2,3.3,0,0.0,0,0.0,0,0.0,0,0.0,0,0.0,12,16.7,0,0.0
2024-25,D,30,66522,0,Orange,Garden Grove Unified,District Office,No,Yes,RI,*,*,*,*,*,*,*,*,*,*,*,*,*,*,*,*,*,*,*,*,*,*,*,*,*
2024-25,D,30,66522,0,Orange,Garden Grove Unified,District Office,No,Yes,RP,*,*,*,*,*,*,*,*,*,*,*,*,*,*,*,*,*,*,*,*,*,*,*,*,*
2024-25,D,30,66522,0,Orange,Garden Grove Unified,District Office,No,Yes,RT,*,*,*,*,*,*,*,*,*,*,*,*,*,*,*,*,*,*,*,*,*,*,*,*,*
2024-25,D,30,66522,0,Orange,Garden Grove Unified,District Office,No,Yes,RW,*,*,*,*,*,*,*,*,*,*,*,*,*,*,*,*,*,*,*,*,*,*,*,*,*
2024-25,D,30,66522,0,Orange,Garden Grove Unified,District Office,No,Yes,SD,17,11,64.7,0,0.0,0,0.0,0,0.0,1,9.1,0,0.0,0,0.0,0,0.0,0,0.0,0,0.0,6,35.3,0,0.0
2024-25,D,30,66522,0,Orange,Garden Grove Unified,District Office,No,Yes,SE,41,32,78.0,1,3.1,0,0.0,0,0.0,0,0.0,0,0.0,0,0.0,0,0.0,0,0.0,0,0.0,9,22.0,0,0.0
2024-25,D,30,66522,0,Orange,Garden Grove Unified,District Office,No,Yes,SH,15,9,60.0,0,0.0,0,0.0,0,0.0,4,44.4,0,0.0,0,0.0,0,0.0,0,0.0,0,0.0,6,40.0,0,0.0
2024-25,D,30,66522,0,Orange,Garden Grove Unified,District Office,No,Yes,SS,92,77,83.7,2,2.6,0,0.0,0,0.0,5,6.5,0,0.0,0,0.0,0,0.0,0,0.0,0,0.0,15,16.3,0,0.0
2024-25,D,30,66522,0,Orange,Garden Grove Unified,District Office,No,Yes,TA,94,79,84.0,2,2.5,0,0.0,0,0.0,5,6.3,0,0.0,0,0.0,0,0.0,0,0.0,0,0.0,15,16.0,0,0.0
2024-25,D,30,66548,0,Orange,Huntington Beach Union High,District Office,All,All,GF,1742,1662,95.4,1041,62.6,613,36.9,736,44.3,17,1.0,10,0.6,0,0.0,10,0.6,5,0.3,5,0.3,43,2.5,7,0.4
2024-25,D,30,66548,0,Orange,Huntington Beach Union High,District Office,All,All,GM,1900,1772,93.3,984,55.5,450,25.4,715,40.3,31,1.7,4,0.2,1,0.1,32,1.7,15,0.8,11,0.6,59,3.1,6,0.3
2024-25,D,30,66548,0,Orange,Huntington Beach Union High,District Office,All,All,GX,*,*,*,*,*,*,*,*,*,*,*,*,*,*,*,*,*,*,*,*,*,*,*,*,*
2024-25,D,30,66548,0,Orange,Huntington Beach Union High,District Office,All,All,RA,1032,986,95.5,752,76.3,433,43.9,562,57.0,5,0.5,6,0.6,0,0.0,15,1.5,7,0.7,0,0.0,14,1.4,4,0.4
2024-25,D,30,66548,0,Orange,Huntington Beach Union High,District Office,All,All,RB,23,21,91.3,8,38.1,2,9.5,3,14.3,0,0.0,0,0.0,0,0.0,1,4.3,0,0.0,0,0.0,1,4.3,0,0.0
2024-25,D,30,66548,0,Orange,Huntington Beach Union High,District Office,All,All,RD,57,53,93.0,21,39.6,12,22.6,23,43.4,1,1.9,1,1.8,0,0.0,1,1.8,1,1.8,1,1.8,0,0.0,0,0.0
2024-25,D,30,66548,0,Orange,Huntington Beach Union High,District Office,All,All,RF,51,51,100.0,41,80.4,16,31.4,29,56.9,1,2.0,0,0.0,0,0.0,0,0.0,0,0.0,0,0.0,0,0.0,0,0.0
2024-25,D,30,66548,0,Orange,Huntington Beach Union High,District Office,All,All,RH,1127,1029,91.3,441,42.9,280,27.2,273,26.5,25,2.4,2,0.2,0,0.0,16,1.4,1,0.1,11,1.0,61,5.4,7,0.6
2024-25,D,30,66548,0,Orange,Huntington Beach Union High,District Office,All,All,RI,14,14,100.0,7,50.0,5,35.7,6,42.9,0,0.0,0,0.0,0,0.0,0,0.0,0,0.0,0,0.0,0,0.0,0,0.0
2024-25,D,30,66548,0,Orange,Huntington Beach Union High,District Office,All,All,RP,13,12,92.3,5,41.7,2,16.7,3,25.0,0,0.0,0,0.0,0,0.0,1,7.7,0,0.0,0,0.0,0,0.0,0,0.0
2024-25,D,30,66548,0,Orange,Huntington Beach Union High,District Office,All,All,RT,167,160,95.8,107,66.9,56,35.0,80,50.0,4,2.5,0,0.0,0,0.0,1,0.6,0,0.0,1,0.6,5,3.0,0,0.0
2024-25,D,30,66548,0,Orange,Huntington Beach Union High,District Office,All,All,RW,1165,1115,95.7,644,57.8,258,23.1,473,42.4,12,1.1,5,0.4,1,0.1,7,0.6,11,0.9,3,0.3,21,1.8,2,0.2
2024-25,D,30,66548,0,Orange,Huntington Beach Union High,District Office,All,All,SD,407,339,83.3,50,14.7,10,2.9,35,10.3,7,2.1,0,0.0,0,0.0,42,10.3,0,0.0,1,0.2,22,5.4,3,0.7
2024-25,D,30,66548,0,Orange,Huntington Beach Union High,District Office,All,All,SE,555,472,85.0,133,28.2,83,17.6,92,19.5,15,3.2,0,0.0,1,0.2,18,3.2,3,0.5,7,1.3,46,8.3,8,1.4
2024-25,D,30,66548,0,Orange,Huntington Beach Union High,District Office,All,All,SF,28,21,75.0,3,14.3,0,0.0,1,4.8,3,14.3,0,0.0,0,0.0,0,0.0,0,0.0,0,0.0,7,25.0,0,0.0
2024-25,D,30,66548,0,Orange,Huntington Beach Union High,District Office,All,All,SH,400,347,86.8,108,31.1,86,24.8,67,19.3,19,5.5,1,0.3,0,0.0,7,1.8,1,0.3,2,0.5,37,9.3,5,1.3
2024-25,D,30,66548,0,Orange,Huntington Beach Union High,District Office,All,All,SS,2412,2237,92.7,1139,50.9,631,28.2,798,35.7,40,1.8,9,0.4,1,0.0,31,1.3,15,0.6,16,0.7,93,3.9,10,0.4
2024-25,D,30,66548,0,Orange,Huntington Beach Union High,District Office,All,All,TA,3649,3441,94.3,2026,58.9,1064,30.9,1452,42.2,48,1.4,14,0.4,1,0.0,42,1.2,20,0.5,16,0.4,102,2.8,13,0.4
2024-25,D,30,66548,0,Orange,Huntington Beach Union High,District Office,All,No,GF,1684,1626,96.6,1041,64.0,613,37.7,736,45.3,5,0.3,10,0.6,0,0.0,10,0.6,5,0.3,1,0.1,25,1.5,7,0.4
2024-25,D,30,66548,0,Orange,Huntington Beach Union High,District Office,All,No,GM,1797,1714,95.4,984,57.4,450,26.3,714,41.7,6,0.4,4,0.2,1,0.1,32,1.8,14,0.8,1,0.1,25,1.4,6,0.3
2024-25,D,30,66548,0,Orange,Huntington Beach Union High,District Office,All,No,GX,*,*,*,*,*,*,*,*,*,*,*,*,*,*,*,*,*,*,*,*,*,*,*,*,*
2024-25,D,30,66548,0,Orange,Huntington Beach Union High,District Office,All,No,RA,1018,976,95.9,752,77.0,433,44.4,562,57.6,2,0.2,6,0.6,0,0.0,15,1.5,7,0.7,0,0.0,10,1.0,4,0.4
2024-25,D,30,66548,0,Orange,Huntington Beach Union High,District Office,All,No,RB,21,20,95.2,8,40.0,2,10.0,3,15.0,0,0.0,0,0.0,0,0.0,1,4.8,0,0.0,0,0.0,0,0.0,0,0.0
2024-25,D,30,66548,0,Orange,Huntington Beach Union High,District Office,All,No,RD,54,51,94.4,21,41.2,12,23.5,23,45.1,0,0.0,1,1.9,0,0.0,1,1.9,1,1.9,0,0.0,0,0.0,0,0.0
2024-25,D,30,66548,0,Orange,Huntington Beach Union High,District Office,All,No,RF,50,50,100.0,41,82.0,16,32.0,29,58.0,0,0.0,0,0.0,0,0.0,0,0.0,0,0.0,0,0.0,0,0.0,0,0.0
2024-25,D,30,66548,0,Orange,Huntington Beach Union High,District Office,All,No,RH,1029,976,94.8,441,45.2,280,28.7,272,27.9,3,0.3,2,0.2,0,0.0,16,1.6,1,0.1,1,0.1,26,2.5,7,0.7
2024-25,D,30,66548,0,Orange,Huntington Beach Union High,District Office,All,No,RI,14,14,100.0,7,50.0,5,35.7,6,42.9,0,0.0,0,0.0,0,0.0,0,0.0,0,0.0,0,0.0,0,0.0,0,0.0
2024-25,D,30,66548,0,Orange,Huntington Beach Union High,District Office,All,No,RP,13,12,92.3,5,41.7,2,16.7,3,25.0,0,0.0,0,0.0,0,0.0,1,7.7,0,0.0,0,0.0,0,0.0,0,0.0
2024-25,D,30,66548,0,Orange,Huntington Beach Union High,District Office,All,No,RT,164,158,96.3,107,67.7,56,35.4,80,50.6,3,1.9,0,0.0,0,0.0,1,0.6,0,0.0,1,0.6,4,2.4,0,0.0
2024-25,D,30,66548,0,Orange,Huntington Beach Union High,District Office,All,No,RW,1125,1090,96.9,644,59.1,258,23.7,473,43.4,3,0.3,5,0.4,1,0.1,7,0.6,10,0.9,0,0.0,10,0.9,2,0.2
2024-25,D,30,66548,0,Orange,Huntington Beach Union High,District Office,All,No,SD,385,326,84.7,50,15.3,10,3.1,35,10.7,1,0.3,0,0.0,0,0.0,42,10.9,0,0.0,1,0.3,13,3.4,3,0.8
2024-25,D,30,66548,0,Orange,Huntington Beach Union High,District Office,All,No,SE,499,449,90.0,133,29.6,83,18.5,92,20.5,2,0.4,0,0.0,1,0.2,18,3.6,2,0.4,0,0.0,21,4.2,8,1.6
2024-25,D,30,66548,0,Orange,Huntington Beach Union High,District Office,All,No,SF,24,19,79.2,3,15.8,0,0.0,1,5.3,1,5.3,0,0.0,0,0.0,0,0.0,0,0.0,0,0.0,5,20.8,0,0.0
2024-25,D,30,66548,0,Orange,Huntington Beach Union High,District Office,All,No,SH,348,320,92.0,108,33.8,86,26.9,67,20.9,1,0.3,1,0.3,0,0.0,7,2.0,1,0.3,1,0.3,13,3.7,5,1.4
2024-25,D,30,66548,0,Orange,Huntington Beach Union High,District Office,All,No,SS,2272,2160,95.1,1139,52.7,631,29.2,797,36.9,8,0.4,9,0.4,1,0.0,31,1.4,14,0.6,2,0.1,45,2.0,10,0.4
2024-25,D,30,66548,0,Orange,Huntington Beach Union High,District Office,All,No,TA,3488,3347,96.0,2026,60.5,1064,31.8,1451,43.4,11,0.3,14,0.4,1,0.0,42,1.2,19,0.5,2,0.1,50,1.4,13,0.4
2024-25,D,30,66548,0,Orange,Huntington Beach Union High,District Office,All,Yes,GF,58,36,62.1,0,0.0,0,0.0,0,0.0,12,33.3,0,0.0,0,0.0,0,0.0,0,0.0,4,6.9,18,31.0,0,0.0
2024-25,D,30,66548,0,Orange,Huntington Beach Union High,District Office,All,Yes,GM,103,58,56.3,0,0.0,0,0.0,1,1.7,25,43.1,0,0.0,0,0.0,0,0.0,1,1.0,10,9.7,34,33.0,0,0.0
2024-25,D,30,66548,0,Orange,Huntington Beach Union High,District Office,All,Yes,RA,14,10,71.4,0,0.0,0,0.0,0,0.0,3,30.0,0,0.0,0,0.0,0,0.0,0,0.0,0,0.0,4,28.6,0,0.0
2024-25,D,30,66548,0,Orange,Huntington Beach Union High,District Office,All,Yes,RB,*,*,*,*,*,*,*,*,*,*,*,*,*,*,*,*,*,*,*,*,*,*,*,*,*
2024-25,D,30,66548,0,Orange,Huntington Beach Union High,District Office,All,Yes,RD,*,*,*,*,*,*,*,*,*,*,*,*,*,*,*,*,*,*,*,*,*,*,*,*,*
2024-25,D,30,66548,0,Orange,Huntington Beach Union High,District Office,All,Yes,RF,*,*,*,*,*,*,*,*,*,*,*,*,*,*,*,*,*,*,*,*,*,*,*,*,*
2024-25,D,30,66548,0,Orange,Huntington Beach Union High,District Office,All,Yes,RH,98,53,54.1,0,0.0,0,0.0,1,1.9,22,41.5,0,0.0,0,0.0,0,0.0,0,0.0,10,10.2,35,35.7,0,0.0
2024-25,D,30,66548,0,Orange,Huntington Beach Union High,District Office,All,Yes,RI,*,*,*,*,*,*,*,*,*,*,*,*,*,*,*,*,*,*,*,*,*,*,*,*,*
2024-25,D,30,66548,0,Orange,Huntington Beach Union High,District Office,All,Yes,RP,*,*,*,*,*,*,*,*,*,*,*,*,*,*,*,*,*,*,*,*,*,*,*,*,*
2024-25,D,30,66548,0,Orange,Huntington Beach Union High,District Office,All,Yes,RT,*,*,*,*,*,*,*,*,*,*,*,*,*,*,*,*,*,*,*,*,*,*,*,*,*
2024-25,D,30,66548,0,Orange,Huntington Beach Union High,District Office,All,Yes,RW,40,25,62.5,0,0.0,0,0.0,0,0.0,9,36.0,0,0.0,0,0.0,0,0.0,1,2.5,3,7.5,11,27.5,0,0.0
2024-25,D,30,66548,0,Orange,Huntington Beach Union High,District Office,All,Yes,SD,22,13,59.1,0,0.0,0,0.0,0,0.0,6,46.2,0,0.0,0,0.0,0,0.0,0,0.0,0,0.0,9,40.9,0,0.0
2024-25,D,30,66548,0,Orange,Huntington Beach Union High,District Office,All,Yes,SE,56,23,41.1,0,0.0,0,0.0,0,0.0,13,56.5,0,0.0,0,0.0,0,0.0,1,1.8,7,12.5,25,44.6,0,0.0
2024-25,D,30,66548,0,Orange,Huntington Beach Union High,District Office,All,Yes,SF,*,*,*,*,*,*,*,*,*,*,*,*,*,*,*,*,*,*,*,*,*,*,*,*,*
2024-25,D,30,66548,0,Orange,Huntington Beach Union High,District Office,All,Yes,SH,52,27,51.9,0,0.0,0,0.0,0,0.0,18,66.7,0,0.0,0,0.0,0,0.0,0,0.0,1,1.9,24,46.2,0,0.0
2024-25,D,30,66548,0,Orange,Huntington Beach Union High,District Office,All,Yes,SS,140,77,55.0,0,0.0,0,0.0,1,1.3,32,41.6,0,0.0,0,0.0,0,0.0,1,0.7,14,10.0,48,34.3,0,0.0
2024-25,D,30,66548,0,Orange,Huntington Beach Union High,District Office,All,Yes,TA,161,94,58.4,0,0.0,0,0.0,1,1.1,37,39.4,0,0.0,0,0.0,0,0.0,1,0.6,14,8.7,52,32.3,0,0.0
2024-25,D,30,66548,0,Orange,Huntington Beach Union High,District Office,No,All,GF,1742,1662,95.4,1041,62.6,613,36.9,736,44.3,17,1.0,10,0.6,0,0.0,10,0.6,5,0.3,5,0.3,43,2.5,7,0.4
2024-25,D,30,66548,0,Orange,Huntington Beach Union High,District Office,No,All,GM,1900,1772,93.3,984,55.5,450,25.4,715,40.3,31,1.7,4,0.2,1,0.1,32,1.7,15,0.8,11,0.6,59,3.1,6,0.3
2024-25,D,30,66548,0,Orange,Huntington Beach Union High,District Office,No,All,GX,*,*,*,*,*,*,*,*,*,*,*,*,*,*,*,*,*,*,*,*,*,*,*,*,*
2024-25,D,30,66548,0,Orange,Huntington Beach Union High,District Office,No,All,RA,1032,986,95.5,752,76.3,433,43.9,562,57.0,5,0.5,6,0.6,0,0.0,15,1.5,7,0.7,0,0.0,14,1.4,4,0.4
2024-25,D,30,66548,0,Orange,Huntington Beach Union High,District Office,No,All,RB,23,21,91.3,8,38.1,2,9.5,3,14.3,0,0.0,0,0.0,0,0.0,1,4.3,0,0.0,0,0.0,1,4.3,0,0.0
2024-25,D,30,66548,0,Orange,Huntington Beach Union High,District Office,No,All,RD,57,53,93.0,21,39.6,12,22.6,23,43.4,1,1.9,1,1.8,0,0.0,1,1.8,1,1.8,1,1.8,0,0.0,0,0.0
2024-25,D,30,66548,0,Orange,Huntington Beach Union High,District Office,No,All,RF,51,51,100.0,41,80.4,16,31.4,29,56.9,1,2.0,0,0.0,0,0.0,0,0.0,0,0.0,0,0.0,0,0.0,0,0.0
2024-25,D,30,66548,0,Orange,Huntington Beach Union High,District Office,No,All,RH,1127,1029,91.3,441,42.9,280,27.2,273,26.5,25,2.4,2,0.2,0,0.0,16,1.4,1,0.1,11,1.0,61,5.4,7,0.6
2024-25,D,30,66548,0,Orange,Huntington Beach Union High,District Office,No,All,RI,14,14,100.0,7,50.0,5,35.7,6,42.9,0,0.0,0,0.0,0,0.0,0,0.0,0,0.0,0,0.0,0,0.0,0,0.0
2024-25,D,30,66548,0,Orange,Huntington Beach Union High,District Office,No,All,RP,13,12,92.3,5,41.7,2,16.7,3,25.0,0,0.0,0,0.0,0,0.0,1,7.7,0,0.0,0,0.0,0,0.0,0,0.0
2024-25,D,30,66548,0,Orange,Huntington Beach Union High,District Office,No,All,RT,167,160,95.8,107,66.9,56,35.0,80,50.0,4,2.5,0,0.0,0,0.0,1,0.6,0,0.0,1,0.6,5,3.0,0,0.0
2024-25,D,30,66548,0,Orange,Huntington Beach Union High,District Office,No,All,RW,1165,1115,95.7,644,57.8,258,23.1,473,42.4,12,1.1,5,0.4,1,0.1,7,0.6,11,0.9,3,0.3,21,1.8,2,0.2
2024-25,D,30,66548,0,Orange,Huntington Beach Union High,District Office,No,All,SD,407,339,83.3,50,14.7,10,2.9,35,10.3,7,2.1,0,0.0,0,0.0,42,10.3,0,0.0,1,0.2,22,5.4,3,0.7
2024-25,D,30,66548,0,Orange,Huntington Beach Union High,District Office,No,All,SE,555,472,85.0,133,28.2,83,17.6,92,19.5,15,3.2,0,0.0,1,0.2,18,3.2,3,0.5,7,1.3,46,8.3,8,1.4
2024-25,D,30,66548,0,Orange,Huntington Beach Union High,District Office,No,All,SF,28,21,75.0,3,14.3,0,0.0,1,4.8,3,14.3,0,0.0,0,0.0,0,0.0,0,0.0,0,0.0,7,25.0,0,0.0
2024-25,D,30,66548,0,Orange,Huntington Beach Union High,District Office,No,All,SH,400,347,86.8,108,31.1,86,24.8,67,19.3,19,5.5,1,0.3,0,0.0,7,1.8,1,0.3,2,0.5,37,9.3,5,1.3
2024-25,D,30,66548,0,Orange,Huntington Beach Union High,District Office,No,All,SS,2412,2237,92.7,1139,50.9,631,28.2,798,35.7,40,1.8,9,0.4,1,0.0,31,1.3,15,0.6,16,0.7,93,3.9,10,0.4
2024-25,D,30,66548,0,Orange,Huntington Beach Union High,District Office,No,All,TA,3649,3441,94.3,2026,58.9,1064,30.9,1452,42.2,48,1.4,14,0.4,1,0.0,42,1.2,20,0.5,16,0.4,102,2.8,13,0.4
2024-25,D,30,66548,0,Orange,Huntington Beach Union High,District Office,No,No,GF,1684,1626,96.6,1041,64.0,613,37.7,736,45.3,5,0.3,10,0.6,0,0.0,10,0.6,5,0.3,1,0.1,25,1.5,7,0.4
2024-25,D,30,66548,0,Orange,Huntington Beach Union High,District Office,No,No,GM,1797,1714,95.4,984,57.4,450,26.3,714,41.7,6,0.4,4,0.2,1,0.1,32,1.8,14,0.8,1,0.1,25,1.4,6,0.3
2024-25,D,30,66548,0,Orange,Huntington Beach Union High,District Office,No,No,GX,*,*,*,*,*,*,*,*,*,*,*,*,*,*,*,*,*,*,*,*,*,*,*,*,*
2024-25,D,30,66548,0,Orange,Huntington Beach Union High,District Office,No,No,RA,1018,976,95.9,752,77.0,433,44.4,562,57.6,2,0.2,6,0.6,0,0.0,15,1.5,7,0.7,0,0.0,10,1.0,4,0.4
2024-25,D,30,66548,0,Orange,Huntington Beach Union High,District Office,No,No,RB,21,20,95.2,8,40.0,2,10.0,3,15.0,0,0.0,0,0.0,0,0.0,1,4.8,0,0.0,0,0.0,0,0.0,0,0.0
2024-25,D,30,66548,0,Orange,Huntington Beach Union High,District Office,No,No,RD,54,51,94.4,21,41.2,12,23.5,23,45.1,0,0.0,1,1.9,0,0.0,1,1.9,1,1.9,0,0.0,0,0.0,0,0.0
2024-25,D,30,66548,0,Orange,Huntington Beach Union High,District Office,No,No,RF,50,50,100.0,41,82.0,16,32.0,29,58.0,0,0.0,0,0.0,0,0.0,0,0.0,0,0.0,0,0.0,0,0.0,0,0.0
2024-25,D,30,66548,0,Orange,Huntington Beach Union High,District Office,No,No,RH,1029,976,94.8,441,45.2,280,28.7,272,27.9,3,0.3,2,0.2,0,0.0,16,1.6,1,0.1,1,0.1,26,2.5,7,0.7
2024-25,D,30,66548,0,Orange,Huntington Beach Union High,District Office,No,No,RI,14,14,100.0,7,50.0,5,35.7,6,42.9,0,0.0,0,0.0,0,0.0,0,0.0,0,0.0,0,0.0,0,0.0,0,0.0
2024-25,D,30,66548,0,Orange,Huntington Beach Union High,District Office,No,No,RP,13,12,92.3,5,41.7,2,16.7,3,25.0,0,0.0,0,0.0,0,0.0,1,7.7,0,0.0,0,0.0,0,0.0,0,0.0
2024-25,D,30,66548,0,Orange,Huntington Beach Union High,District Office,No,No,RT,164,158,96.3,107,67.7,56,35.4,80,50.6,3,1.9,0,0.0,0,0.0,1,0.6,0,0.0,1,0.6,4,2.4,0,0.0
2024-25,D,30,66548,0,Orange,Huntington Beach Union High,District Office,No,No,RW,1125,1090,96.9,644,59.1,258,23.7,473,43.4,3,0.3,5,0.4,1,0.1,7,0.6,10,0.9,0,0.0,10,0.9,2,0.2
2024-25,D,30,66548,0,Orange,Huntington Beach Union High,District Office,No,No,SD,385,326,84.7,50,15.3,10,3.1,35,10.7,1,0.3,0,0.0,0,0.0,42,10.9,0,0.0,1,0.3,13,3.4,3,0.8
2024-25,D,30,66548,0,Orange,Huntington Beach Union High,District Office,No,No,SE,499,449,90.0,133,29.6,83,18.5,92,20.5,2,0.4,0,0.0,1,0.2,18,3.6,2,0.4,0,0.0,21,4.2,8,1.6
2024-25,D,30,66548,0,Orange,Huntington Beach Union High,District Office,No,No,SF,24,19,79.2,3,15.8,0,0.0,1,5.3,1,5.3,0,0.0,0,0.0,0,0.0,0,0.0,0,0.0,5,20.8,0,0.0
2024-25,D,30,66548,0,Orange,Huntington Beach Union High,District Office,No,No,SH,348,320,92.0,108,33.8,86,26.9,67,20.9,1,0.3,1,0.3,0,0.0,7,2.0,1,0.3,1,0.3,13,3.7,5,1.4
2024-25,D,30,66548,0,Orange,Huntington Beach Union High,District Office,No,No,SS,2272,2160,95.1,1139,52.7,631,29.2,797,36.9,8,0.4,9,0.4,1,0.0,31,1.4,14,0.6,2,0.1,45,2.0,10,0.4
2024-25,D,30,66548,0,Orange,Huntington Beach Union High,District Office,No,No,TA,3488,3347,96.0,2026,60.5,1064,31.8,1451,43.4,11,0.3,14,0.4,1,0.0,42,1.2,19,0.5,2,0.1,50,1.4,13,0.4
2024-25,D,30,66548,0,Orange,Huntington Beach Union High,District Office,No,Yes,GF,58,36,62.1,0,0.0,0,0.0,0,0.0,12,33.3,0,0.0,0,0.0,0,0.0,0,0.0,4,6.9,18,31.0,0,0.0
2024-25,D,30,66548,0,Orange,Huntington Beach Union High,District Office,No,Yes,GM,103,58,56.3,0,0.0,0,0.0,1,1.7,25,43.1,0,0.0,0,0.0,0,0.0,1,1.0,10,9.7,34,33.0,0,0.0
2024-25,D,30,66548,0,Orange,Huntington Beach Union High,District Office,No,Yes,RA,14,10,71.4,0,0.0,0,0.0,0,0.0,3,30.0,0,0.0,0,0.0,0,0.0,0,0.0,0,0.0,4,28.6,0,0.0
2024-25,D,30,66548,0,Orange,Huntington Beach Union High,District Office,No,Yes,RB,*,*,*,*,*,*,*,*,*,*,*,*,*,*,*,*,*,*,*,*,*,*,*,*,*
2024-25,D,30,66548,0,Orange,Huntington Beach Union High,District Office,No,Yes,RD,*,*,*,*,*,*,*,*,*,*,*,*,*,*,*,*,*,*,*,*,*,*,*,*,*
2024-25,D,30,66548,0,Orange,Huntington Beach Union High,District Office,No,Yes,RF,*,*,*,*,*,*,*,*,*,*,*,*,*,*,*,*,*,*,*,*,*,*,*,*,*
2024-25,D,30,66548,0,Orange,Huntington Beach Union High,District Office,No,Yes,RH,98,53,54.1,0,0.0,0,0.0,1,1.9,22,41.5,0,0.0,0,0.0,0,0.0,0,0.0,10,10.2,35,35.7,0,0.0
2024-25,D,30,66548,0,Orange,Huntington Beach Union High,District Office,No,Yes,RI,*,*,*,*,*,*,*,*,*,*,*,*,*,*,*,*,*,*,*,*,*,*,*,*,*
2024-25,D,30,66548,0,Orange,Huntington Beach Union High,District Office,No,Yes,RP,*,*,*,*,*,*,*,*,*,*,*,*,*,*,*,*,*,*,*,*,*,*,*,*,*
2024-25,D,30,66548,0,Orange,Huntington Beach Union High,District Office,No,Yes,RT,*,*,*,*,*,*,*,*,*,*,*,*,*,*,*,*,*,*,*,*,*,*,*,*,*
2024-25,D,30,66548,0,Orange,Huntington Beach Union High,District Office,No,Yes,RW,40,25,62.5,0,0.0,0,0.0,0,0.0,9,36.0,0,0.0,0,0.0,0,0.0,1,2.5,3,7.5,11,27.5,0,0.0
2024-25,D,30,66548,0,Orange,Huntington Beach Union High,District Office,No,Yes,SD,22,13,59.1,0,0.0,0,0.0,0,0.0,6,46.2,0,0.0,0,0.0,0,0.0,0,0.0,0,0.0,9,40.9,0,0.0
2024-25,D,30,66548,0,Orange,Huntington Beach Union High,District Office,No,Yes,SE,56,23,41.1,0,0.0,0,0.0,0,0.0,13,56.5,0,0.0,0,0.0,0,0.0,1,1.8,7,12.5,25,44.6,0,0.0
2024-25,D,30,66548,0,Orange,Huntington Beach Union High,District Office,No,Yes,SF,*,*,*,*,*,*,*,*,*,*,*,*,*,*,*,*,*,*,*,*,*,*,*,*,*
2024-25,D,30,66548,0,Orange,Huntington Beach Union High,District Office,No,Yes,SH,52,27,51.9,0,0.0,0,0.0,0,0.0,18,66.7,0,0.0,0,0.0,0,0.0,0,0.0,1,1.9,24,46.2,0,0.0
2024-25,D,30,66548,0,Orange,Huntington Beach Union High,District Office,No,Yes,SS,140,77,55.0,0,0.0,0,0.0,1,1.3,32,41.6,0,0.0,0,0.0,0,0.0,1,0.7,14,10.0,48,34.3,0,0.0
2024-25,D,30,66548,0,Orange,Huntington Beach Union High,District Office,No,Yes,TA,161,94,58.4,0,0.0,0,0.0,1,1.1,37,39.4,0,0.0,0,0.0,0,0.0,1,0.6,14,8.7,52,32.3,0,0.0
2024-25,D,30,66555,0,Orange,Laguna Beach Unified,District Office,All,All,GF,90,89,98.9,79,88.8,45,50.6,55,61.8,0,0.0,0,0.0,0,0.0,0,0.0,1,1.1,0,0.0,0,0.0,0,0.0
2024-25,D,30,66555,0,Orange,Laguna Beach Unified,District Office,All,All,GM,109,105,96.3,89,84.8,52,49.5,70,66.7,0,0.0,0,0.0,0,0.0,1,0.9,1,0.9,0,0.0,1,0.9,1,0.9
2024-25,D,30,66555,0,Orange,Laguna Beach Unified,District Office,All,All,RA,16,15,93.8,14,93.3,12,80.0,13,86.7,0,0.0,0,0.0,0,0.0,0,0.0,1,6.3,0,0.0,0,0.0,0,0.0
2024-25,D,30,66555,0,Orange,Laguna Beach Unified,District Office,All,All,RB,*,*,*,*,*,*,*,*,*,*,*,*,*,*,*,*,*,*,*,*,*,*,*,*,*
2024-25,D,30,66555,0,Orange,Laguna Beach Unified,District Office,All,All,RD,*,*,*,*,*,*,*,*,*,*,*,*,*,*,*,*,*,*,*,*,*,*,*,*,*
2024-25,D,30,66555,0,Orange,Laguna Beach Unified,District Office,All,All,RF,*,*,*,*,*,*,*,*,*,*,*,*,*,*,*,*,*,*,*,*,*,*,*,*,*
2024-25,D,30,66555,0,Orange,Laguna Beach Unified,District Office,All,All,RH,26,25,96.2,18,72.0,11,44.0,10,40.0,0,0.0,0,0.0,0,0.0,0,0.0,0,0.0,0,0.0,0,0.0,1,3.8
2024-25,D,30,66555,0,Orange,Laguna Beach Unified,District Office,All,All,RI,*,*,*,*,*,*,*,*,*,*,*,*,*,*,*,*,*,*,*,*,*,*,*,*,*
2024-25,D,30,66555,0,Orange,Laguna Beach Unified,District Office,All,All,RP,*,*,*,*,*,*,*,*,*,*,*,*,*,*,*,*,*,*,*,*,*,*,*,*,*
2024-25,D,30,66555,0,Orange,Laguna Beach Unified,District Office,All,All,RT,11,11,100.0,11,100.0,8,72.7,10,90.9,0,0.0,0,0.0,0,0.0,0,0.0,0,0.0,0,0.0,0,0.0,0,0.0
2024-25,D,30,66555,0,Orange,Laguna Beach Unified,District Office,All,All,RW,141,138,97.9,121,87.7,63,45.7,89,64.5,0,0.0,0,0.0,0,0.0,1,0.7,1,0.7,0,0.0,1,0.7,0,0.0
2024-25,D,30,66555,0,Orange,Laguna Beach Unified,District Office,All,All,SD,21,19,90.5,8,42.1,2,10.5,4,21.1,0,0.0,0,0.0,0,0.0,1,4.8,1,4.8,0,0.0,0,0.0,0,0.0
2024-25,D,30,66555,0,Orange,Laguna Beach Unified,District Office,All,All,SE,*,*,*,*,*,*,*,*,*,*,*,*,*,*,*,*,*,*,*,*,*,*,*,*,*
2024-25,D,30,66555,0,Orange,Laguna Beach Unified,District Office,All,All,SF,*,*,*,*,*,*,*,*,*,*,*,*,*,*,*,*,*,*,*,*,*,*,*,*,*
2024-25,D,30,66555,0,Orange,Laguna Beach Unified,District Office,All,All,SH,*,*,*,*,*,*,*,*,*,*,*,*,*,*,*,*,*,*,*,*,*,*,*,*,*
2024-25,D,30,66555,0,Orange,Laguna Beach Unified,District Office,All,All,SS,67,63,94.0,49,77.8,26,41.3,31,49.2,0,0.0,0,0.0,0,0.0,1,1.5,2,3.0,0,0.0,0,0.0,1,1.5
2024-25,D,30,66555,0,Orange,Laguna Beach Unified,District Office,All,All,TA,199,194,97.5,168,86.6,97,50.0,125,64.4,0,0.0,0,0.0,0,0.0,1,0.5,2,1.0,0,0.0,1,0.5,1,0.5
2024-25,D,30,66555,0,Orange,Laguna Beach Unified,District Office,All,No,GF,90,89,98.9,79,88.8,45,50.6,55,61.8,0,0.0,0,0.0,0,0.0,0,0.0,1,1.1,0,0.0,0,0.0,0,0.0
2024-25,D,30,66555,0,Orange,Laguna Beach Unified,District Office,All,No,GM,109,105,96.3,89,84.8,52,49.5,70,66.7,0,0.0,0,0.0,0,0.0,1,0.9,1,0.9,0,0.0,1,0.9,1,0.9
2024-25,D,30,66555,0,Orange,Laguna Beach Unified,District Office,All,No,RA,16,15,93.8,14,93.3,12,80.0,13,86.7,0,0.0,0,0.0,0,0.0,0,0.0,1,6.3,0,0.0,0,0.0,0,0.0
2024-25,D,30,66555,0,Orange,Laguna Beach Unified,District Office,All,No,RB,*,*,*,*,*,*,*,*,*,*,*,*,*,*,*,*,*,*,*,*,*,*,*,*,*
2024-25,D,30,66555,0,Orange,Laguna Beach Unified,District Office,All,No,RD,*,*,*,*,*,*,*,*,*,*,*,*,*,*,*,*,*,*,*,*,*,*,*,*,*
2024-25,D,30,66555,0,Orange,Laguna Beach Unified,District Office,All,No,RF,*,*,*,*,*,*,*,*,*,*,*,*,*,*,*,*,*,*,*,*,*,*,*,*,*
2024-25,D,30,66555,0,Orange,Laguna Beach Unified,District Office,All,No,RH,26,25,96.2,18,72.0,11,44.0,10,40.0,0,0.0,0,0.0,0,0.0,0,0.0,0,0.0,0,0.0,0,0.0,1,3.8
2024-25,D,30,66555,0,Orange,Laguna Beach Unified,District Office,All,No,RI,*,*,*,*,*,*,*,*,*,*,*,*,*,*,*,*,*,*,*,*,*,*,*,*,*
2024-25,D,30,66555,0,Orange,Laguna Beach Unified,District Office,All,No,RP,*,*,*,*,*,*,*,*,*,*,*,*,*,*,*,*,*,*,*,*,*,*,*,*,*
2024-25,D,30,66555,0,Orange,Laguna Beach Unified,District Office,All,No,RT,11,11,100.0,11,100.0,8,72.7,10,90.9,0,0.0,0,0.0,0,0.0,0,0.0,0,0.0,0,0.0,0,0.0,0,0.0
2024-25,D,30,66555,0,Orange,Laguna Beach Unified,District Office,All,No,RW,141,138,97.9,121,87.7,63,45.7,89,64.5,0,0.0,0,0.0,0,0.0,1,0.7,1,0.7,0,0.0,1,0.7,0,0.0
2024-25,D,30,66555,0,Orange,Laguna Beach Unified,District Office,All,No,SD,21,19,90.5,8,42.1,2,10.5,4,21.1,0,0.0,0,0.0,0,0.0,1,4.8,1,4.8,0,0.0,0,0.0,0,0.0
2024-25,D,30,66555,0,Orange,Laguna Beach Unified,District Office,All,No,SE,*,*,*,*,*,*,*,*,*,*,*,*,*,*,*,*,*,*,*,*,*,*,*,*,*
2024-25,D,30,66555,0,Orange,Laguna Beach Unified,District Office,All,No,SF,*,*,*,*,*,*,*,*,*,*,*,*,*,*,*,*,*,*,*,*,*,*,*,*,*
2024-25,D,30,66555,0,Orange,Laguna Beach Unified,District Office,All,No,SH,*,*,*,*,*,*,*,*,*,*,*,*,*,*,*,*,*,*,*,*,*,*,*,*,*
2024-25,D,30,66555,0,Orange,Laguna Beach Unified,District Office,All,No,SS,67,63,94.0,49,77.8,26,41.3,31,49.2,0,0.0,0,0.0,0,0.0,1,1.5,2,3.0,0,0.0,0,0.0,1,1.5
2024-25,D,30,66555,0,Orange,Laguna Beach Unified,District Office,All,No,TA,199,194,97.5,168,86.6,97,50.0,125,64.4,0,0.0,0,0.0,0,0.0,1,0.5,2,1.0,0,0.0,1,0.5,1,0.5
2024-25,D,30,66555,0,Orange,Laguna Beach Unified,District Office,No,All,GF,90,89,98.9,79,88.8,45,50.6,55,61.8,0,0.0,0,0.0,0,0.0,0,0.0,1,1.1,0,0.0,0,0.0,0,0.0
2024-25,D,30,66555,0,Orange,Laguna Beach Unified,District Office,No,All,GM,109,105,96.3,89,84.8,52,49.5,70,66.7,0,0.0,0,0.0,0,0.0,1,0.9,1,0.9,0,0.0,1,0.9,1,0.9
2024-25,D,30,66555,0,Orange,Laguna Beach Unified,District Office,No,All,RA,16,15,93.8,14,93.3,12,80.0,13,86.7,0,0.0,0,0.0,0,0.0,0,0.0,1,6.3,0,0.0,0,0.0,0,0.0
2024-25,D,30,66555,0,Orange,Laguna Beach Unified,District Office,No,All,RB,*,*,*,*,*,*,*,*,*,*,*,*,*,*,*,*,*,*,*,*,*,*,*,*,*
2024-25,D,30,66555,0,Orange,Laguna Beach Unified,District Office,No,All,RD,*,*,*,*,*,*,*,*,*,*,*,*,*,*,*,*,*,*,*,*,*,*,*,*,*
2024-25,D,30,66555,0,Orange,Laguna Beach Unified,District Office,No,All,RF,*,*,*,*,*,*,*,*,*,*,*,*,*,*,*,*,*,*,*,*,*,*,*,*,*
2024-25,D,30,66555,0,Orange,Laguna Beach Unified,District Office,No,All,RH,26,25,96.2,18,72.0,11,44.0,10,40.0,0,0.0,0,0.0,0,0.0,0,0.0,0,0.0,0,0.0,0,0.0,1,3.8
2024-25,D,30,66555,0,Orange,Laguna Beach Unified,District Office,No,All,RI,*,*,*,*,*,*,*,*,*,*,*,*,*,*,*,*,*,*,*,*,*,*,*,*,*
2024-25,D,30,66555,0,Orange,Laguna Beach Unified,District Office,No,All,RP,*,*,*,*,*,*,*,*,*,*,*,*,*,*,*,*,*,*,*,*,*,*,*,*,*
2024-25,D,30,66555,0,Orange,Laguna Beach Unified,District Office,No,All,RT,11,11,100.0,11,100.0,8,72.7,10,90.9,0,0.0,0,0.0,0,0.0,0,0.0,0,0.0,0,0.0,0,0.0,0,0.0
2024-25,D,30,66555,0,Orange,Laguna Beach Unified,District Office,No,All,RW,141,138,97.9,121,87.7,63,45.7,89,64.5,0,0.0,0,0.0,0,0.0,1,0.7,1,0.7,0,0.0,1,0.7,0,0.0
2024-25,D,30,66555,0,Orange,Laguna Beach Unified,District Office,No,All,SD,21,19,90.5,8,42.1,2,10.5,4,21.1,0,0.0,0,0.0,0,0.0,1,4.8,1,4.8,0,0.0,0,0.0,0,0.0
2024-25,D,30,66555,0,Orange,Laguna Beach Unified,District Office,No,All,SE,*,*,*,*,*,*,*,*,*,*,*,*,*,*,*,*,*,*,*,*,*,*,*,*,*
2024-25,D,30,66555,0,Orange,Laguna Beach Unified,District Office,No,All,SF,*,*,*,*,*,*,*,*,*,*,*,*,*,*,*,*,*,*,*,*,*,*,*,*,*
2024-25,D,30,66555,0,Orange,Laguna Beach Unified,District Office,No,All,SH,*,*,*,*,*,*,*,*,*,*,*,*,*,*,*,*,*,*,*,*,*,*,*,*,*
2024-25,D,30,66555,0,Orange,Laguna Beach Unified,District Office,No,All,SS,67,63,94.0,49,77.8,26,41.3,31,49.2,0,0.0,0,0.0,0,0.0,1,1.5,2,3.0,0,0.0,0,0.0,1,1.5
2024-25,D,30,66555,0,Orange,Laguna Beach Unified,District Office,No,All,TA,199,194,97.5,168,86.6,97,50.0,125,64.4,0,0.0,0,0.0,0,0.0,1,0.5,2,1.0,0,0.0,1,0.5,1,0.5
2024-25,D,30,66555,0,Orange,Laguna Beach Unified,District Office,No,No,GF,90,89,98.9,79,88.8,45,50.6,55,61.8,0,0.0,0,0.0,0,0.0,0,0.0,1,1.1,0,0.0,0,0.0,0,0.0
2024-25,D,30,66555,0,Orange,Laguna Beach Unified,District Office,No,No,GM,109,105,96.3,89,84.8,52,49.5,70,66.7,0,0.0,0,0.0,0,0.0,1,0.9,1,0.9,0,0.0,1,0.9,1,0.9
2024-25,D,30,66555,0,Orange,Laguna Beach Unified,District Office,No,No,RA,16,15,93.8,14,93.3,12,80.0,13,86.7,0,0.0,0,0.0,0,0.0,0,0.0,1,6.3,0,0.0,0,0.0,0,0.0
2024-25,D,30,66555,0,Orange,Laguna Beach Unified,District Office,No,No,RB,*,*,*,*,*,*,*,*,*,*,*,*,*,*,*,*,*,*,*,*,*,*,*,*,*
2024-25,D,30,66555,0,Orange,Laguna Beach Unified,District Office,No,No,RD,*,*,*,*,*,*,*,*,*,*,*,*,*,*,*,*,*,*,*,*,*,*,*,*,*
2024-25,D,30,66555,0,Orange,Laguna Beach Unified,District Office,No,No,RF,*,*,*,*,*,*,*,*,*,*,*,*,*,*,*,*,*,*,*,*,*,*,*,*,*
2024-25,D,30,66555,0,Orange,Laguna Beach Unified,District Office,No,No,RH,26,25,96.2,18,72.0,11,44.0,10,40.0,0,0.0,0,0.0,0,0.0,0,0.0,0,0.0,0,0.0,0,0.0,1,3.8
2024-25,D,30,66555,0,Orange,Laguna Beach Unified,District Office,No,No,RI,*,*,*,*,*,*,*,*,*,*,*,*,*,*,*,*,*,*,*,*,*,*,*,*,*
2024-25,D,30,66555,0,Orange,Laguna Beach Unified,District Office,No,No,RP,*,*,*,*,*,*,*,*,*,*,*,*,*,*,*,*,*,*,*,*,*,*,*,*,*
2024-25,D,30,66555,0,Orange,Laguna Beach Unified,District Office,No,No,RT,11,11,100.0,11,100.0,8,72.7,10,90.9,0,0.0,0,0.0,0,0.0,0,0.0,0,0.0,0,0.0,0,0.0,0,0.0
2024-25,D,30,66555,0,Orange,Laguna Beach Unified,District Office,No,No,RW,141,138,97.9,121,87.7,63,45.7,89,64.5,0,0.0,0,0.0,0,0.0,1,0.7,1,0.7,0,0.0,1,0.7,0,0.0
2024-25,D,30,66555,0,Orange,Laguna Beach Unified,District Office,No,No,SD,21,19,90.5,8,42.1,2,10.5,4,21.1,0,0.0,0,0.0,0,0.0,1,4.8,1,4.8,0,0.0,0,0.0,0,0.0
2024-25,D,30,66555,0,Orange,Laguna Beach Unified,District Office,No,No,SE,*,*,*,*,*,*,*,*,*,*,*,*,*,*,*,*,*,*,*,*,*,*,*,*,*
2024-25,D,30,66555,0,Orange,Laguna Beach Unified,District Office,No,No,SF,*,*,*,*,*,*,*,*,*,*,*,*,*,*,*,*,*,*,*,*,*,*,*,*,*
2024-25,D,30,66555,0,Orange,Laguna Beach Unified,District Office,No,No,SH,*,*,*,*,*,*,*,*,*,*,*,*,*,*,*,*,*,*,*,*,*,*,*,*,*
2024-25,D,30,66555,0,Orange,Laguna Beach Unified,District Office,No,No,SS,67,63,94.0,49,77.8,26,41.3,31,49.2,0,0.0,0,0.0,0,0.0,1,1.5,2,3.0,0,0.0,0,0.0,1,1.5
2024-25,D,30,66555,0,Orange,Laguna Beach Unified,District Office,No,No,TA,199,194,97.5,168,86.6,97,50.0,125,64.4,0,0.0,0,0.0,0,0.0,1,0.5,2,1.0,0,0.0,1,0.5,1,0.5
2024-25,D,30,66597,0,Orange,Newport-Mesa Unified,District Office,All,All,GF,780,754,96.7,477,63.3,233,30.9,324,43.0,10,1.3,0,0.0,0,0.0,6,0.8,1,0.1,1,0.1,12,1.5,6,0.8
2024-25,D,30,66597,0,Orange,Newport-Mesa Unified,District Office,All,All,GM,843,786,93.2,379,48.2,140,17.8,257,32.7,12,1.5,1,0.1,0,0.0,17,2.0,1,0.1,4,0.5,22,2.6,12,1.4
2024-25,D,30,66597,0,Orange,Newport-Mesa Unified,District Office,All,All,GX,*,*,*,*,*,*,*,*,*,*,*,*,*,*,*,*,*,*,*,*,*,*,*,*,*
2024-25,D,30,66597,0,Orange,Newport-Mesa Unified,District Office,All,All,RA,77,74,96.1,52,70.3,30,40.5,49,66.2,0,0.0,0,0.0,0,0.0,1,1.3,0,0.0,0,0.0,1,1.3,1,1.3
2024-25,D,30,66597,0,Orange,Newport-Mesa Unified,District Office,All,All,RB,15,14,93.3,7,50.0,2,14.3,3,21.4,2,14.3,0,0.0,0,0.0,0,0.0,0,0.0,0,0.0,1,6.7,0,0.0
2024-25,D,30,66597,0,Orange,Newport-Mesa Unified,District Office,All,All,RD,*,*,*,*,*,*,*,*,*,*,*,*,*,*,*,*,*,*,*,*,*,*,*,*,*
2024-25,D,30,66597,0,Orange,Newport-Mesa Unified,District Office,All,All,RF,12,12,100.0,9,75.0,6,50.0,6,50.0,0,0.0,0,0.0,0,0.0,0,0.0,0,0.0,0,0.0,0,0.0,0,0.0
2024-25,D,30,66597,0,Orange,Newport-Mesa Unified,District Office,All,All,RH,805,747,92.8,292,39.1,181,24.2,149,19.9,15,2.0,1,0.1,0,0.0,16,2.0,2,0.2,5,0.6,22,2.7,12,1.5
2024-25,D,30,66597,0,Orange,Newport-Mesa Unified,District Office,All,All,RI,*,*,*,*,*,*,*,*,*,*,*,*,*,*,*,*,*,*,*,*,*,*,*,*,*
2024-25,D,30,66597,0,Orange,Newport-Mesa Unified,District Office,All,All,RP,*,*,*,*,*,*,*,*,*,*,*,*,*,*,*,*,*,*,*,*,*,*,*,*,*
2024-25,D,30,66597,0,Orange,Newport-Mesa Unified,District Office,All,All,RT,94,93,98.9,66,71.0,22,23.7,57,61.3,0,0.0,0,0.0,0,0.0,0,0.0,0,0.0,0,0.0,1,1.1,0,0.0
2024-25,D,30,66597,0,Orange,Newport-Mesa Unified,District Office,All,All,RW,608,589,96.9,426,72.3,131,22.2,314,53.3,5,0.8,0,0.0,0,0.0,6,1.0,0,0.0,0,0.0,9,1.5,4,0.7
2024-25,D,30,66597,0,Orange,Newport-Mesa Unified,District Office,All,All,SD,225,189,84.0,29,15.3,7,3.7,11,5.8,8,4.2,0,0.0,0,0.0,23,10.2,1,0.4,1,0.4,7,3.1,4,1.8
2024-25,D,30,66597,0,Orange,Newport-Mesa Unified,District Office,All,All,SE,270,233,86.3,45,19.3,25,10.7,18,7.7,11,4.7,0,0.0,0,0.0,2,0.7,0,0.0,5,1.9,15,5.6,15,5.6
2024-25,D,30,66597,0,Orange,Newport-Mesa Unified,District Office,All,All,SF,12,8,66.7,2,25.0,0,0.0,1,12.5,4,50.0,0,0.0,0,0.0,1,8.3,0,0.0,0,0.0,3,25.0,0,0.0
2024-25,D,30,66597,0,Orange,Newport-Mesa Unified,District Office,All,All,SH,177,145,81.9,36,24.8,19,13.1,18,12.4,18,12.4,0,0.0,0,0.0,6,3.4,0,0.0,2,1.1,16,9.0,8,4.5
2024-25,D,30,66597,0,Orange,Newport-Mesa Unified,District Office,All,All,SM,*,*,*,*,*,*,*,*,*,*,*,*,*,*,*,*,*,*,*,*,*,*,*,*,*
2024-25,D,30,66597,0,Orange,Newport-Mesa Unified,District Office,All,All,SS,1060,989,93.3,418,42.3,213,21.5,244,24.7,22,2.2,1,0.1,0,0.0,17,1.6,1,0.1,5,0.5,30,2.8,17,1.6
2024-25,D,30,66597,0,Orange,Newport-Mesa Unified,District Office,All,All,TA,1627,1543,94.8,857,55.5,373,24.2,582,37.7,22,1.4,1,0.1,0,0.0,23,1.4,2,0.1,5,0.3,35,2.2,18,1.1
2024-25,D,30,66597,0,Orange,Newport-Mesa Unified,District Office,All,No,GF,744,721,96.9,477,66.2,233,32.3,324,44.9,6,0.8,0,0.0,0,0.0,6,0.8,1,0.1,1,0.1,10,1.3,5,0.7
2024-25,D,30,66597,0,Orange,Newport-Mesa Unified,District Office,All,No,GM,786,737,93.8,379,51.4,140,19.0,257,34.9,7,0.9,1,0.1,0,0.0,17,2.2,0,0.0,4,0.5,20,2.5,7,0.9
2024-25,D,30,66597,0,Orange,Newport-Mesa Unified,District Office,All,No,GX,*,*,*,*,*,*,*,*,*,*,*,*,*,*,*,*,*,*,*,*,*,*,*,*,*
2024-25,D,30,66597,0,Orange,Newport-Mesa Unified,District Office,All,No,RA,77,74,96.1,52,70.3,30,40.5,49,66.2,0,0.0,0,0.0,0,0.0,1,1.3,0,0.0,0,0.0,1,1.3,1,1.3
2024-25,D,30,66597,0,Orange,Newport-Mesa Unified,District Office,All,No,RB,14,13,92.9,7,53.8,2,15.4,3,23.1,2,15.4,0,0.0,0,0.0,0,0.0,0,0.0,0,0.0,1,7.1,0,0.0
2024-25,D,30,66597,0,Orange,Newport-Mesa Unified,District Office,All,No,RD,*,*,*,*,*,*,*,*,*,*,*,*,*,*,*,*,*,*,*,*,*,*,*,*,*
2024-25,D,30,66597,0,Orange,Newport-Mesa Unified,District Office,All,No,RF,12,12,100.0,9,75.0,6,50.0,6,50.0,0,0.0,0,0.0,0,0.0,0,0.0,0,0.0,0,0.0,0,0.0,0,0.0
2024-25,D,30,66597,0,Orange,Newport-Mesa Unified,District Office,All,No,RH,733,684,93.3,292,42.7,181,26.5,149,21.8,6,0.9,1,0.1,0,0.0,16,2.2,1,0.1,5,0.7,18,2.5,8,1.1
2024-25,D,30,66597,0,Orange,Newport-Mesa Unified,District Office,All,No,RI,*,*,*,*,*,*,*,*,*,*,*,*,*,*,*,*,*,*,*,*,*,*,*,*,*
2024-25,D,30,66597,0,Orange,Newport-Mesa Unified,District Office,All,No,RP,*,*,*,*,*,*,*,*,*,*,*,*,*,*,*,*,*,*,*,*,*,*,*,*,*
2024-25,D,30,66597,0,Orange,Newport-Mesa Unified,District Office,All,No,RT,92,91,98.9,66,72.5,22,24.2,57,62.6,0,0.0,0,0.0,0,0.0,0,0.0,0,0.0,0,0.0,1,1.1,0,0.0
2024-25,D,30,66597,0,Orange,Newport-Mesa Unified,District Office,All,No,RW,589,572,97.1,426,74.5,131,22.9,314,54.9,5,0.9,0,0.0,0,0.0,6,1.0,0,0.0,0,0.0,9,1.5,2,0.3
2024-25,D,30,66597,0,Orange,Newport-Mesa Unified,District Office,All,No,SD,195,164,84.1,29,17.7,7,4.3,11,6.7,4,2.4,0,0.0,0,0.0,23,11.8,0,0.0,1,0.5,6,3.1,1,0.5
2024-25,D,30,66597,0,Orange,Newport-Mesa Unified,District Office,All,No,SE,234,203,86.8,45,22.2,25,12.3,18,8.9,4,2.0,0,0.0,0,0.0,2,0.9,0,0.0,5,2.1,13,5.6,11,4.7
2024-25,D,30,66597,0,Orange,Newport-Mesa Unified,District Office,All,No,SF,*,*,*,*,*,*,*,*,*,*,*,*,*,*,*,*,*,*,*,*,*,*,*,*,*
2024-25,D,30,66597,0,Orange,Newport-Mesa Unified,District Office,All,No,SH,159,132,83.0,36,27.3,19,14.4,18,13.6,11,8.3,0,0.0,0,0.0,6,3.8,0,0.0,2,1.3,13,8.2,6,3.8
2024-25,D,30,66597,0,Orange,Newport-Mesa Unified,District Office,All,No,SM,*,*,*,*,*,*,*,*,*,*,*,*,*,*,*,*,*,*,*,*,*,*,*,*,*
2024-25,D,30,66597,0,Orange,Newport-Mesa Unified,District Office,All,No,SS,976,916,93.9,418,45.6,213,23.3,244,26.6,13,1.4,1,0.1,0,0.0,17,1.7,0,0.0,5,0.5,25,2.6,12,1.2
2024-25,D,30,66597,0,Orange,Newport-Mesa Unified,District Office,All,No,TA,1531,1459,95.3,857,58.7,373,25.6,582,39.9,13,0.9,1,0.1,0,0.0,23,1.5,1,0.1,5,0.3,30,2.0,12,0.8
2024-25,D,30,66597,0,Orange,Newport-Mesa Unified,District Office,All,Yes,GF,36,33,91.7,0,0.0,0,0.0,0,0.0,4,12.1,0,0.0,0,0.0,0,0.0,0,0.0,0,0.0,2,5.6,1,2.8
2024-25,D,30,66597,0,Orange,Newport-Mesa Unified,District Office,All,Yes,GM,57,49,86.0,0,0.0,0,0.0,0,0.0,5,10.2,0,0.0,0,0.0,0,0.0,1,1.8,0,0.0,2,3.5,5,8.8
2024-25,D,30,66597,0,Orange,Newport-Mesa Unified,District Office,All,Yes,GX,*,*,*,*,*,*,*,*,*,*,*,*,*,*,*,*,*,*,*,*,*,*,*,*,*
2024-25,D,30,66597,0,Orange,Newport-Mesa Unified,District Office,All,Yes,RA,*,*,*,*,*,*,*,*,*,*,*,*,*,*,*,*,*,*,*,*,*,*,*,*,*
2024-25,D,30,66597,0,Orange,Newport-Mesa Unified,District Office,All,Yes,RB,*,*,*,*,*,*,*,*,*,*,*,*,*,*,*,*,*,*,*,*,*,*,*,*,*
2024-25,D,30,66597,0,Orange,Newport-Mesa Unified,District Office,All,Yes,RD,*,*,*,*,*,*,*,*,*,*,*,*,*,*,*,*,*,*,*,*,*,*,*,*,*
2024-25,D,30,66597,0,Orange,Newport-Mesa Unified,District Office,All,Yes,RF,*,*,*,*,*,*,*,*,*,*,*,*,*,*,*,*,*,*,*,*,*,*,*,*,*
2024-25,D,30,66597,0,Orange,Newport-Mesa Unified,District Office,All,Yes,RH,72,63,87.5,0,0.0,0,0.0,0,0.0,9,14.3,0,0.0,0,0.0,0,0.0,1,1.4,0,0.0,4,5.6,4,5.6
2024-25,D,30,66597,0,Orange,Newport-Mesa Unified,District Office,All,Yes,RI,*,*,*,*,*,*,*,*,*,*,*,*,*,*,*,*,*,*,*,*,*,*,*,*,*
2024-25,D,30,66597,0,Orange,Newport-Mesa Unified,District Office,All,Yes,RP,*,*,*,*,*,*,*,*,*,*,*,*,*,*,*,*,*,*,*,*,*,*,*,*,*
2024-25,D,30,66597,0,Orange,Newport-Mesa Unified,District Office,All,Yes,RT,*,*,*,*,*,*,*,*,*,*,*,*,*,*,*,*,*,*,*,*,*,*,*,*,*
2024-25,D,30,66597,0,Orange,Newport-Mesa Unified,District Office,All,Yes,RW,19,17,89.5,0,0.0,0,0.0,0,0.0,0,0.0,0,0.0,0,0.0,0,0.0,0,0.0,0,0.0,0,0.0,2,10.5
2024-25,D,30,66597,0,Orange,Newport-Mesa Unified,District Office,All,Yes,SD,30,25,83.3,0,0.0,0,0.0,0,0.0,4,16.0,0,0.0,0,0.0,0,0.0,1,3.3,0,0.0,1,3.3,3,10.0
2024-25,D,30,66597,0,Orange,Newport-Mesa Unified,District Office,All,Yes,SE,36,30,83.3,0,0.0,0,0.0,0,0.0,7,23.3,0,0.0,0,0.0,0,0.0,0,0.0,0,0.0,2,5.6,4,11.1
2024-25,D,30,66597,0,Orange,Newport-Mesa Unified,District Office,All,Yes,SF,*,*,*,*,*,*,*,*,*,*,*,*,*,*,*,*,*,*,*,*,*,*,*,*,*
2024-25,D,30,66597,0,Orange,Newport-Mesa Unified,District Office,All,Yes,SH,18,13,72.2,0,0.0,0,0.0,0,0.0,7,53.8,0,0.0,0,0.0,0,0.0,0,0.0,0,0.0,3,16.7,2,11.1
2024-25,D,30,66597,0,Orange,Newport-Mesa Unified,District Office,All,Yes,SS,84,73,86.9,0,0.0,0,0.0,0,0.0,9,12.3,0,0.0,0,0.0,0,0.0,1,1.2,0,0.0,5,6.0,5,6.0
2024-25,D,30,66597,0,Orange,Newport-Mesa Unified,District Office,All,Yes,TA,96,84,87.5,0,0.0,0,0.0,0,0.0,9,10.7,0,0.0,0,0.0,0,0.0,1,1.0,0,0.0,5,5.2,6,6.3
2024-25,D,30,66597,0,Orange,Newport-Mesa Unified,District Office,No,All,GF,780,754,96.7,477,63.3,233,30.9,324,43.0,10,1.3,0,0.0,0,0.0,6,0.8,1,0.1,1,0.1,12,1.5,6,0.8
2024-25,D,30,66597,0,Orange,Newport-Mesa Unified,District Office,No,All,GM,843,786,93.2,379,48.2,140,17.8,257,32.7,12,1.5,1,0.1,0,0.0,17,2.0,1,0.1,4,0.5,22,2.6,12,1.4
2024-25,D,30,66597,0,Orange,Newport-Mesa Unified,District Office,No,All,GX,*,*,*,*,*,*,*,*,*,*,*,*,*,*,*,*,*,*,*,*,*,*,*,*,*
2024-25,D,30,66597,0,Orange,Newport-Mesa Unified,District Office,No,All,RA,77,74,96.1,52,70.3,30,40.5,49,66.2,0,0.0,0,0.0,0,0.0,1,1.3,0,0.0,0,0.0,1,1.3,1,1.3
2024-25,D,30,66597,0,Orange,Newport-Mesa Unified,District Office,No,All,RB,15,14,93.3,7,50.0,2,14.3,3,21.4,2,14.3,0,0.0,0,0.0,0,0.0,0,0.0,0,0.0,1,6.7,0,0.0
2024-25,D,30,66597,0,Orange,Newport-Mesa Unified,District Office,No,All,RD,*,*,*,*,*,*,*,*,*,*,*,*,*,*,*,*,*,*,*,*,*,*,*,*,*
2024-25,D,30,66597,0,Orange,Newport-Mesa Unified,District Office,No,All,RF,12,12,100.0,9,75.0,6,50.0,6,50.0,0,0.0,0,0.0,0,0.0,0,0.0,0,0.0,0,0.0,0,0.0,0,0.0
2024-25,D,30,66597,0,Orange,Newport-Mesa Unified,District Office,No,All,RH,805,747,92.8,292,39.1,181,24.2,149,19.9,15,2.0,1,0.1,0,0.0,16,2.0,2,0.2,5,0.6,22,2.7,12,1.5
2024-25,D,30,66597,0,Orange,Newport-Mesa Unified,District Office,No,All,RI,*,*,*,*,*,*,*,*,*,*,*,*,*,*,*,*,*,*,*,*,*,*,*,*,*
2024-25,D,30,66597,0,Orange,Newport-Mesa Unified,District Office,No,All,RP,*,*,*,*,*,*,*,*,*,*,*,*,*,*,*,*,*,*,*,*,*,*,*,*,*
2024-25,D,30,66597,0,Orange,Newport-Mesa Unified,District Office,No,All,RT,94,93,98.9,66,71.0,22,23.7,57,61.3,0,0.0,0,0.0,0,0.0,0,0.0,0,0.0,0,0.0,1,1.1,0,0.0
2024-25,D,30,66597,0,Orange,Newport-Mesa Unified,District Office,No,All,RW,608,589,96.9,426,72.3,131,22.2,314,53.3,5,0.8,0,0.0,0,0.0,6,1.0,0,0.0,0,0.0,9,1.5,4,0.7
2024-25,D,30,66597,0,Orange,Newport-Mesa Unified,District Office,No,All,SD,225,189,84.0,29,15.3,7,3.7,11,5.8,8,4.2,0,0.0,0,0.0,23,10.2,1,0.4,1,0.4,7,3.1,4,1.8
2024-25,D,30,66597,0,Orange,Newport-Mesa Unified,District Office,No,All,SE,270,233,86.3,45,19.3,25,10.7,18,7.7,11,4.7,0,0.0,0,0.0,2,0.7,0,0.0,5,1.9,15,5.6,15,5.6
2024-25,D,30,66597,0,Orange,Newport-Mesa Unified,District Office,No,All,SF,12,8,66.7,2,25.0,0,0.0,1,12.5,4,50.0,0,0.0,0,0.0,1,8.3,0,0.0,0,0.0,3,25.0,0,0.0
2024-25,D,30,66597,0,Orange,Newport-Mesa Unified,District Office,No,All,SH,177,145,81.9,36,24.8,19,13.1,18,12.4,18,12.4,0,0.0,0,0.0,6,3.4,0,0.0,2,1.1,16,9.0,8,4.5
2024-25,D,30,66597,0,Orange,Newport-Mesa Unified,District Office,No,All,SM,*,*,*,*,*,*,*,*,*,*,*,*,*,*,*,*,*,*,*,*,*,*,*,*,*
2024-25,D,30,66597,0,Orange,Newport-Mesa Unified,District Office,No,All,SS,1060,989,93.3,418,42.3,213,21.5,244,24.7,22,2.2,1,0.1,0,0.0,17,1.6,1,0.1,5,0.5,30,2.8,17,1.6
2024-25,D,30,66597,0,Orange,Newport-Mesa Unified,District Office,No,All,TA,1627,1543,94.8,857,55.5,373,24.2,582,37.7,22,1.4,1,0.1,0,0.0,23,1.4,2,0.1,5,0.3,35,2.2,18,1.1
2024-25,D,30,66597,0,Orange,Newport-Mesa Unified,District Office,No,No,GF,744,721,96.9,477,66.2,233,32.3,324,44.9,6,0.8,0,0.0,0,0.0,6,0.8,1,0.1,1,0.1,10,1.3,5,0.7
2024-25,D,30,66597,0,Orange,Newport-Mesa Unified,District Office,No,No,GM,786,737,93.8,379,51.4,140,19.0,257,34.9,7,0.9,1,0.1,0,0.0,17,2.2,0,0.0,4,0.5,20,2.5,7,0.9
2024-25,D,30,66597,0,Orange,Newport-Mesa Unified,District Office,No,No,GX,*,*,*,*,*,*,*,*,*,*,*,*,*,*,*,*,*,*,*,*,*,*,*,*,*
2024-25,D,30,66597,0,Orange,Newport-Mesa Unified,District Office,No,No,RA,77,74,96.1,52,70.3,30,40.5,49,66.2,0,0.0,0,0.0,0,0.0,1,1.3,0,0.0,0,0.0,1,1.3,1,1.3
2024-25,D,30,66597,0,Orange,Newport-Mesa Unified,District Office,No,No,RB,14,13,92.9,7,53.8,2,15.4,3,23.1,2,15.4,0,0.0,0,0.0,0,0.0,0,0.0,0,0.0,1,7.1,0,0.0
2024-25,D,30,66597,0,Orange,Newport-Mesa Unified,District Office,No,No,RD,*,*,*,*,*,*,*,*,*,*,*,*,*,*,*,*,*,*,*,*,*,*,*,*,*
2024-25,D,30,66597,0,Orange,Newport-Mesa Unified,District Office,No,No,RF,12,12,100.0,9,75.0,6,50.0,6,50.0,0,0.0,0,0.0,0,0.0,0,0.0,0,0.0,0,0.0,0,0.0,0,0.0
2024-25,D,30,66597,0,Orange,Newport-Mesa Unified,District Office,No,No,RH,733,684,93.3,292,42.7,181,26.5,149,21.8,6,0.9,1,0.1,0,0.0,16,2.2,1,0.1,5,0.7,18,2.5,8,1.1
2024-25,D,30,66597,0,Orange,Newport-Mesa Unified,District Office,No,No,RI,*,*,*,*,*,*,*,*,*,*,*,*,*,*,*,*,*,*,*,*,*,*,*,*,*
2024-25,D,30,66597,0,Orange,Newport-Mesa Unified,District Office,No,No,RP,*,*,*,*,*,*,*,*,*,*,*,*,*,*,*,*,*,*,*,*,*,*,*,*,*
2024-25,D,30,66597,0,Orange,Newport-Mesa Unified,District Office,No,No,RT,92,91,98.9,66,72.5,22,24.2,57,62.6,0,0.0,0,0.0,0,0.0,0,0.0,0,0.0,0,0.0,1,1.1,0,0.0
2024-25,D,30,66597,0,Orange,Newport-Mesa Unified,District Office,No,No,RW,589,572,97.1,426,74.5,131,22.9,314,54.9,5,0.9,0,0.0,0,0.0,6,1.0,0,0.0,0,0.0,9,1.5,2,0.3
2024-25,D,30,66597,0,Orange,Newport-Mesa Unified,District Office,No,No,SD,195,164,84.1,29,17.7,7,4.3,11,6.7,4,2.4,0,0.0,0,0.0,23,11.8,0,0.0,1,0.5,6,3.1,1,0.5
2024-25,D,30,66597,0,Orange,Newport-Mesa Unified,District Office,No,No,SE,234,203,86.8,45,22.2,25,12.3,18,8.9,4,2.0,0,0.0,0,0.0,2,0.9,0,0.0,5,2.1,13,5.6,11,4.7
2024-25,D,30,66597,0,Orange,Newport-Mesa Unified,District Office,No,No,SF,*,*,*,*,*,*,*,*,*,*,*,*,*,*,*,*,*,*,*,*,*,*,*,*,*
2024-25,D,30,66597,0,Orange,Newport-Mesa Unified,District Office,No,No,SH,159,132,83.0,36,27.3,19,14.4,18,13.6,11,8.3,0,0.0,0,0.0,6,3.8,0,0.0,2,1.3,13,8.2,6,3.8
2024-25,D,30,66597,0,Orange,Newport-Mesa Unified,District Office,No,No,SM,*,*,*,*,*,*,*,*,*,*,*,*,*,*,*,*,*,*,*,*,*,*,*,*,*
2024-25,D,30,66597,0,Orange,Newport-Mesa Unified,District Office,No,No,SS,976,916,93.9,418,45.6,213,23.3,244,26.6,13,1.4,1,0.1,0,0.0,17,1.7,0,0.0,5,0.5,25,2.6,12,1.2
2024-25,D,30,66597,0,Orange,Newport-Mesa Unified,District Office,No,No,TA,1531,1459,95.3,857,58.7,373,25.6,582,39.9,13,0.9,1,0.1,0,0.0,23,1.5,1,0.1,5,0.3,30,2.0,12,0.8
2024-25,D,30,66597,0,Orange,Newport-Mesa Unified,District Office,No,Yes,GF,36,33,91.7,0,0.0,0,0.0,0,0.0,4,12.1,0,0.0,0,0.0,0,0.0,0,0.0,0,0.0,2,5.6,1,2.8
2024-25,D,30,66597,0,Orange,Newport-Mesa Unified,District Office,No,Yes,GM,57,49,86.0,0,0.0,0,0.0,0,0.0,5,10.2,0,0.0,0,0.0,0,0.0,1,1.8,0,0.0,2,3.5,5,8.8
2024-25,D,30,66597,0,Orange,Newport-Mesa Unified,District Office,No,Yes,GX,*,*,*,*,*,*,*,*,*,*,*,*,*,*,*,*,*,*,*,*,*,*,*,*,*
2024-25,D,30,66597,0,Orange,Newport-Mesa Unified,District Office,No,Yes,RA,*,*,*,*,*,*,*,*,*,*,*,*,*,*,*,*,*,*,*,*,*,*,*,*,*
2024-25,D,30,66597,0,Orange,Newport-Mesa Unified,District Office,No,Yes,RB,*,*,*,*,*,*,*,*,*,*,*,*,*,*,*,*,*,*,*,*,*,*,*,*,*
2024-25,D,30,66597,0,Orange,Newport-Mesa Unified,District Office,No,Yes,RD,*,*,*,*,*,*,*,*,*,*,*,*,*,*,*,*,*,*,*,*,*,*,*,*,*
2024-25,D,30,66597,0,Orange,Newport-Mesa Unified,District Office,No,Yes,RF,*,*,*,*,*,*,*,*,*,*,*,*,*,*,*,*,*,*,*,*,*,*,*,*,*
2024-25,D,30,66597,0,Orange,Newport-Mesa Unified,District Office,No,Yes,RH,72,63,87.5,0,0.0,0,0.0,0,0.0,9,14.3,0,0.0,0,0.0,0,0.0,1,1.4,0,0.0,4,5.6,4,5.6
2024-25,D,30,66597,0,Orange,Newport-Mesa Unified,District Office,No,Yes,RI,*,*,*,*,*,*,*,*,*,*,*,*,*,*,*,*,*,*,*,*,*,*,*,*,*
2024-25,D,30,66597,0,Orange,Newport-Mesa Unified,District Office,No,Yes,RP,*,*,*,*,*,*,*,*,*,*,*,*,*,*,*,*,*,*,*,*,*,*,*,*,*
2024-25,D,30,66597,0,Orange,Newport-Mesa Unified,District Office,No,Yes,RT,*,*,*,*,*,*,*,*,*,*,*,*,*,*,*,*,*,*,*,*,*,*,*,*,*
2024-25,D,30,66597,0,Orange,Newport-Mesa Unified,District Office,No,Yes,RW,19,17,89.5,0,0.0,0,0.0,0,0.0,0,0.0,0,0.0,0,0.0,0,0.0,0,0.0,0,0.0,0,0.0,2,10.5
2024-25,D,30,66597,0,Orange,Newport-Mesa Unified,District Office,No,Yes,SD,30,25,83.3,0,0.0,0,0.0,0,0.0,4,16.0,0,0.0,0,0.0,0,0.0,1,3.3,0,0.0,1,3.3,3,10.0
2024-25,D,30,66597,0,Orange,Newport-Mesa Unified,District Office,No,Yes,SE,36,30,83.3,0,0.0,0,0.0,0,0.0,7,23.3,0,0.0,0,0.0,0,0.0,0,0.0,0,0.0,2,5.6,4,11.1
2024-25,D,30,66597,0,Orange,Newport-Mesa Unified,District Office,No,Yes,SF,*,*,*,*,*,*,*,*,*,*,*,*,*,*,*,*,*,*,*,*,*,*,*,*,*
2024-25,D,30,66597,0,Orange,Newport-Mesa Unified,District Office,No,Yes,SH,18,13,72.2,0,0.0,0,0.0,0,0.0,7,53.8,0,0.0,0,0.0,0,0.0,0,0.0,0,0.0,3,16.7,2,11.1
2024-25,D,30,66597,0,Orange,Newport-Mesa Unified,District Office,No,Yes,SS,84,73,86.9,0,0.0,0,0.0,0,0.0,9,12.3,0,0.0,0,0.0,0,0.0,1,1.2,0,0.0,5,6.0,5,6.0
2024-25,D,30,66597,0,Orange,Newport-Mesa Unified,District Office,No,Yes,TA,96,84,87.5,0,0.0,0,0.0,0,0.0,9,10.7,0,0.0,0,0.0,0,0.0,1,1.0,0,0.0,5,5.2,6,6.3
2024-25,D,30,66621,0,Orange,Orange Unified,District Office,All,All,GF,974,949,97.4,555,58.5,194,20.4,50,5.3,19,2.0,6,0.6,1,0.1,2,0.2,0,0.0,2,0.2,14,1.4,0,0.0
2024-25,D,30,66621,0,Orange,Orange Unified,District Office,All,All,GM,1087,1055,97.1,507,48.1,123,11.7,34,3.2,11,1.0,4,0.4,1,0.1,8,0.7,0,0.0,1,0.1,18,1.7,0,0.0
2024-25,D,30,66621,0,Orange,Orange Unified,District Office,All,All,GX,*,*,*,*,*,*,*,*,*,*,*,*,*,*,*,*,*,*,*,*,*,*,*,*,*
2024-25,D,30,66621,0,Orange,Orange Unified,District Office,All,All,RA,220,211,95.9,187,88.6,44,20.9,13,6.2,0,0.0,5,2.3,0,0.0,2,0.9,0,0.0,1,0.5,1,0.5,0,0.0
2024-25,D,30,66621,0,Orange,Orange Unified,District Office,All,All,RB,34,33,97.1,21,63.6,2,6.1,0,0.0,2,6.1,0,0.0,0,0.0,0,0.0,0,0.0,0,0.0,1,2.9,0,0.0
2024-25,D,30,66621,0,Orange,Orange Unified,District Office,All,All,RD,19,19,100.0,8,42.1,1,5.3,1,5.3,2,10.5,0,0.0,0,0.0,0,0.0,0,0.0,0,0.0,0,0.0,0,0.0
2024-25,D,30,66621,0,Orange,Orange Unified,District Office,All,All,RF,48,47,97.9,37,78.7,4,8.5,3,6.4,1,2.1,0,0.0,0,0.0,1,2.1,0,0.0,0,0.0,0,0.0,0,0.0
2024-25,D,30,66621,0,Orange,Orange Unified,District Office,All,All,RH,1186,1161,97.9,464,40.0,187,16.1,58,5.0,25,2.2,1,0.1,1,0.1,2,0.2,0,0.0,0,0.0,21,1.8,0,0.0
2024-25,D,30,66621,0,Orange,Orange Unified,District Office,All,All,RI,*,*,*,*,*,*,*,*,*,*,*,*,*,*,*,*,*,*,*,*,*,*,*,*,*
2024-25,D,30,66621,0,Orange,Orange Unified,District Office,All,All,RP,*,*,*,*,*,*,*,*,*,*,*,*,*,*,*,*,*,*,*,*,*,*,*,*,*
2024-25,D,30,66621,0,Orange,Orange Unified,District Office,All,All,RT,43,41,95.3,22,53.7,6,14.6,1,2.4,0,0.0,1,2.3,0,0.0,0,0.0,0,0.0,1,2.3,0,0.0,0,0.0
2024-25,D,30,66621,0,Orange,Orange Unified,District Office,All,All,RW,502,485,96.6,318,65.6,72,14.8,8,1.6,0,0.0,3,0.6,1,0.2,5,1.0,0,0.0,1,0.2,7,1.4,0,0.0
2024-25,D,30,66621,0,Orange,Orange Unified,District Office,All,All,SD,255,235,92.2,46,19.6,5,2.1,7,3.0,3,1.3,1,0.4,1,0.4,10,3.9,0,0.0,0,0.0,8,3.1,0,0.0
2024-25,D,30,66621,0,Orange,Orange Unified,District Office,All,All,SE,267,253,94.8,43,17.0,20,7.9,6,2.4,19,7.5,0,0.0,0,0.0,1,0.4,0,0.0,0,0.0,13,4.9,0,0.0
2024-25,D,30,66621,0,Orange,Orange Unified,District Office,All,All,SF,27,26,96.3,9,34.6,3,11.5,1,3.8,5,19.2,0,0.0,0,0.0,0,0.0,0,0.0,0,0.0,1,3.7,0,0.0
2024-25,D,30,66621,0,Orange,Orange Unified,District Office,All,All,SH,93,87,93.5,18,20.7,7,8.0,1,1.1,22,25.3,0,0.0,0,0.0,0,0.0,0,0.0,0,0.0,6,6.5,0,0.0
2024-25,D,30,66621,0,Orange,Orange Unified,District Office,All,All,SS,1460,1419,97.2,627,44.2,210,14.8,72,5.1,30,2.1,6,0.4,0,0.0,8,0.5,0,0.0,3,0.2,24,1.6,0,0.0
2024-25,D,30,66621,0,Orange,Orange Unified,District Office,All,All,TA,2065,2008,97.2,1064,53.0,317,15.8,84,4.2,30,1.5,10,0.5,2,0.1,10,0.5,0,0.0,3,0.1,32,1.5,0,0.0
2024-25,D,30,66621,0,Orange,Orange Unified,District Office,All,No,GF,930,912,98.1,555,60.9,194,21.3,50,5.5,5,0.5,6,0.6,0,0.0,1,0.1,0,0.0,1,0.1,10,1.1,0,0.0
2024-25,D,30,66621,0,Orange,Orange Unified,District Office,All,No,GM,1031,1014,98.4,507,50.0,123,12.1,34,3.4,2,0.2,4,0.4,0,0.0,3,0.3,0,0.0,1,0.1,9,0.9,0,0.0
2024-25,D,30,66621,0,Orange,Orange Unified,District Office,All,No,GX,*,*,*,*,*,*,*,*,*,*,*,*,*,*,*,*,*,*,*,*,*,*,*,*,*
2024-25,D,30,66621,0,Orange,Orange Unified,District Office,All,No,RA,220,211,95.9,187,88.6,44,20.9,13,6.2,0,0.0,5,2.3,0,0.0,2,0.9,0,0.0,1,0.5,1,0.5,0,0.0
2024-25,D,30,66621,0,Orange,Orange Unified,District Office,All,No,RB,32,31,96.9,21,67.7,2,6.5,0,0.0,1,3.2,0,0.0,0,0.0,0,0.0,0,0.0,0,0.0,1,3.1,0,0.0
2024-25,D,30,66621,0,Orange,Orange Unified,District Office,All,No,RD,17,17,100.0,8,47.1,1,5.9,1,5.9,0,0.0,0,0.0,0,0.0,0,0.0,0,0.0,0,0.0,0,0.0,0,0.0
2024-25,D,30,66621,0,Orange,Orange Unified,District Office,All,No,RF,46,46,100.0,37,80.4,4,8.7,3,6.5,1,2.2,0,0.0,0,0.0,0,0.0,0,0.0,0,0.0,0,0.0,0,0.0
2024-25,D,30,66621,0,Orange,Orange Unified,District Office,All,No,RH,1106,1096,99.1,464,42.3,187,17.1,58,5.3,5,0.5,1,0.1,0,0.0,0,0.0,0,0.0,0,0.0,9,0.8,0,0.0
2024-25,D,30,66621,0,Orange,Orange Unified,District Office,All,No,RI,*,*,*,*,*,*,*,*,*,*,*,*,*,*,*,*,*,*,*,*,*,*,*,*,*
2024-25,D,30,66621,0,Orange,Orange Unified,District Office,All,No,RP,*,*,*,*,*,*,*,*,*,*,*,*,*,*,*,*,*,*,*,*,*,*,*,*,*
2024-25,D,30,66621,0,Orange,Orange Unified,District Office,All,No,RT,39,38,97.4,22,57.9,6,15.8,1,2.6,0,0.0,1,2.6,0,0.0,0,0.0,0,0.0,0,0.0,0,0.0,0,0.0
2024-25,D,30,66621,0,Orange,Orange Unified,District Office,All,No,RW,492,479,97.4,318,66.4,72,15.0,8,1.7,0,0.0,3,0.6,0,0.0,2,0.4,0,0.0,1,0.2,7,1.4,0,0.0
2024-25,D,30,66621,0,Orange,Orange Unified,District Office,All,No,SD,230,220,95.7,46,20.9,5,2.3,7,3.2,1,0.5,1,0.4,0,0.0,4,1.7,0,0.0,0,0.0,5,2.2,0,0.0
2024-25,D,30,66621,0,Orange,Orange Unified,District Office,All,No,SE,224,219,97.8,43,19.6,20,9.1,6,2.7,4,1.8,0,0.0,0,0.0,1,0.4,0,0.0,0,0.0,4,1.8,0,0.0
2024-25,D,30,66621,0,Orange,Orange Unified,District Office,All,No,SF,23,22,95.7,9,40.9,3,13.6,1,4.5,2,9.1,0,0.0,0,0.0,0,0.0,0,0.0,0,0.0,1,4.3,0,0.0
2024-25,D,30,66621,0,Orange,Orange Unified,District Office,All,No,SH,60,59,98.3,18,30.5,7,11.9,1,1.7,3,5.1,0,0.0,0,0.0,0,0.0,0,0.0,0,0.0,1,1.7,0,0.0
2024-25,D,30,66621,0,Orange,Orange Unified,District Office,All,No,SS,1365,1343,98.4,627,46.7,210,15.6,72,5.4,7,0.5,6,0.4,0,0.0,3,0.2,0,0.0,2,0.1,11,0.8,0,0.0
2024-25,D,30,66621,0,Orange,Orange Unified,District Office,All,No,TA,1963,1928,98.2,1064,55.2,317,16.4,84,4.4,7,0.4,10,0.5,0,0.0,4,0.2,0,0.0,2,0.1,19,1.0,0,0.0
2024-25,D,30,66621,0,Orange,Orange Unified,District Office,All,Yes,GF,44,37,84.1,0,0.0,0,0.0,0,0.0,14,37.8,0,0.0,1,2.3,1,2.3,0,0.0,1,2.3,4,9.1,0,0.0
2024-25,D,30,66621,0,Orange,Orange Unified,District Office,All,Yes,GM,56,41,73.2,0,0.0,0,0.0,0,0.0,9,22.0,0,0.0,1,1.8,5,8.9,0,0.0,0,0.0,9,16.1,0,0.0
2024-25,D,30,66621,0,Orange,Orange Unified,District Office,All,Yes,GX,*,*,*,*,*,*,*,*,*,*,*,*,*,*,*,*,*,*,*,*,*,*,*,*,*
2024-25,D,30,66621,0,Orange,Orange Unified,District Office,All,Yes,RA,*,*,*,*,*,*,*,*,*,*,*,*,*,*,*,*,*,*,*,*,*,*,*,*,*
2024-25,D,30,66621,0,Orange,Orange Unified,District Office,All,Yes,RB,*,*,*,*,*,*,*,*,*,*,*,*,*,*,*,*,*,*,*,*,*,*,*,*,*
2024-25,D,30,66621,0,Orange,Orange Unified,District Office,All,Yes,RD,*,*,*,*,*,*,*,*,*,*,*,*,*,*,*,*,*,*,*,*,*,*,*,*,*
2024-25,D,30,66621,0,Orange,Orange Unified,District Office,All,Yes,RF,*,*,*,*,*,*,*,*,*,*,*,*,*,*,*,*,*,*,*,*,*,*,*,*,*
2024-25,D,30,66621,0,Orange,Orange Unified,District Office,All,Yes,RH,80,65,81.3,0,0.0,0,0.0,0,0.0,20,30.8,0,0.0,1,1.3,2,2.5,0,0.0,0,0.0,12,15.0,0,0.0
2024-25,D,30,66621,0,Orange,Orange Unified,District Office,All,Yes,RI,*,*,*,*,*,*,*,*,*,*,*,*,*,*,*,*,*,*,*,*,*,*,*,*,*
2024-25,D,30,66621,0,Orange,Orange Unified,District Office,All,Yes,RP,*,*,*,*,*,*,*,*,*,*,*,*,*,*,*,*,*,*,*,*,*,*,*,*,*
2024-25,D,30,66621,0,Orange,Orange Unified,District Office,All,Yes,RT,*,*,*,*,*,*,*,*,*,*,*,*,*,*,*,*,*,*,*,*,*,*,*,*,*
2024-25,D,30,66621,0,Orange,Orange Unified,District Office,All,Yes,RW,*,*,*,*,*,*,*,*,*,*,*,*,*,*,*,*,*,*,*,*,*,*,*,*,*
2024-25,D,30,66621,0,Orange,Orange Unified,District Office,All,Yes,SD,25,15,60.0,0,0.0,0,0.0,0,0.0,2,13.3,0,0.0,1,4.0,6,24.0,0,0.0,0,0.0,3,12.0,0,0.0
2024-25,D,30,66621,0,Orange,Orange Unified,District Office,All,Yes,SE,43,34,79.1,0,0.0,0,0.0,0,0.0,15,44.1,0,0.0,0,0.0,0,0.0,0,0.0,0,0.0,9,20.9,0,0.0
2024-25,D,30,66621,0,Orange,Orange Unified,District Office,All,Yes,SF,*,*,*,*,*,*,*,*,*,*,*,*,*,*,*,*,*,*,*,*,*,*,*,*,*
2024-25,D,30,66621,0,Orange,Orange Unified,District Office,All,Yes,SH,33,28,84.8,0,0.0,0,0.0,0,0.0,19,67.9,0,0.0,0,0.0,0,0.0,0,0.0,0,0.0,5,15.2,0,0.0
2024-25,D,30,66621,0,Orange,Orange Unified,District Office,All,Yes,SS,95,76,80.0,0,0.0,0,0.0,0,0.0,23,30.3,0,0.0,0,0.0,5,5.3,0,0.0,1,1.1,13,13.7,0,0.0
2024-25,D,30,66621,0,Orange,Orange Unified,District Office,All,Yes,TA,102,80,78.4,0,0.0,0,0.0,0,0.0,23,28.8,0,0.0,2,2.0,6,5.9,0,0.0,1,1.0,13,12.7,0,0.0
2024-25,D,30,66621,0,Orange,Orange Unified,District Office,No,All,GF,974,949,97.4,555,58.5,194,20.4,50,5.3,19,2.0,6,0.6,1,0.1,2,0.2,0,0.0,2,0.2,14,1.4,0,0.0
2024-25,D,30,66621,0,Orange,Orange Unified,District Office,No,All,GM,1087,1055,97.1,507,48.1,123,11.7,34,3.2,11,1.0,4,0.4,1,0.1,8,0.7,0,0.0,1,0.1,18,1.7,0,0.0
2024-25,D,30,66621,0,Orange,Orange Unified,District Office,No,All,GX,*,*,*,*,*,*,*,*,*,*,*,*,*,*,*,*,*,*,*,*,*,*,*,*,*
2024-25,D,30,66621,0,Orange,Orange Unified,District Office,No,All,RA,220,211,95.9,187,88.6,44,20.9,13,6.2,0,0.0,5,2.3,0,0.0,2,0.9,0,0.0,1,0.5,1,0.5,0,0.0
2024-25,D,30,66621,0,Orange,Orange Unified,District Office,No,All,RB,34,33,97.1,21,63.6,2,6.1,0,0.0,2,6.1,0,0.0,0,0.0,0,0.0,0,0.0,0,0.0,1,2.9,0,0.0
2024-25,D,30,66621,0,Orange,Orange Unified,District Office,No,All,RD,19,19,100.0,8,42.1,1,5.3,1,5.3,2,10.5,0,0.0,0,0.0,0,0.0,0,0.0,0,0.0,0,0.0,0,0.0
2024-25,D,30,66621,0,Orange,Orange Unified,District Office,No,All,RF,48,47,97.9,37,78.7,4,8.5,3,6.4,1,2.1,0,0.0,0,0.0,1,2.1,0,0.0,0,0.0,0,0.0,0,0.0
2024-25,D,30,66621,0,Orange,Orange Unified,District Office,No,All,RH,1186,1161,97.9,464,40.0,187,16.1,58,5.0,25,2.2,1,0.1,1,0.1,2,0.2,0,0.0,0,0.0,21,1.8,0,0.0
2024-25,D,30,66621,0,Orange,Orange Unified,District Office,No,All,RI,*,*,*,*,*,*,*,*,*,*,*,*,*,*,*,*,*,*,*,*,*,*,*,*,*
2024-25,D,30,66621,0,Orange,Orange Unified,District Office,No,All,RP,*,*,*,*,*,*,*,*,*,*,*,*,*,*,*,*,*,*,*,*,*,*,*,*,*
2024-25,D,30,66621,0,Orange,Orange Unified,District Office,No,All,RT,43,41,95.3,22,53.7,6,14.6,1,2.4,0,0.0,1,2.3,0,0.0,0,0.0,0,0.0,1,2.3,0,0.0,0,0.0
2024-25,D,30,66621,0,Orange,Orange Unified,District Office,No,All,RW,502,485,96.6,318,65.6,72,14.8,8,1.6,0,0.0,3,0.6,1,0.2,5,1.0,0,0.0,1,0.2,7,1.4,0,0.0
2024-25,D,30,66621,0,Orange,Orange Unified,District Office,No,All,SD,255,235,92.2,46,19.6,5,2.1,7,3.0,3,1.3,1,0.4,1,0.4,10,3.9,0,0.0,0,0.0,8,3.1,0,0.0
2024-25,D,30,66621,0,Orange,Orange Unified,District Office,No,All,SE,267,253,94.8,43,17.0,20,7.9,6,2.4,19,7.5,0,0.0,0,0.0,1,0.4,0,0.0,0,0.0,13,4.9,0,0.0
2024-25,D,30,66621,0,Orange,Orange Unified,District Office,No,All,SF,27,26,96.3,9,34.6,3,11.5,1,3.8,5,19.2,0,0.0,0,0.0,0,0.0,0,0.0,0,0.0,1,3.7,0,0.0
2024-25,D,30,66621,0,Orange,Orange Unified,District Office,No,All,SH,93,87,93.5,18,20.7,7,8.0,1,1.1,22,25.3,0,0.0,0,0.0,0,0.0,0,0.0,0,0.0,6,6.5,0,0.0
2024-25,D,30,66621,0,Orange,Orange Unified,District Office,No,All,SS,1460,1419,97.2,627,44.2,210,14.8,72,5.1,30,2.1,6,0.4,0,0.0,8,0.5,0,0.0,3,0.2,24,1.6,0,0.0
2024-25,D,30,66621,0,Orange,Orange Unified,District Office,No,All,TA,2065,2008,97.2,1064,53.0,317,15.8,84,4.2,30,1.5,10,0.5,2,0.1,10,0.5,0,0.0,3,0.1,32,1.5,0,0.0
2024-25,D,30,66621,0,Orange,Orange Unified,District Office,No,No,GF,930,912,98.1,555,60.9,194,21.3,50,5.5,5,0.5,6,0.6,0,0.0,1,0.1,0,0.0,1,0.1,10,1.1,0,0.0
2024-25,D,30,66621,0,Orange,Orange Unified,District Office,No,No,GM,1031,1014,98.4,507,50.0,123,12.1,34,3.4,2,0.2,4,0.4,0,0.0,3,0.3,0,0.0,1,0.1,9,0.9,0,0.0
2024-25,D,30,66621,0,Orange,Orange Unified,District Office,No,No,GX,*,*,*,*,*,*,*,*,*,*,*,*,*,*,*,*,*,*,*,*,*,*,*,*,*
2024-25,D,30,66621,0,Orange,Orange Unified,District Office,No,No,RA,220,211,95.9,187,88.6,44,20.9,13,6.2,0,0.0,5,2.3,0,0.0,2,0.9,0,0.0,1,0.5,1,0.5,0,0.0
2024-25,D,30,66621,0,Orange,Orange Unified,District Office,No,No,RB,32,31,96.9,21,67.7,2,6.5,0,0.0,1,3.2,0,0.0,0,0.0,0,0.0,0,0.0,0,0.0,1,3.1,0,0.0
2024-25,D,30,66621,0,Orange,Orange Unified,District Office,No,No,RD,17,17,100.0,8,47.1,1,5.9,1,5.9,0,0.0,0,0.0,0,0.0,0,0.0,0,0.0,0,0.0,0,0.0,0,0.0
2024-25,D,30,66621,0,Orange,Orange Unified,District Office,No,No,RF,46,46,100.0,37,80.4,4,8.7,3,6.5,1,2.2,0,0.0,0,0.0,0,0.0,0,0.0,0,0.0,0,0.0,0,0.0
2024-25,D,30,66621,0,Orange,Orange Unified,District Office,No,No,RH,1106,1096,99.1,464,42.3,187,17.1,58,5.3,5,0.5,1,0.1,0,0.0,0,0.0,0,0.0,0,0.0,9,0.8,0,0.0
2024-25,D,30,66621,0,Orange,Orange Unified,District Office,No,No,RI,*,*,*,*,*,*,*,*,*,*,*,*,*,*,*,*,*,*,*,*,*,*,*,*,*
2024-25,D,30,66621,0,Orange,Orange Unified,District Office,No,No,RP,*,*,*,*,*,*,*,*,*,*,*,*,*,*,*,*,*,*,*,*,*,*,*,*,*
2024-25,D,30,66621,0,Orange,Orange Unified,District Office,No,No,RT,39,38,97.4,22,57.9,6,15.8,1,2.6,0,0.0,1,2.6,0,0.0,0,0.0,0,0.0,0,0.0,0,0.0,0,0.0
2024-25,D,30,66621,0,Orange,Orange Unified,District Office,No,No,RW,492,479,97.4,318,66.4,72,15.0,8,1.7,0,0.0,3,0.6,0,0.0,2,0.4,0,0.0,1,0.2,7,1.4,0,0.0
2024-25,D,30,66621,0,Orange,Orange Unified,District Office,No,No,SD,230,220,95.7,46,20.9,5,2.3,7,3.2,1,0.5,1,0.4,0,0.0,4,1.7,0,0.0,0,0.0,5,2.2,0,0.0
2024-25,D,30,66621,0,Orange,Orange Unified,District Office,No,No,SE,224,219,97.8,43,19.6,20,9.1,6,2.7,4,1.8,0,0.0,0,0.0,1,0.4,0,0.0,0,0.0,4,1.8,0,0.0
2024-25,D,30,66621,0,Orange,Orange Unified,District Office,No,No,SF,23,22,95.7,9,40.9,3,13.6,1,4.5,2,9.1,0,0.0,0,0.0,0,0.0,0,0.0,0,0.0,1,4.3,0,0.0
2024-25,D,30,66621,0,Orange,Orange Unified,District Office,No,No,SH,60,59,98.3,18,30.5,7,11.9,1,1.7,3,5.1,0,0.0,0,0.0,0,0.0,0,0.0,0,0.0,1,1.7,0,0.0
2024-25,D,30,66621,0,Orange,Orange Unified,District Office,No,No,SS,1365,1343,98.4,627,46.7,210,15.6,72,5.4,7,0.5,6,0.4,0,0.0,3,0.2,0,0.0,2,0.1,11,0.8,0,0.0
2024-25,D,30,66621,0,Orange,Orange Unified,District Office,No,No,TA,1963,1928,98.2,1064,55.2,317,16.4,84,4.4,7,0.4,10,0.5,0,0.0,4,0.2,0,0.0,2,0.1,19,1.0,0,0.0
2024-25,D,30,66621,0,Orange,Orange Unified,District Office,No,Yes,GF,44,37,84.1,0,0.0,0,0.0,0,0.0,14,37.8,0,0.0,1,2.3,1,2.3,0,0.0,1,2.3,4,9.1,0,0.0
2024-25,D,30,66621,0,Orange,Orange Unified,District Office,No,Yes,GM,56,41,73.2,0,0.0,0,0.0,0,0.0,9,22.0,0,0.0,1,1.8,5,8.9,0,0.0,0,0.0,9,16.1,0,0.0
2024-25,D,30,66621,0,Orange,Orange Unified,District Office,No,Yes,GX,*,*,*,*,*,*,*,*,*,*,*,*,*,*,*,*,*,*,*,*,*,*,*,*,*
2024-25,D,30,66621,0,Orange,Orange Unified,District Office,No,Yes,RA,*,*,*,*,*,*,*,*,*,*,*,*,*,*,*,*,*,*,*,*,*,*,*,*,*
2024-25,D,30,66621,0,Orange,Orange Unified,District Office,No,Yes,RB,*,*,*,*,*,*,*,*,*,*,*,*,*,*,*,*,*,*,*,*,*,*,*,*,*
2024-25,D,30,66621,0,Orange,Orange Unified,District Office,No,Yes,RD,*,*,*,*,*,*,*,*,*,*,*,*,*,*,*,*,*,*,*,*,*,*,*,*,*
2024-25,D,30,66621,0,Orange,Orange Unified,District Office,No,Yes,RF,*,*,*,*,*,*,*,*,*,*,*,*,*,*,*,*,*,*,*,*,*,*,*,*,*
2024-25,D,30,66621,0,Orange,Orange Unified,District Office,No,Yes,RH,80,65,81.3,0,0.0,0,0.0,0,0.0,20,30.8,0,0.0,1,1.3,2,2.5,0,0.0,0,0.0,12,15.0,0,0.0
2024-25,D,30,66621,0,Orange,Orange Unified,District Office,No,Yes,RI,*,*,*,*,*,*,*,*,*,*,*,*,*,*,*,*,*,*,*,*,*,*,*,*,*
2024-25,D,30,66621,0,Orange,Orange Unified,District Office,No,Yes,RP,*,*,*,*,*,*,*,*,*,*,*,*,*,*,*,*,*,*,*,*,*,*,*,*,*
2024-25,D,30,66621,0,Orange,Orange Unified,District Office,No,Yes,RT,*,*,*,*,*,*,*,*,*,*,*,*,*,*,*,*,*,*,*,*,*,*,*,*,*
2024-25,D,30,66621,0,Orange,Orange Unified,District Office,No,Yes,RW,*,*,*,*,*,*,*,*,*,*,*,*,*,*,*,*,*,*,*,*,*,*,*,*,*
2024-25,D,30,66621,0,Orange,Orange Unified,District Office,No,Yes,SD,25,15,60.0,0,0.0,0,0.0,0,0.0,2,13.3,0,0.0,1,4.0,6,24.0,0,0.0,0,0.0,3,12.0,0,0.0
2024-25,D,30,66621,0,Orange,Orange Unified,District Office,No,Yes,SE,43,34,79.1,0,0.0,0,0.0,0,0.0,15,44.1,0,0.0,0,0.0,0,0.0,0,0.0,0,0.0,9,20.9,0,0.0
2024-25,D,30,66621,0,Orange,Orange Unified,District Office,No,Yes,SF,*,*,*,*,*,*,*,*,*,*,*,*,*,*,*,*,*,*,*,*,*,*,*,*,*
2024-25,D,30,66621,0,Orange,Orange Unified,District Office,No,Yes,SH,33,28,84.8,0,0.0,0,0.0,0,0.0,19,67.9,0,0.0,0,0.0,0,0.0,0,0.0,0,0.0,5,15.2,0,0.0
2024-25,D,30,66621,0,Orange,Orange Unified,District Office,No,Yes,SS,95,76,80.0,0,0.0,0,0.0,0,0.0,23,30.3,0,0.0,0,0.0,5,5.3,0,0.0,1,1.1,13,13.7,0,0.0
2024-25,D,30,66621,0,Orange,Orange Unified,District Office,No,Yes,TA,102,80,78.4,0,0.0,0,0.0,0,0.0,23,28.8,0,0.0,2,2.0,6,5.9,0,0.0,1,1.0,13,12.7,0,0.0
2024-25,D,30,66647,0,Orange,Placentia-Yorba Linda Unified,District Office,All,All,GF,927,894,96.4,584,65.3,221,24.7,418,46.8,11,1.2,2,0.2,0,0.0,9,1.0,0,0.0,0,0.0,19,2.0,3,0.3
2024-25,D,30,66647,0,Orange,Placentia-Yorba Linda Unified,District Office,All,All,GM,1000,947,94.7,483,51.0,171,18.1,406,42.9,21,2.2,6,0.6,0,0.0,14,1.4,1,0.1,0,0.0,27,2.7,5,0.5
2024-25,D,30,66647,0,Orange,Placentia-Yorba Linda Unified,District Office,All,All,GX,*,*,*,*,*,*,*,*,*,*,*,*,*,*,*,*,*,*,*,*,*,*,*,*,*
2024-25,D,30,66647,0,Orange,Placentia-Yorba Linda Unified,District Office,All,All,RA,366,348,95.1,304,87.4,142,40.8,289,83.0,3,0.9,7,1.9,0,0.0,6,1.6,0,0.0,0,0.0,4,1.1,1,0.3
2024-25,D,30,66647,0,Orange,Placentia-Yorba Linda Unified,District Office,All,All,RB,27,24,88.9,13,54.2,1,4.2,9,37.5,2,8.3,0,0.0,0,0.0,0,0.0,0,0.0,0,0.0,3,11.1,0,0.0
2024-25,D,30,66647,0,Orange,Placentia-Yorba Linda Unified,District Office,All,All,RD,*,*,*,*,*,*,*,*,*,*,*,*,*,*,*,*,*,*,*,*,*,*,*,*,*
2024-25,D,30,66647,0,Orange,Placentia-Yorba Linda Unified,District Office,All,All,RF,44,43,97.7,32,74.4,7,16.3,28,65.1,0,0.0,0,0.0,0,0.0,1,2.3,0,0.0,0,0.0,0,0.0,0,0.0
2024-25,D,30,66647,0,Orange,Placentia-Yorba Linda Unified,District Office,All,All,RH,870,827,95.1,328,39.7,156,18.9,213,25.8,21,2.5,1,0.1,0,0.0,13,1.5,0,0.0,0,0.0,23,2.6,6,0.7
2024-25,D,30,66647,0,Orange,Placentia-Yorba Linda Unified,District Office,All,All,RI,*,*,*,*,*,*,*,*,*,*,*,*,*,*,*,*,*,*,*,*,*,*,*,*,*
2024-25,D,30,66647,0,Orange,Placentia-Yorba Linda Unified,District Office,All,All,RP,11,9,81.8,2,22.2,0,0.0,2,22.2,1,11.1,0,0.0,0,0.0,0,0.0,0,0.0,0,0.0,2,18.2,0,0.0
2024-25,D,30,66647,0,Orange,Placentia-Yorba Linda Unified,District Office,All,All,RT,70,70,100.0,47,67.1,11,15.7,35,50.0,0,0.0,0,0.0,0,0.0,0,0.0,0,0.0,0,0.0,0,0.0,0,0.0
2024-25,D,30,66647,0,Orange,Placentia-Yorba Linda Unified,District Office,All,All,RW,536,517,96.5,341,66.0,75,14.5,249,48.2,5,1.0,0,0.0,0,0.0,3,0.6,1,0.2,0,0.0,14,2.6,1,0.2
2024-25,D,30,66647,0,Orange,Placentia-Yorba Linda Unified,District Office,All,All,SD,209,165,78.9,28,17.0,7,4.2,30,18.2,14,8.5,0,0.0,0,0.0,23,11.0,0,0.0,0,0.0,17,8.1,4,1.9
2024-25,D,30,66647,0,Orange,Placentia-Yorba Linda Unified,District Office,All,All,SE,231,207,89.6,45,21.7,32,15.5,31,15.0,13,6.3,0,0.0,0,0.0,4,1.7,0,0.0,0,0.0,15,6.5,5,2.2
2024-25,D,30,66647,0,Orange,Placentia-Yorba Linda Unified,District Office,All,All,SF,17,16,94.1,3,18.8,0,0.0,1,6.3,5,31.3,0,0.0,0,0.0,0,0.0,0,0.0,0,0.0,1,5.9,0,0.0
2024-25,D,30,66647,0,Orange,Placentia-Yorba Linda Unified,District Office,All,All,SH,359,338,94.2,101,29.9,46,13.6,67,19.8,17,5.0,0,0.0,0,0.0,6,1.7,0,0.0,0,0.0,12,3.3,3,0.8
2024-25,D,30,66647,0,Orange,Placentia-Yorba Linda Unified,District Office,All,All,SS,1136,1076,94.7,477,44.3,190,17.7,348,32.3,29,2.7,4,0.4,0,0.0,17,1.5,1,0.1,0,0.0,31,2.7,7,0.6
2024-25,D,30,66647,0,Orange,Placentia-Yorba Linda Unified,District Office,All,All,TA,1929,1843,95.5,1068,57.9,392,21.3,825,44.8,32,1.7,8,0.4,0,0.0,23,1.2,1,0.1,0,0.0,46,2.4,8,0.4
2024-25,D,30,66647,0,Orange,Placentia-Yorba Linda Unified,District Office,All,No,GF,887,863,97.3,583,67.6,221,25.6,418,48.4,4,0.5,2,0.2,0,0.0,9,1.0,0,0.0,0,0.0,12,1.4,1,0.1
2024-25,D,30,66647,0,Orange,Placentia-Yorba Linda Unified,District Office,All,No,GM,948,907,95.7,483,53.3,171,18.9,406,44.8,5,0.6,6,0.6,0,0.0,14,1.5,1,0.1,0,0.0,19,2.0,1,0.1
2024-25,D,30,66647,0,Orange,Placentia-Yorba Linda Unified,District Office,All,No,GX,*,*,*,*,*,*,*,*,*,*,*,*,*,*,*,*,*,*,*,*,*,*,*,*,*
2024-25,D,30,66647,0,Orange,Placentia-Yorba Linda Unified,District Office,All,No,RA,360,344,95.6,304,88.4,142,41.3,289,84.0,1,0.3,7,1.9,0,0.0,6,1.7,0,0.0,0,0.0,3,0.8,0,0.0
2024-25,D,30,66647,0,Orange,Placentia-Yorba Linda Unified,District Office,All,No,RB,23,21,91.3,13,61.9,1,4.8,9,42.9,1,4.8,0,0.0,0,0.0,0,0.0,0,0.0,0,0.0,2,8.7,0,0.0
2024-25,D,30,66647,0,Orange,Placentia-Yorba Linda Unified,District Office,All,No,RD,*,*,*,*,*,*,*,*,*,*,*,*,*,*,*,*,*,*,*,*,*,*,*,*,*
2024-25,D,30,66647,0,Orange,Placentia-Yorba Linda Unified,District Office,All,No,RF,44,43,97.7,32,74.4,7,16.3,28,65.1,0,0.0,0,0.0,0,0.0,1,2.3,0,0.0,0,0.0,0,0.0,0,0.0
2024-25,D,30,66647,0,Orange,Placentia-Yorba Linda Unified,District Office,All,No,RH,807,778,96.4,328,42.2,156,20.1,213,27.4,5,0.6,1,0.1,0,0.0,13,1.6,0,0.0,0,0.0,13,1.6,2,0.2
2024-25,D,30,66647,0,Orange,Placentia-Yorba Linda Unified,District Office,All,No,RI,*,*,*,*,*,*,*,*,*,*,*,*,*,*,*,*,*,*,*,*,*,*,*,*,*
2024-25,D,30,66647,0,Orange,Placentia-Yorba Linda Unified,District Office,All,No,RP,11,9,81.8,2,22.2,0,0.0,2,22.2,1,11.1,0,0.0,0,0.0,0,0.0,0,0.0,0,0.0,2,18.2,0,0.0
2024-25,D,30,66647,0,Orange,Placentia-Yorba Linda Unified,District Office,All,No,RT,67,67,100.0,46,68.7,11,16.4,35,52.2,0,0.0,0,0.0,0,0.0,0,0.0,0,0.0,0,0.0,0,0.0,0,0.0
2024-25,D,30,66647,0,Orange,Placentia-Yorba Linda Unified,District Office,All,No,RW,521,506,97.1,341,67.4,75,14.8,249,49.2,1,0.2,0,0.0,0,0.0,3,0.6,1,0.2,0,0.0,11,2.1,0,0.0
2024-25,D,30,66647,0,Orange,Placentia-Yorba Linda Unified,District Office,All,No,SD,180,149,82.8,28,18.8,7,4.7,30,20.1,4,2.7,0,0.0,0,0.0,23,12.8,0,0.0,0,0.0,7,3.9,1,0.6
2024-25,D,30,66647,0,Orange,Placentia-Yorba Linda Unified,District Office,All,No,SE,200,183,91.5,45,24.6,32,17.5,31,16.9,5,2.7,0,0.0,0,0.0,4,2.0,0,0.0,0,0.0,11,5.5,2,1.0
2024-25,D,30,66647,0,Orange,Placentia-Yorba Linda Unified,District Office,All,No,SF,*,*,*,*,*,*,*,*,*,*,*,*,*,*,*,*,*,*,*,*,*,*,*,*,*
2024-25,D,30,66647,0,Orange,Placentia-Yorba Linda Unified,District Office,All,No,SH,321,307,95.6,101,32.9,46,15.0,67,21.8,5,1.6,0,0.0,0,0.0,6,1.9,0,0.0,0,0.0,7,2.2,1,0.3
2024-25,D,30,66647,0,Orange,Placentia-Yorba Linda Unified,District Office,All,No,SS,1051,1010,96.1,476,47.1,190,18.8,348,34.5,7,0.7,4,0.4,0,0.0,17,1.6,1,0.1,0,0.0,18,1.7,1,0.1
2024-25,D,30,66647,0,Orange,Placentia-Yorba Linda Unified,District Office,All,No,TA,1837,1772,96.5,1067,60.2,392,22.1,825,46.6,9,0.5,8,0.4,0,0.0,23,1.3,1,0.1,0,0.0,31,1.7,2,0.1
2024-25,D,30,66647,0,Orange,Placentia-Yorba Linda Unified,District Office,All,Yes,GF,40,31,77.5,1,3.2,0,0.0,0,0.0,7,22.6,0,0.0,0,0.0,0,0.0,0,0.0,0,0.0,7,17.5,2,5.0
2024-25,D,30,66647,0,Orange,Placentia-Yorba Linda Unified,District Office,All,Yes,GM,52,40,76.9,0,0.0,0,0.0,0,0.0,16,40.0,0,0.0,0,0.0,0,0.0,0,0.0,0,0.0,8,15.4,4,7.7
2024-25,D,30,66647,0,Orange,Placentia-Yorba Linda Unified,District Office,All,Yes,RA,*,*,*,*,*,*,*,*,*,*,*,*,*,*,*,*,*,*,*,*,*,*,*,*,*
2024-25,D,30,66647,0,Orange,Placentia-Yorba Linda Unified,District Office,All,Yes,RB,*,*,*,*,*,*,*,*,*,*,*,*,*,*,*,*,*,*,*,*,*,*,*,*,*
2024-25,D,30,66647,0,Orange,Placentia-Yorba Linda Unified,District Office,All,Yes,RD,*,*,*,*,*,*,*,*,*,*,*,*,*,*,*,*,*,*,*,*,*,*,*,*,*
2024-25,D,30,66647,0,Orange,Placentia-Yorba Linda Unified,District Office,All,Yes,RF,*,*,*,*,*,*,*,*,*,*,*,*,*,*,*,*,*,*,*,*,*,*,*,*,*
2024-25,D,30,66647,0,Orange,Placentia-Yorba Linda Unified,District Office,All,Yes,RH,63,49,77.8,0,0.0,0,0.0,0,0.0,16,32.7,0,0.0,0,0.0,0,0.0,0,0.0,0,0.0,10,15.9,4,6.3
2024-25,D,30,66647,0,Orange,Placentia-Yorba Linda Unified,District Office,All,Yes,RI,*,*,*,*,*,*,*,*,*,*,*,*,*,*,*,*,*,*,*,*,*,*,*,*,*
2024-25,D,30,66647,0,Orange,Placentia-Yorba Linda Unified,District Office,All,Yes,RP,*,*,*,*,*,*,*,*,*,*,*,*,*,*,*,*,*,*,*,*,*,*,*,*,*
2024-25,D,30,66647,0,Orange,Placentia-Yorba Linda Unified,District Office,All,Yes,RT,*,*,*,*,*,*,*,*,*,*,*,*,*,*,*,*,*,*,*,*,*,*,*,*,*
2024-25,D,30,66647,0,Orange,Placentia-Yorba Linda Unified,District Office,All,Yes,RW,15,11,73.3,0,0.0,0,0.0,0,0.0,4,36.4,0,0.0,0,0.0,0,0.0,0,0.0,0,0.0,3,20.0,1,6.7
2024-25,D,30,66647,0,Orange,Placentia-Yorba Linda Unified,District Office,All,Yes,SD,29,16,55.2,0,0.0,0,0.0,0,0.0,10,62.5,0,0.0,0,0.0,0,0.0,0,0.0,0,0.0,10,34.5,3,10.3
2024-25,D,30,66647,0,Orange,Placentia-Yorba Linda Unified,District Office,All,Yes,SE,31,24,77.4,0,0.0,0,0.0,0,0.0,8,33.3,0,0.0,0,0.0,0,0.0,0,0.0,0,0.0,4,12.9,3,9.7
2024-25,D,30,66647,0,Orange,Placentia-Yorba Linda Unified,District Office,All,Yes,SF,*,*,*,*,*,*,*,*,*,*,*,*,*,*,*,*,*,*,*,*,*,*,*,*,*
2024-25,D,30,66647,0,Orange,Placentia-Yorba Linda Unified,District Office,All,Yes,SH,38,31,81.6,0,0.0,0,0.0,0,0.0,12,38.7,0,0.0,0,0.0,0,0.0,0,0.0,0,0.0,5,13.2,2,5.3
2024-25,D,30,66647,0,Orange,Placentia-Yorba Linda Unified,District Office,All,Yes,SS,85,66,77.6,1,1.5,0,0.0,0,0.0,22,33.3,0,0.0,0,0.0,0,0.0,0,0.0,0,0.0,13,15.3,6,7.1
2024-25,D,30,66647,0,Orange,Placentia-Yorba Linda Unified,District Office,All,Yes,TA,92,71,77.2,1,1.4,0,0.0,0,0.0,23,32.4,0,0.0,0,0.0,0,0.0,0,0.0,0,0.0,15,16.3,6,6.5
2024-25,D,30,66647,0,Orange,Placentia-Yorba Linda Unified,District Office,No,All,GF,927,894,96.4,584,65.3,221,24.7,418,46.8,11,1.2,2,0.2,0,0.0,9,1.0,0,0.0,0,0.0,19,2.0,3,0.3
2024-25,D,30,66647,0,Orange,Placentia-Yorba Linda Unified,District Office,No,All,GM,1000,947,94.7,483,51.0,171,18.1,406,42.9,21,2.2,6,0.6,0,0.0,14,1.4,1,0.1,0,0.0,27,2.7,5,0.5
2024-25,D,30,66647,0,Orange,Placentia-Yorba Linda Unified,District Office,No,All,GX,*,*,*,*,*,*,*,*,*,*,*,*,*,*,*,*,*,*,*,*,*,*,*,*,*
2024-25,D,30,66647,0,Orange,Placentia-Yorba Linda Unified,District Office,No,All,RA,366,348,95.1,304,87.4,142,40.8,289,83.0,3,0.9,7,1.9,0,0.0,6,1.6,0,0.0,0,0.0,4,1.1,1,0.3
2024-25,D,30,66647,0,Orange,Placentia-Yorba Linda Unified,District Office,No,All,RB,27,24,88.9,13,54.2,1,4.2,9,37.5,2,8.3,0,0.0,0,0.0,0,0.0,0,0.0,0,0.0,3,11.1,0,0.0
2024-25,D,30,66647,0,Orange,Placentia-Yorba Linda Unified,District Office,No,All,RD,*,*,*,*,*,*,*,*,*,*,*,*,*,*,*,*,*,*,*,*,*,*,*,*,*
2024-25,D,30,66647,0,Orange,Placentia-Yorba Linda Unified,District Office,No,All,RF,44,43,97.7,32,74.4,7,16.3,28,65.1,0,0.0,0,0.0,0,0.0,1,2.3,0,0.0,0,0.0,0,0.0,0,0.0
2024-25,D,30,66647,0,Orange,Placentia-Yorba Linda Unified,District Office,No,All,RH,870,827,95.1,328,39.7,156,18.9,213,25.8,21,2.5,1,0.1,0,0.0,13,1.5,0,0.0,0,0.0,23,2.6,6,0.7
2024-25,D,30,66647,0,Orange,Placentia-Yorba Linda Unified,District Office,No,All,RI,*,*,*,*,*,*,*,*,*,*,*,*,*,*,*,*,*,*,*,*,*,*,*,*,*
2024-25,D,30,66647,0,Orange,Placentia-Yorba Linda Unified,District Office,No,All,RP,11,9,81.8,2,22.2,0,0.0,2,22.2,1,11.1,0,0.0,0,0.0,0,0.0,0,0.0,0,0.0,2,18.2,0,0.0
2024-25,D,30,66647,0,Orange,Placentia-Yorba Linda Unified,District Office,No,All,RT,70,70,100.0,47,67.1,11,15.7,35,50.0,0,0.0,0,0.0,0,0.0,0,0.0,0,0.0,0,0.0,0,0.0,0,0.0
2024-25,D,30,66647,0,Orange,Placentia-Yorba Linda Unified,District Office,No,All,RW,536,517,96.5,341,66.0,75,14.5,249,48.2,5,1.0,0,0.0,0,0.0,3,0.6,1,0.2,0,0.0,14,2.6,1,0.2
2024-25,D,30,66647,0,Orange,Placentia-Yorba Linda Unified,District Office,No,All,SD,209,165,78.9,28,17.0,7,4.2,30,18.2,14,8.5,0,0.0,0,0.0,23,11.0,0,0.0,0,0.0,17,8.1,4,1.9
2024-25,D,30,66647,0,Orange,Placentia-Yorba Linda Unified,District Office,No,All,SE,231,207,89.6,45,21.7,32,15.5,31,15.0,13,6.3,0,0.0,0,0.0,4,1.7,0,0.0,0,0.0,15,6.5,5,2.2
2024-25,D,30,66647,0,Orange,Placentia-Yorba Linda Unified,District Office,No,All,SF,17,16,94.1,3,18.8,0,0.0,1,6.3,5,31.3,0,0.0,0,0.0,0,0.0,0,0.0,0,0.0,1,5.9,0,0.0
2024-25,D,30,66647,0,Orange,Placentia-Yorba Linda Unified,District Office,No,All,SH,359,338,94.2,101,29.9,46,13.6,67,19.8,17,5.0,0,0.0,0,0.0,6,1.7,0,0.0,0,0.0,12,3.3,3,0.8
2024-25,D,30,66647,0,Orange,Placentia-Yorba Linda Unified,District Office,No,All,SS,1136,1076,94.7,477,44.3,190,17.7,348,32.3,29,2.7,4,0.4,0,0.0,17,1.5,1,0.1,0,0.0,31,2.7,7,0.6
2024-25,D,30,66647,0,Orange,Placentia-Yorba Linda Unified,District Office,No,All,TA,1929,1843,95.5,1068,57.9,392,21.3,825,44.8,32,1.7,8,0.4,0,0.0,23,1.2,1,0.1,0,0.0,46,2.4,8,0.4
2024-25,D,30,66647,0,Orange,Placentia-Yorba Linda Unified,District Office,No,No,GF,887,863,97.3,583,67.6,221,25.6,418,48.4,4,0.5,2,0.2,0,0.0,9,1.0,0,0.0,0,0.0,12,1.4,1,0.1
2024-25,D,30,66647,0,Orange,Placentia-Yorba Linda Unified,District Office,No,No,GM,948,907,95.7,483,53.3,171,18.9,406,44.8,5,0.6,6,0.6,0,0.0,14,1.5,1,0.1,0,0.0,19,2.0,1,0.1
2024-25,D,30,66647,0,Orange,Placentia-Yorba Linda Unified,District Office,No,No,GX,*,*,*,*,*,*,*,*,*,*,*,*,*,*,*,*,*,*,*,*,*,*,*,*,*
2024-25,D,30,66647,0,Orange,Placentia-Yorba Linda Unified,District Office,No,No,RA,360,344,95.6,304,88.4,142,41.3,289,84.0,1,0.3,7,1.9,0,0.0,6,1.7,0,0.0,0,0.0,3,0.8,0,0.0
2024-25,D,30,66647,0,Orange,Placentia-Yorba Linda Unified,District Office,No,No,RB,23,21,91.3,13,61.9,1,4.8,9,42.9,1,4.8,0,0.0,0,0.0,0,0.0,0,0.0,0,0.0,2,8.7,0,0.0
2024-25,D,30,66647,0,Orange,Placentia-Yorba Linda Unified,District Office,No,No,RD,*,*,*,*,*,*,*,*,*,*,*,*,*,*,*,*,*,*,*,*,*,*,*,*,*
2024-25,D,30,66647,0,Orange,Placentia-Yorba Linda Unified,District Office,No,No,RF,44,43,97.7,32,74.4,7,16.3,28,65.1,0,0.0,0,0.0,0,0.0,1,2.3,0,0.0,0,0.0,0,0.0,0,0.0
2024-25,D,30,66647,0,Orange,Placentia-Yorba Linda Unified,District Office,No,No,RH,807,778,96.4,328,42.2,156,20.1,213,27.4,5,0.6,1,0.1,0,0.0,13,1.6,0,0.0,0,0.0,13,1.6,2,0.2
2024-25,D,30,66647,0,Orange,Placentia-Yorba Linda Unified,District Office,No,No,RI,*,*,*,*,*,*,*,*,*,*,*,*,*,*,*,*,*,*,*,*,*,*,*,*,*
2024-25,D,30,66647,0,Orange,Placentia-Yorba Linda Unified,District Office,No,No,RP,11,9,81.8,2,22.2,0,0.0,2,22.2,1,11.1,0,0.0,0,0.0,0,0.0,0,0.0,0,0.0,2,18.2,0,0.0
2024-25,D,30,66647,0,Orange,Placentia-Yorba Linda Unified,District Office,No,No,RT,67,67,100.0,46,68.7,11,16.4,35,52.2,0,0.0,0,0.0,0,0.0,0,0.0,0,0.0,0,0.0,0,0.0,0,0.0
2024-25,D,30,66647,0,Orange,Placentia-Yorba Linda Unified,District Office,No,No,RW,521,506,97.1,341,67.4,75,14.8,249,49.2,1,0.2,0,0.0,0,0.0,3,0.6,1,0.2,0,0.0,11,2.1,0,0.0
2024-25,D,30,66647,0,Orange,Placentia-Yorba Linda Unified,District Office,No,No,SD,180,149,82.8,28,18.8,7,4.7,30,20.1,4,2.7,0,0.0,0,0.0,23,12.8,0,0.0,0,0.0,7,3.9,1,0.6
2024-25,D,30,66647,0,Orange,Placentia-Yorba Linda Unified,District Office,No,No,SE,200,183,91.5,45,24.6,32,17.5,31,16.9,5,2.7,0,0.0,0,0.0,4,2.0,0,0.0,0,0.0,11,5.5,2,1.0
2024-25,D,30,66647,0,Orange,Placentia-Yorba Linda Unified,District Office,No,No,SF,*,*,*,*,*,*,*,*,*,*,*,*,*,*,*,*,*,*,*,*,*,*,*,*,*
2024-25,D,30,66647,0,Orange,Placentia-Yorba Linda Unified,District Office,No,No,SH,321,307,95.6,101,32.9,46,15.0,67,21.8,5,1.6,0,0.0,0,0.0,6,1.9,0,0.0,0,0.0,7,2.2,1,0.3
2024-25,D,30,66647,0,Orange,Placentia-Yorba Linda Unified,District Office,No,No,SS,1051,1010,96.1,476,47.1,190,18.8,348,34.5,7,0.7,4,0.4,0,0.0,17,1.6,1,0.1,0,0.0,18,1.7,1,0.1
2024-25,D,30,66647,0,Orange,Placentia-Yorba Linda Unified,District Office,No,No,TA,1837,1772,96.5,1067,60.2,392,22.1,825,46.6,9,0.5,8,0.4,0,0.0,23,1.3,1,0.1,0,0.0,31,1.7,2,0.1
2024-25,D,30,66647,0,Orange,Placentia-Yorba Linda Unified,District Office,No,Yes,GF,40,31,77.5,1,3.2,0,0.0,0,0.0,7,22.6,0,0.0,0,0.0,0,0.0,0,0.0,0,0.0,7,17.5,2,5.0
2024-25,D,30,66647,0,Orange,Placentia-Yorba Linda Unified,District Office,No,Yes,GM,52,40,76.9,0,0.0,0,0.0,0,0.0,16,40.0,0,0.0,0,0.0,0,0.0,0,0.0,0,0.0,8,15.4,4,7.7
2024-25,D,30,66647,0,Orange,Placentia-Yorba Linda Unified,District Office,No,Yes,RA,*,*,*,*,*,*,*,*,*,*,*,*,*,*,*,*,*,*,*,*,*,*,*,*,*
2024-25,D,30,66647,0,Orange,Placentia-Yorba Linda Unified,District Office,No,Yes,RB,*,*,*,*,*,*,*,*,*,*,*,*,*,*,*,*,*,*,*,*,*,*,*,*,*
2024-25,D,30,66647,0,Orange,Placentia-Yorba Linda Unified,District Office,No,Yes,RD,*,*,*,*,*,*,*,*,*,*,*,*,*,*,*,*,*,*,*,*,*,*,*,*,*
2024-25,D,30,66647,0,Orange,Placentia-Yorba Linda Unified,District Office,No,Yes,RF,*,*,*,*,*,*,*,*,*,*,*,*,*,*,*,*,*,*,*,*,*,*,*,*,*
2024-25,D,30,66647,0,Orange,Placentia-Yorba Linda Unified,District Office,No,Yes,RH,63,49,77.8,0,0.0,0,0.0,0,0.0,16,32.7,0,0.0,0,0.0,0,0.0,0,0.0,0,0.0,10,15.9,4,6.3
2024-25,D,30,66647,0,Orange,Placentia-Yorba Linda Unified,District Office,No,Yes,RI,*,*,*,*,*,*,*,*,*,*,*,*,*,*,*,*,*,*,*,*,*,*,*,*,*
2024-25,D,30,66647,0,Orange,Placentia-Yorba Linda Unified,District Office,No,Yes,RP,*,*,*,*,*,*,*,*,*,*,*,*,*,*,*,*,*,*,*,*,*,*,*,*,*
2024-25,D,30,66647,0,Orange,Placentia-Yorba Linda Unified,District Office,No,Yes,RT,*,*,*,*,*,*,*,*,*,*,*,*,*,*,*,*,*,*,*,*,*,*,*,*,*
2024-25,D,30,66647,0,Orange,Placentia-Yorba Linda Unified,District Office,No,Yes,RW,15,11,73.3,0,0.0,0,0.0,0,0.0,4,36.4,0,0.0,0,0.0,0,0.0,0,0.0,0,0.0,3,20.0,1,6.7
2024-25,D,30,66647,0,Orange,Placentia-Yorba Linda Unified,District Office,No,Yes,SD,29,16,55.2,0,0.0,0,0.0,0,0.0,10,62.5,0,0.0,0,0.0,0,0.0,0,0.0,0,0.0,10,34.5,3,10.3
2024-25,D,30,66647,0,Orange,Placentia-Yorba Linda Unified,District Office,No,Yes,SE,31,24,77.4,0,0.0,0,0.0,0,0.0,8,33.3,0,0.0,0,0.0,0,0.0,0,0.0,0,0.0,4,12.9,3,9.7
2024-25,D,30,66647,0,Orange,Placentia-Yorba Linda Unified,District Office,No,Yes,SF,*,*,*,*,*,*,*,*,*,*,*,*,*,*,*,*,*,*,*,*,*,*,*,*,*
2024-25,D,30,66647,0,Orange,Placentia-Yorba Linda Unified,District Office,No,Yes,SH,38,31,81.6,0,0.0,0,0.0,0,0.0,12,38.7,0,0.0,0,0.0,0,0.0,0,0.0,0,0.0,5,13.2,2,5.3
2024-25,D,30,66647,0,Orange,Placentia-Yorba Linda Unified,District Office,No,Yes,SS,85,66,77.6,1,1.5,0,0.0,0,0.0,22,33.3,0,0.0,0,0.0,0,0.0,0,0.0,0,0.0,13,15.3,6,7.1
2024-25,D,30,66647,0,Orange,Placentia-Yorba Linda Unified,District Office,No,Yes,TA,92,71,77.2,1,1.4,0,0.0,0,0.0,23,32.4,0,0.0,0,0.0,0,0.0,0,0.0,0,0.0,15,16.3,6,6.5
2024-25,D,30,66670,0,Orange,Santa Ana Unified,District Office,All,All,GF,1676,1572,93.8,854,54.3,489,31.1,592,37.7,123,7.8,1,0.1,0,0.0,11,0.7,0,0.0,6,0.4,86,5.1,0,0.0
2024-25,D,30,66670,0,Orange,Santa Ana Unified,District Office,All,All,GM,1743,1567,89.9,646,41.2,268,17.1,477,30.4,164,10.5,0,0.0,0,0.0,30,1.7,0,0.0,9,0.5,137,7.9,0,0.0
2024-25,D,30,66670,0,Orange,Santa Ana Unified,District Office,All,All,GX,*,*,*,*,*,*,*,*,*,*,*,*,*,*,*,*,*,*,*,*,*,*,*,*,*
2024-25,D,30,66670,0,Orange,Santa Ana Unified,District Office,All,All,RA,80,72,90.0,58,80.6,6,8.3,44,61.1,1,1.4,1,1.3,0,0.0,2,2.5,0,0.0,1,1.3,4,5.0,0,0.0
2024-25,D,30,66670,0,Orange,Santa Ana Unified,District Office,All,All,RB,*,*,*,*,*,*,*,*,*,*,*,*,*,*,*,*,*,*,*,*,*,*,*,*,*
2024-25,D,30,66670,0,Orange,Santa Ana Unified,District Office,All,All,RD,*,*,*,*,*,*,*,*,*,*,*,*,*,*,*,*,*,*,*,*,*,*,*,*,*
2024-25,D,30,66670,0,Orange,Santa Ana Unified,District Office,All,All,RF,*,*,*,*,*,*,*,*,*,*,*,*,*,*,*,*,*,*,*,*,*,*,*,*,*
2024-25,D,30,66670,0,Orange,Santa Ana Unified,District Office,All,All,RH,3298,3030,91.9,1420,46.9,749,24.7,1008,33.3,283,9.3,0,0.0,0,0.0,38,1.2,0,0.0,14,0.4,216,6.5,0,0.0
2024-25,D,30,66670,0,Orange,Santa Ana Unified,District Office,All,All,RI,*,*,*,*,*,*,*,*,*,*,*,*,*,*,*,*,*,*,*,*,*,*,*,*,*
2024-25,D,30,66670,0,Orange,Santa Ana Unified,District Office,All,All,RP,*,*,*,*,*,*,*,*,*,*,*,*,*,*,*,*,*,*,*,*,*,*,*,*,*
2024-25,D,30,66670,0,Orange,Santa Ana Unified,District Office,All,All,RT,*,*,*,*,*,*,*,*,*,*,*,*,*,*,*,*,*,*,*,*,*,*,*,*,*
2024-25,D,30,66670,0,Orange,Santa Ana Unified,District Office,All,All,RW,17,14,82.4,6,42.9,0,0.0,7,50.0,2,14.3,0,0.0,0,0.0,2,11.8,0,0.0,0,0.0,1,5.9,0,0.0
2024-25,D,30,66670,0,Orange,Santa Ana Unified,District Office,All,All,SD,441,357,81.0,93,26.1,15,4.2,96,26.9,35,9.8,0,0.0,0,0.0,42,9.5,0,0.0,2,0.5,40,9.1,0,0.0
2024-25,D,30,66670,0,Orange,Santa Ana Unified,District Office,All,All,SE,1117,956,85.6,267,27.9,80,8.4,183,19.1,138,14.4,0,0.0,0,0.0,16,1.4,0,0.0,13,1.2,132,11.8,0,0.0
2024-25,D,30,66670,0,Orange,Santa Ana Unified,District Office,All,All,SF,39,34,87.2,6,17.6,5,14.7,4,11.8,16,47.1,0,0.0,0,0.0,2,5.1,0,0.0,0,0.0,3,7.7,0,0.0
2024-25,D,30,66670,0,Orange,Santa Ana Unified,District Office,All,All,SH,774,639,82.6,206,32.2,104,16.3,168,26.3,170,26.6,0,0.0,0,0.0,5,0.6,0,0.0,6,0.8,124,16.0,0,0.0
2024-25,D,30,66670,0,Orange,Santa Ana Unified,District Office,All,All,SM,32,28,87.5,13,46.4,7,25.0,8,28.6,7,25.0,0,0.0,0,0.0,1,3.1,0,0.0,0,0.0,3,9.4,0,0.0
2024-25,D,30,66670,0,Orange,Santa Ana Unified,District Office,All,All,SS,3160,2894,91.6,1331,46.0,712,24.6,953,32.9,281,9.7,1,0.0,0,0.0,36,1.1,0,0.0,14,0.4,215,6.8,0,0.0
2024-25,D,30,66670,0,Orange,Santa Ana Unified,District Office,All,All,TA,3425,3142,91.7,1501,47.8,757,24.1,1069,34.0,287,9.1,1,0.0,0,0.0,42,1.2,0,0.0,15,0.4,225,6.6,0,0.0
2024-25,D,30,66670,0,Orange,Santa Ana Unified,District Office,All,No,GF,1466,1413,96.4,852,60.3,487,34.5,591,41.8,9,0.6,1,0.1,0,0.0,11,0.8,0,0.0,6,0.4,35,2.4,0,0.0
2024-25,D,30,66670,0,Orange,Santa Ana Unified,District Office,All,No,GM,1477,1387,93.9,645,46.5,266,19.2,477,34.4,26,1.9,0,0.0,0,0.0,30,2.0,0,0.0,8,0.5,52,3.5,0,0.0
2024-25,D,30,66670,0,Orange,Santa Ana Unified,District Office,All,No,GX,*,*,*,*,*,*,*,*,*,*,*,*,*,*,*,*,*,*,*,*,*,*,*,*,*
2024-25,D,30,66670,0,Orange,Santa Ana Unified,District Office,All,No,RA,78,71,91.0,58,81.7,6,8.5,44,62.0,1,1.4,1,1.3,0,0.0,2,2.6,0,0.0,1,1.3,3,3.8,0,0.0
2024-25,D,30,66670,0,Orange,Santa Ana Unified,District Office,All,No,RB,*,*,*,*,*,*,*,*,*,*,*,*,*,*,*,*,*,*,*,*,*,*,*,*,*
2024-25,D,30,66670,0,Orange,Santa Ana Unified,District Office,All,No,RD,*,*,*,*,*,*,*,*,*,*,*,*,*,*,*,*,*,*,*,*,*,*,*,*,*
2024-25,D,30,66670,0,Orange,Santa Ana Unified,District Office,All,No,RF,*,*,*,*,*,*,*,*,*,*,*,*,*,*,*,*,*,*,*,*,*,*,*,*,*
2024-25,D,30,66670,0,Orange,Santa Ana Unified,District Office,All,No,RH,2828,2695,95.3,1417,52.6,745,27.6,1007,37.4,33,1.2,0,0.0,0,0.0,38,1.3,0,0.0,13,0.5,82,2.9,0,0.0
2024-25,D,30,66670,0,Orange,Santa Ana Unified,District Office,All,No,RI,*,*,*,*,*,*,*,*,*,*,*,*,*,*,*,*,*,*,*,*,*,*,*,*,*
2024-25,D,30,66670,0,Orange,Santa Ana Unified,District Office,All,No,RP,*,*,*,*,*,*,*,*,*,*,*,*,*,*,*,*,*,*,*,*,*,*,*,*,*
2024-25,D,30,66670,0,Orange,Santa Ana Unified,District Office,All,No,RT,*,*,*,*,*,*,*,*,*,*,*,*,*,*,*,*,*,*,*,*,*,*,*,*,*
2024-25,D,30,66670,0,Orange,Santa Ana Unified,District Office,All,No,RW,15,12,80.0,6,50.0,0,0.0,7,58.3,1,8.3,0,0.0,0,0.0,2,13.3,0,0.0,0,0.0,1,6.7,0,0.0
2024-25,D,30,66670,0,Orange,Santa Ana Unified,District Office,All,No,SD,385,316,82.1,93,29.4,14,4.4,96,30.4,4,1.3,0,0.0,0,0.0,42,10.9,0,0.0,1,0.3,26,6.8,0,0.0
2024-25,D,30,66670,0,Orange,Santa Ana Unified,District Office,All,No,SE,904,810,89.6,267,33.0,79,9.8,183,22.6,28,3.5,0,0.0,0,0.0,16,1.8,0,0.0,12,1.3,66,7.3,0,0.0
2024-25,D,30,66670,0,Orange,Santa Ana Unified,District Office,All,No,SF,21,19,90.5,6,31.6,5,26.3,4,21.1,3,15.8,0,0.0,0,0.0,2,9.5,0,0.0,0,0.0,0,0.0,0,0.0
2024-25,D,30,66670,0,Orange,Santa Ana Unified,District Office,All,No,SH,513,470,91.6,206,43.8,103,21.9,168,35.7,23,4.9,0,0.0,0,0.0,5,1.0,0,0.0,5,1.0,33,6.4,0,0.0
2024-25,D,30,66670,0,Orange,Santa Ana Unified,District Office,All,No,SM,24,22,91.7,13,59.1,7,31.8,8,36.4,1,4.5,0,0.0,0,0.0,1,4.2,0,0.0,0,0.0,1,4.2,0,0.0
2024-25,D,30,66670,0,Orange,Santa Ana Unified,District Office,All,No,SS,2695,2564,95.1,1328,51.8,708,27.6,952,37.1,34,1.3,1,0.0,0,0.0,36,1.3,0,0.0,13,0.5,81,3.0,0,0.0
2024-25,D,30,66670,0,Orange,Santa Ana Unified,District Office,All,No,TA,2949,2803,95.0,1498,53.4,753,26.9,1068,38.1,35,1.2,1,0.0,0,0.0,42,1.4,0,0.0,14,0.5,89,3.0,0,0.0
2024-25,D,30,66670,0,Orange,Santa Ana Unified,District Office,All,Yes,GF,210,159,75.7,2,1.3,2,1.3,1,0.6,114,71.7,0,0.0,0,0.0,0,0.0,0,0.0,0,0.0,51,24.3,0,0.0
2024-25,D,30,66670,0,Orange,Santa Ana Unified,District Office,All,Yes,GM,266,180,67.7,1,0.6,2,1.1,0,0.0,138,76.7,0,0.0,0,0.0,0,0.0,0,0.0,1,0.4,85,32.0,0,0.0
2024-25,D,30,66670,0,Orange,Santa Ana Unified,District Office,All,Yes,RA,*,*,*,*,*,*,*,*,*,*,*,*,*,*,*,*,*,*,*,*,*,*,*,*,*
2024-25,D,30,66670,0,Orange,Santa Ana Unified,District Office,All,Yes,RB,*,*,*,*,*,*,*,*,*,*,*,*,*,*,*,*,*,*,*,*,*,*,*,*,*
2024-25,D,30,66670,0,Orange,Santa Ana Unified,District Office,All,Yes,RD,*,*,*,*,*,*,*,*,*,*,*,*,*,*,*,*,*,*,*,*,*,*,*,*,*
2024-25,D,30,66670,0,Orange,Santa Ana Unified,District Office,All,Yes,RF,*,*,*,*,*,*,*,*,*,*,*,*,*,*,*,*,*,*,*,*,*,*,*,*,*
2024-25,D,30,66670,0,Orange,Santa Ana Unified,District Office,All,Yes,RH,470,335,71.3,3,0.9,4,1.2,1,0.3,250,74.6,0,0.0,0,0.0,0,0.0,0,0.0,1,0.2,134,28.5,0,0.0
2024-25,D,30,66670,0,Orange,Santa Ana Unified,District Office,All,Yes,RI,*,*,*,*,*,*,*,*,*,*,*,*,*,*,*,*,*,*,*,*,*,*,*,*,*
2024-25,D,30,66670,0,Orange,Santa Ana Unified,District Office,All,Yes,RP,*,*,*,*,*,*,*,*,*,*,*,*,*,*,*,*,*,*,*,*,*,*,*,*,*
2024-25,D,30,66670,0,Orange,Santa Ana Unified,District Office,All,Yes,RT,*,*,*,*,*,*,*,*,*,*,*,*,*,*,*,*,*,*,*,*,*,*,*,*,*
2024-25,D,30,66670,0,Orange,Santa Ana Unified,District Office,All,Yes,RW,*,*,*,*,*,*,*,*,*,*,*,*,*,*,*,*,*,*,*,*,*,*,*,*,*
2024-25,D,30,66670,0,Orange,Santa Ana Unified,District Office,All,Yes,SD,56,41,73.2,0,0.0,1,2.4,0,0.0,31,75.6,0,0.0,0,0.0,0,0.0,0,0.0,1,1.8,14,25.0,0,0.0
2024-25,D,30,66670,0,Orange,Santa Ana Unified,District Office,All,Yes,SE,213,146,68.5,0,0.0,1,0.7,0,0.0,110,75.3,0,0.0,0,0.0,0,0.0,0,0.0,1,0.5,66,31.0,0,0.0
2024-25,D,30,66670,0,Orange,Santa Ana Unified,District Office,All,Yes,SF,18,15,83.3,0,0.0,0,0.0,0,0.0,13,86.7,0,0.0,0,0.0,0,0.0,0,0.0,0,0.0,3,16.7,0,0.0
2024-25,D,30,66670,0,Orange,Santa Ana Unified,District Office,All,Yes,SH,261,169,64.8,0,0.0,1,0.6,0,0.0,147,87.0,0,0.0,0,0.0,0,0.0,0,0.0,1,0.4,91,34.9,0,0.0
2024-25,D,30,66670,0,Orange,Santa Ana Unified,District Office,All,Yes,SM,*,*,*,*,*,*,*,*,*,*,*,*,*,*,*,*,*,*,*,*,*,*,*,*,*
2024-25,D,30,66670,0,Orange,Santa Ana Unified,District Office,All,Yes,SS,465,330,71.0,3,0.9,4,1.2,1,0.3,247,74.8,0,0.0,0,0.0,0,0.0,0,0.0,1,0.2,134,28.8,0,0.0
2024-25,D,30,66670,0,Orange,Santa Ana Unified,District Office,All,Yes,TA,476,339,71.2,3,0.9,4,1.2,1,0.3,252,74.3,0,0.0,0,0.0,0,0.0,0,0.0,1,0.2,136,28.6,0,0.0
2024-25,D,30,66670,0,Orange,Santa Ana Unified,District Office,No,All,GF,1621,1518,93.6,807,53.2,471,31.0,567,37.4,123,8.1,1,0.1,0,0.0,11,0.7,0,0.0,6,0.4,85,5.2,0,0.0
2024-25,D,30,66670,0,Orange,Santa Ana Unified,District Office,No,All,GM,1685,1511,89.7,601,39.8,255,16.9,456,30.2,164,10.9,0,0.0,0,0.0,30,1.8,0,0.0,9,0.5,135,8.0,0,0.0
2024-25,D,30,66670,0,Orange,Santa Ana Unified,District Office,No,All,GX,*,*,*,*,*,*,*,*,*,*,*,*,*,*,*,*,*,*,*,*,*,*,*,*,*
2024-25,D,30,66670,0,Orange,Santa Ana Unified,District Office,No,All,RA,79,71,89.9,57,80.3,6,8.5,43,60.6,1,1.4,1,1.3,0,0.0,2,2.5,0,0.0,1,1.3,4,5.1,0,0.0
2024-25,D,30,66670,0,Orange,Santa Ana Unified,District Office,No,All,RB,*,*,*,*,*,*,*,*,*,*,*,*,*,*,*,*,*,*,*,*,*,*,*,*,*
2024-25,D,30,66670,0,Orange,Santa Ana Unified,District Office,No,All,RD,*,*,*,*,*,*,*,*,*,*,*,*,*,*,*,*,*,*,*,*,*,*,*,*,*
2024-25,D,30,66670,0,Orange,Santa Ana Unified,District Office,No,All,RF,*,*,*,*,*,*,*,*,*,*,*,*,*,*,*,*,*,*,*,*,*,*,*,*,*
2024-25,D,30,66670,0,Orange,Santa Ana Unified,District Office,No,All,RH,3191,2923,91.6,1329,45.5,718,24.6,964,33.0,283,9.7,0,0.0,0,0.0,38,1.2,0,0.0,14,0.4,216,6.8,0,0.0
2024-25,D,30,66670,0,Orange,Santa Ana Unified,District Office,No,All,RI,*,*,*,*,*,*,*,*,*,*,*,*,*,*,*,*,*,*,*,*,*,*,*,*,*
2024-25,D,30,66670,0,Orange,Santa Ana Unified,District Office,No,All,RP,*,*,*,*,*,*,*,*,*,*,*,*,*,*,*,*,*,*,*,*,*,*,*,*,*
2024-25,D,30,66670,0,Orange,Santa Ana Unified,District Office,No,All,RT,*,*,*,*,*,*,*,*,*,*,*,*,*,*,*,*,*,*,*,*,*,*,*,*,*
2024-25,D,30,66670,0,Orange,Santa Ana Unified,District Office,No,All,RW,16,13,81.3,6,46.2,0,0.0,7,53.8,2,15.4,0,0.0,0,0.0,2,12.5,0,0.0,0,0.0,1,6.3,0,0.0
2024-25,D,30,66670,0,Orange,Santa Ana Unified,District Office,No,All,SD,431,347,80.5,87,25.1,14,4.0,92,26.5,35,10.1,0,0.0,0,0.0,42,9.7,0,0.0,2,0.5,40,9.3,0,0.0
2024-25,D,30,66670,0,Orange,Santa Ana Unified,District Office,No,All,SE,1089,928,85.2,247,26.6,77,8.3,175,18.9,138,14.9,0,0.0,0,0.0,16,1.5,0,0.0,13,1.2,132,12.1,0,0.0
2024-25,D,30,66670,0,Orange,Santa Ana Unified,District Office,No,All,SF,38,33,86.8,5,15.2,4,12.1,3,9.1,16,48.5,0,0.0,0,0.0,2,5.3,0,0.0,0,0.0,3,7.9,0,0.0
2024-25,D,30,66670,0,Orange,Santa Ana Unified,District Office,No,All,SH,766,631,82.4,201,31.9,103,16.3,166,26.3,170,26.9,0,0.0,0,0.0,5,0.7,0,0.0,6,0.8,124,16.2,0,0.0
2024-25,D,30,66670,0,Orange,Santa Ana Unified,District Office,No,All,SM,32,28,87.5,13,46.4,7,25.0,8,28.6,7,25.0,0,0.0,0,0.0,1,3.1,0,0.0,0,0.0,3,9.4,0,0.0
2024-25,D,30,66670,0,Orange,Santa Ana Unified,District Office,No,All,SS,3053,2788,91.3,1243,44.6,684,24.5,909,32.6,281,10.1,1,0.0,0,0.0,36,1.2,0,0.0,14,0.5,214,7.0,0,0.0
2024-25,D,30,66670,0,Orange,Santa Ana Unified,District Office,No,All,TA,3311,3031,91.5,1408,46.5,726,24.0,1023,33.8,287,9.5,1,0.0,0,0.0,42,1.3,0,0.0,15,0.5,222,6.7,0,0.0
2024-25,D,30,66670,0,Orange,Santa Ana Unified,District Office,No,No,GF,1411,1359,96.3,805,59.2,469,34.5,566,41.6,9,0.7,1,0.1,0,0.0,11,0.8,0,0.0,6,0.4,34,2.4,0,0.0
2024-25,D,30,66670,0,Orange,Santa Ana Unified,District Office,No,No,GM,1419,1331,93.8,600,45.1,253,19.0,456,34.3,26,2.0,0,0.0,0,0.0,30,2.1,0,0.0,8,0.6,50,3.5,0,0.0
2024-25,D,30,66670,0,Orange,Santa Ana Unified,District Office,No,No,GX,*,*,*,*,*,*,*,*,*,*,*,*,*,*,*,*,*,*,*,*,*,*,*,*,*
2024-25,D,30,66670,0,Orange,Santa Ana Unified,District Office,No,No,RA,77,70,90.9,57,81.4,6,8.6,43,61.4,1,1.4,1,1.3,0,0.0,2,2.6,0,0.0,1,1.3,3,3.9,0,0.0
2024-25,D,30,66670,0,Orange,Santa Ana Unified,District Office,No,No,RB,*,*,*,*,*,*,*,*,*,*,*,*,*,*,*,*,*,*,*,*,*,*,*,*,*
2024-25,D,30,66670,0,Orange,Santa Ana Unified,District Office,No,No,RD,*,*,*,*,*,*,*,*,*,*,*,*,*,*,*,*,*,*,*,*,*,*,*,*,*
2024-25,D,30,66670,0,Orange,Santa Ana Unified,District Office,No,No,RF,*,*,*,*,*,*,*,*,*,*,*,*,*,*,*,*,*,*,*,*,*,*,*,*,*
2024-25,D,30,66670,0,Orange,Santa Ana Unified,District Office,No,No,RH,2721,2588,95.1,1326,51.2,714,27.6,963,37.2,33,1.3,0,0.0,0,0.0,38,1.4,0,0.0,13,0.5,82,3.0,0,0.0
2024-25,D,30,66670,0,Orange,Santa Ana Unified,District Office,No,No,RI,*,*,*,*,*,*,*,*,*,*,*,*,*,*,*,*,*,*,*,*,*,*,*,*,*
2024-25,D,30,66670,0,Orange,Santa Ana Unified,District Office,No,No,RP,*,*,*,*,*,*,*,*,*,*,*,*,*,*,*,*,*,*,*,*,*,*,*,*,*
2024-25,D,30,66670,0,Orange,Santa Ana Unified,District Office,No,No,RT,*,*,*,*,*,*,*,*,*,*,*,*,*,*,*,*,*,*,*,*,*,*,*,*,*
2024-25,D,30,66670,0,Orange,Santa Ana Unified,District Office,No,No,RW,14,11,78.6,6,54.5,0,0.0,7,63.6,1,9.1,0,0.0,0,0.0,2,14.3,0,0.0,0,0.0,1,7.1,0,0.0
2024-25,D,30,66670,0,Orange,Santa Ana Unified,District Office,No,No,SD,375,306,81.6,87,28.4,13,4.2,92,30.1,4,1.3,0,0.0,0,0.0,42,11.2,0,0.0,1,0.3,26,6.9,0,0.0
2024-25,D,30,66670,0,Orange,Santa Ana Unified,District Office,No,No,SE,876,782,89.3,247,31.6,76,9.7,175,22.4,28,3.6,0,0.0,0,0.0,16,1.8,0,0.0,12,1.4,66,7.5,0,0.0
2024-25,D,30,66670,0,Orange,Santa Ana Unified,District Office,No,No,SF,20,18,90.0,5,27.8,4,22.2,3,16.7,3,16.7,0,0.0,0,0.0,2,10.0,0,0.0,0,0.0,0,0.0,0,0.0
2024-25,D,30,66670,0,Orange,Santa Ana Unified,District Office,No,No,SH,505,462,91.5,201,43.5,102,22.1,166,35.9,23,5.0,0,0.0,0,0.0,5,1.0,0,0.0,5,1.0,33,6.5,0,0.0
2024-25,D,30,66670,0,Orange,Santa Ana Unified,District Office,No,No,SM,24,22,91.7,13,59.1,7,31.8,8,36.4,1,4.5,0,0.0,0,0.0,1,4.2,0,0.0,0,0.0,1,4.2,0,0.0
2024-25,D,30,66670,0,Orange,Santa Ana Unified,District Office,No,No,SS,2588,2458,95.0,1240,50.4,680,27.7,908,36.9,34,1.4,1,0.0,0,0.0,36,1.4,0,0.0,13,0.5,80,3.1,0,0.0
2024-25,D,30,66670,0,Orange,Santa Ana Unified,District Office,No,No,TA,2835,2692,95.0,1405,52.2,722,26.8,1022,38.0,35,1.3,1,0.0,0,0.0,42,1.5,0,0.0,14,0.5,86,3.0,0,0.0
2024-25,D,30,66670,0,Orange,Santa Ana Unified,District Office,No,Yes,GF,210,159,75.7,2,1.3,2,1.3,1,0.6,114,71.7,0,0.0,0,0.0,0,0.0,0,0.0,0,0.0,51,24.3,0,0.0
2024-25,D,30,66670,0,Orange,Santa Ana Unified,District Office,No,Yes,GM,266,180,67.7,1,0.6,2,1.1,0,0.0,138,76.7,0,0.0,0,0.0,0,0.0,0,0.0,1,0.4,85,32.0,0,0.0
2024-25,D,30,66670,0,Orange,Santa Ana Unified,District Office,No,Yes,RA,*,*,*,*,*,*,*,*,*,*,*,*,*,*,*,*,*,*,*,*,*,*,*,*,*
2024-25,D,30,66670,0,Orange,Santa Ana Unified,District Office,No,Yes,RB,*,*,*,*,*,*,*,*,*,*,*,*,*,*,*,*,*,*,*,*,*,*,*,*,*
2024-25,D,30,66670,0,Orange,Santa Ana Unified,District Office,No,Yes,RD,*,*,*,*,*,*,*,*,*,*,*,*,*,*,*,*,*,*,*,*,*,*,*,*,*
2024-25,D,30,66670,0,Orange,Santa Ana Unified,District Office,No,Yes,RF,*,*,*,*,*,*,*,*,*,*,*,*,*,*,*,*,*,*,*,*,*,*,*,*,*
2024-25,D,30,66670,0,Orange,Santa Ana Unified,District Office,No,Yes,RH,470,335,71.3,3,0.9,4,1.2,1,0.3,250,74.6,0,0.0,0,0.0,0,0.0,0,0.0,1,0.2,134,28.5,0,0.0
2024-25,D,30,66670,0,Orange,Santa Ana Unified,District Office,No,Yes,RI,*,*,*,*,*,*,*,*,*,*,*,*,*,*,*,*,*,*,*,*,*,*,*,*,*
2024-25,D,30,66670,0,Orange,Santa Ana Unified,District Office,No,Yes,RP,*,*,*,*,*,*,*,*,*,*,*,*,*,*,*,*,*,*,*,*,*,*,*,*,*
2024-25,D,30,66670,0,Orange,Santa Ana Unified,District Office,No,Yes,RT,*,*,*,*,*,*,*,*,*,*,*,*,*,*,*,*,*,*,*,*,*,*,*,*,*
2024-25,D,30,66670,0,Orange,Santa Ana Unified,District Office,No,Yes,RW,*,*,*,*,*,*,*,*,*,*,*,*,*,*,*,*,*,*,*,*,*,*,*,*,*
2024-25,D,30,66670,0,Orange,Santa Ana Unified,District Office,No,Yes,SD,56,41,73.2,0,0.0,1,2.4,0,0.0,31,75.6,0,0.0,0,0.0,0,0.0,0,0.0,1,1.8,14,25.0,0,0.0
2024-25,D,30,66670,0,Orange,Santa Ana Unified,District Office,No,Yes,SE,213,146,68.5,0,0.0,1,0.7,0,0.0,110,75.3,0,0.0,0,0.0,0,0.0,0,0.0,1,0.5,66,31.0,0,0.0
2024-25,D,30,66670,0,Orange,Santa Ana Unified,District Office,No,Yes,SF,18,15,83.3,0,0.0,0,0.0,0,0.0,13,86.7,0,0.0,0,0.0,0,0.0,0,0.0,0,0.0,3,16.7,0,0.0
2024-25,D,30,66670,0,Orange,Santa Ana Unified,District Office,No,Yes,SH,261,169,64.8,0,0.0,1,0.6,0,0.0,147,87.0,0,0.0,0,0.0,0,0.0,0,0.0,1,0.4,91,34.9,0,0.0
2024-25,D,30,66670,0,Orange,Santa Ana Unified,District Office,No,Yes,SM,*,*,*,*,*,*,*,*,*,*,*,*,*,*,*,*,*,*,*,*,*,*,*,*,*
2024-25,D,30,66670,0,Orange,Santa Ana Unified,District Office,No,Yes,SS,465,330,71.0,3,0.9,4,1.2,1,0.3,247,74.8,0,0.0,0,0.0,0,0.0,0,0.0,1,0.2,134,28.8,0,0.0
2024-25,D,30,66670,0,Orange,Santa Ana Unified,District Office,No,Yes,TA,476,339,71.2,3,0.9,4,1.2,1,0.3,252,74.3,0,0.0,0,0.0,0,0.0,0,0.0,1,0.2,136,28.6,0,0.0
2024-25,D,30,66670,0,Orange,Santa Ana Unified,District Office,Yes,All,GF,55,54,98.2,47,87.0,18,33.3,25,46.3,0,0.0,0,0.0,0,0.0,0,0.0,0,0.0,0,0.0,1,1.8,0,0.0
2024-25,D,30,66670,0,Orange,Santa Ana Unified,District Office,Yes,All,GM,58,56,96.6,45,80.4,13,23.2,21,37.5,0,0.0,0,0.0,0,0.0,0,0.0,0,0.0,0,0.0,2,3.4,0,0.0
2024-25,D,30,66670,0,Orange,Santa Ana Unified,District Office,Yes,All,GX,*,*,*,*,*,*,*,*,*,*,*,*,*,*,*,*,*,*,*,*,*,*,*,*,*
2024-25,D,30,66670,0,Orange,Santa Ana Unified,District Office,Yes,All,RA,*,*,*,*,*,*,*,*,*,*,*,*,*,*,*,*,*,*,*,*,*,*,*,*,*
2024-25,D,30,66670,0,Orange,Santa Ana Unified,District Office,Yes,All,RB,*,*,*,*,*,*,*,*,*,*,*,*,*,*,*,*,*,*,*,*,*,*,*,*,*
2024-25,D,30,66670,0,Orange,Santa Ana Unified,District Office,Yes,All,RD,*,*,*,*,*,*,*,*,*,*,*,*,*,*,*,*,*,*,*,*,*,*,*,*,*
2024-25,D,30,66670,0,Orange,Santa Ana Unified,District Office,Yes,All,RF,*,*,*,*,*,*,*,*,*,*,*,*,*,*,*,*,*,*,*,*,*,*,*,*,*
2024-25,D,30,66670,0,Orange,Santa Ana Unified,District Office,Yes,All,RH,107,107,100.0,91,85.0,31,29.0,44,41.1,0,0.0,0,0.0,0,0.0,0,0.0,0,0.0,0,0.0,0,0.0,0,0.0
2024-25,D,30,66670,0,Orange,Santa Ana Unified,District Office,Yes,All,RI,*,*,*,*,*,*,*,*,*,*,*,*,*,*,*,*,*,*,*,*,*,*,*,*,*
2024-25,D,30,66670,0,Orange,Santa Ana Unified,District Office,Yes,All,RP,*,*,*,*,*,*,*,*,*,*,*,*,*,*,*,*,*,*,*,*,*,*,*,*,*
2024-25,D,30,66670,0,Orange,Santa Ana Unified,District Office,Yes,All,RT,*,*,*,*,*,*,*,*,*,*,*,*,*,*,*,*,*,*,*,*,*,*,*,*,*
2024-25,D,30,66670,0,Orange,Santa Ana Unified,District Office,Yes,All,RW,*,*,*,*,*,*,*,*,*,*,*,*,*,*,*,*,*,*,*,*,*,*,*,*,*
2024-25,D,30,66670,0,Orange,Santa Ana Unified,District Office,Yes,All,SD,*,*,*,*,*,*,*,*,*,*,*,*,*,*,*,*,*,*,*,*,*,*,*,*,*
2024-25,D,30,66670,0,Orange,Santa Ana Unified,District Office,Yes,All,SE,28,28,100.0,20,71.4,3,10.7,8,28.6,0,0.0,0,0.0,0,0.0,0,0.0,0,0.0,0,0.0,0,0.0,0,0.0
2024-25,D,30,66670,0,Orange,Santa Ana Unified,District Office,Yes,All,SF,*,*,*,*,*,*,*,*,*,*,*,*,*,*,*,*,*,*,*,*,*,*,*,*,*
2024-25,D,30,66670,0,Orange,Santa Ana Unified,District Office,Yes,All,SH,*,*,*,*,*,*,*,*,*,*,*,*,*,*,*,*,*,*,*,*,*,*,*,*,*
2024-25,D,30,66670,0,Orange,Santa Ana Unified,District Office,Yes,All,SS,107,106,99.1,88,83.0,28,26.4,44,41.5,0,0.0,0,0.0,0,0.0,0,0.0,0,0.0,0,0.0,1,0.9,0,0.0
2024-25,D,30,66670,0,Orange,Santa Ana Unified,District Office,Yes,All,TA,114,111,97.4,93,83.8,31,27.9,46,41.4,0,0.0,0,0.0,0,0.0,0,0.0,0,0.0,0,0.0,3,2.6,0,0.0
2024-25,D,30,66670,0,Orange,Santa Ana Unified,District Office,Yes,No,GF,55,54,98.2,47,87.0,18,33.3,25,46.3,0,0.0,0,0.0,0,0.0,0,0.0,0,0.0,0,0.0,1,1.8,0,0.0
2024-25,D,30,66670,0,Orange,Santa Ana Unified,District Office,Yes,No,GM,58,56,96.6,45,80.4,13,23.2,21,37.5,0,0.0,0,0.0,0,0.0,0,0.0,0,0.0,0,0.0,2,3.4,0,0.0
2024-25,D,30,66670,0,Orange,Santa Ana Unified,District Office,Yes,No,GX,*,*,*,*,*,*,*,*,*,*,*,*,*,*,*,*,*,*,*,*,*,*,*,*,*
2024-25,D,30,66670,0,Orange,Santa Ana Unified,District Office,Yes,No,RA,*,*,*,*,*,*,*,*,*,*,*,*,*,*,*,*,*,*,*,*,*,*,*,*,*
2024-25,D,30,66670,0,Orange,Santa Ana Unified,District Office,Yes,No,RB,*,*,*,*,*,*,*,*,*,*,*,*,*,*,*,*,*,*,*,*,*,*,*,*,*
2024-25,D,30,66670,0,Orange,Santa Ana Unified,District Office,Yes,No,RD,*,*,*,*,*,*,*,*,*,*,*,*,*,*,*,*,*,*,*,*,*,*,*,*,*
2024-25,D,30,66670,0,Orange,Santa Ana Unified,District Office,Yes,No,RF,*,*,*,*,*,*,*,*,*,*,*,*,*,*,*,*,*,*,*,*,*,*,*,*,*
2024-25,D,30,66670,0,Orange,Santa Ana Unified,District Office,Yes,No,RH,107,107,100.0,91,85.0,31,29.0,44,41.1,0,0.0,0,0.0,0,0.0,0,0.0,0,0.0,0,0.0,0,0.0,0,0.0
2024-25,D,30,66670,0,Orange,Santa Ana Unified,District Office,Yes,No,RI,*,*,*,*,*,*,*,*,*,*,*,*,*,*,*,*,*,*,*,*,*,*,*,*,*
2024-25,D,30,66670,0,Orange,Santa Ana Unified,District Office,Yes,No,RP,*,*,*,*,*,*,*,*,*,*,*,*,*,*,*,*,*,*,*,*,*,*,*,*,*
2024-25,D,30,66670,0,Orange,Santa Ana Unified,District Office,Yes,No,RT,*,*,*,*,*,*,*,*,*,*,*,*,*,*,*,*,*,*,*,*,*,*,*,*,*
2024-25,D,30,66670,0,Orange,Santa Ana Unified,District Office,Yes,No,RW,*,*,*,*,*,*,*,*,*,*,*,*,*,*,*,*,*,*,*,*,*,*,*,*,*
2024-25,D,30,66670,0,Orange,Santa Ana Unified,District Office,Yes,No,SD,*,*,*,*,*,*,*,*,*,*,*,*,*,*,*,*,*,*,*,*,*,*,*,*,*
2024-25,D,30,66670,0,Orange,Santa Ana Unified,District Office,Yes,No,SE,28,28,100.0,20,71.4,3,10.7,8,28.6,0,0.0,0,0.0,0,0.0,0,0.0,0,0.0,0,0.0,0,0.0,0,0.0
2024-25,D,30,66670,0,Orange,Santa Ana Unified,District Office,Yes,No,SF,*,*,*,*,*,*,*,*,*,*,*,*,*,*,*,*,*,*,*,*,*,*,*,*,*
2024-25,D,30,66670,0,Orange,Santa Ana Unified,District Office,Yes,No,SH,*,*,*,*,*,*,*,*,*,*,*,*,*,*,*,*,*,*,*,*,*,*,*,*,*
2024-25,D,30,66670,0,Orange,Santa Ana Unified,District Office,Yes,No,SS,107,106,99.1,88,83.0,28,26.4,44,41.5,0,0.0,0,0.0,0,0.0,0,0.0,0,0.0,0,0.0,1,0.9,0,0.0
2024-25,D,30,66670,0,Orange,Santa Ana Unified,District Office,Yes,No,TA,114,111,97.4,93,83.8,31,27.9,46,41.4,0,0.0,0,0.0,0,0.0,0,0.0,0,0.0,0,0.0,3,2.6,0,0.0
2024-25,D,30,73635,0,Orange,Saddleback Valley Unified,District Office,All,All,GF,882,853,96.7,481,56.4,201,23.6,384,45.0,35,4.1,4,0.5,0,0.0,5,0.6,2,0.2,2,0.2,15,1.7,1,0.1
2024-25,D,30,73635,0,Orange,Saddleback Valley Unified,District Office,All,All,GM,1054,998,94.7,512,51.3,170,17.0,420,42.1,61,6.1,4,0.4,1,0.1,10,0.9,6,0.6,3,0.3,31,2.9,1,0.1
2024-25,D,30,73635,0,Orange,Saddleback Valley Unified,District Office,All,All,GX,*,*,*,*,*,*,*,*,*,*,*,*,*,*,*,*,*,*,*,*,*,*,*,*,*
2024-25,D,30,73635,0,Orange,Saddleback Valley Unified,District Office,All,All,RA,174,166,95.4,135,81.3,61,36.7,121,72.9,0,0.0,4,2.3,0,0.0,2,1.1,1,0.6,0,0.0,1,0.6,0,0.0
2024-25,D,30,73635,0,Orange,Saddleback Valley Unified,District Office,All,All,RB,23,23,100.0,11,47.8,3,13.0,5,21.7,0,0.0,0,0.0,0,0.0,0,0.0,0,0.0,0,0.0,0,0.0,0,0.0
2024-25,D,30,73635,0,Orange,Saddleback Valley Unified,District Office,All,All,RD,*,*,*,*,*,*,*,*,*,*,*,*,*,*,*,*,*,*,*,*,*,*,*,*,*
2024-25,D,30,73635,0,Orange,Saddleback Valley Unified,District Office,All,All,RF,68,67,98.5,36,53.7,9,13.4,37,55.2,4,6.0,0,0.0,0,0.0,1,1.5,0,0.0,0,0.0,0,0.0,0,0.0
2024-25,D,30,73635,0,Orange,Saddleback Valley Unified,District Office,All,All,RH,777,727,93.6,257,35.4,127,17.5,176,24.2,75,10.3,1,0.1,0,0.0,7,0.9,3,0.4,5,0.6,32,4.1,2,0.3
2024-25,D,30,73635,0,Orange,Saddleback Valley Unified,District Office,All,All,RI,*,*,*,*,*,*,*,*,*,*,*,*,*,*,*,*,*,*,*,*,*,*,*,*,*
2024-25,D,30,73635,0,Orange,Saddleback Valley Unified,District Office,All,All,RP,*,*,*,*,*,*,*,*,*,*,*,*,*,*,*,*,*,*,*,*,*,*,*,*,*
2024-25,D,30,73635,0,Orange,Saddleback Valley Unified,District Office,All,All,RT,121,118,97.5,77,65.3,25,21.2,62,52.5,2,1.7,0,0.0,0,0.0,0,0.0,1,0.8,0,0.0,2,1.7,0,0.0
2024-25,D,30,73635,0,Orange,Saddleback Valley Unified,District Office,All,All,RW,762,738,96.9,471,63.8,144,19.5,399,54.1,14,1.9,3,0.4,1,0.1,5,0.7,3,0.4,0,0.0,12,1.6,0,0.0
2024-25,D,30,73635,0,Orange,Saddleback Valley Unified,District Office,All,All,SD,247,217,87.9,25,11.5,3,1.4,29,13.4,21,9.7,0,0.0,0,0.0,15,6.1,2,0.8,0,0.0,13,5.3,0,0.0
2024-25,D,30,73635,0,Orange,Saddleback Valley Unified,District Office,All,All,SE,394,354,89.8,65,18.4,29,8.2,49,13.8,58,16.4,0,0.0,0,0.0,3,0.8,2,0.5,5,1.3,28,7.1,2,0.5
2024-25,D,30,73635,0,Orange,Saddleback Valley Unified,District Office,All,All,SF,*,*,*,*,*,*,*,*,*,*,*,*,*,*,*,*,*,*,*,*,*,*,*,*,*
2024-25,D,30,73635,0,Orange,Saddleback Valley Unified,District Office,All,All,SH,277,243,87.7,42,17.3,19,7.8,28,11.5,77,31.7,0,0.0,0,0.0,3,1.1,1,0.4,3,1.1,27,9.7,0,0.0
2024-25,D,30,73635,0,Orange,Saddleback Valley Unified,District Office,All,All,SM,*,*,*,*,*,*,*,*,*,*,*,*,*,*,*,*,*,*,*,*,*,*,*,*,*
2024-25,D,30,73635,0,Orange,Saddleback Valley Unified,District Office,All,All,SS,1119,1053,94.1,413,39.2,154,14.6,315,29.9,92,8.7,3,0.3,1,0.1,11,1.0,5,0.4,5,0.4,39,3.5,2,0.2
2024-25,D,30,73635,0,Orange,Saddleback Valley Unified,District Office,All,All,TA,1944,1858,95.6,998,53.7,372,20.0,809,43.5,96,5.2,8,0.4,1,0.1,15,0.8,8,0.4,5,0.3,47,2.4,2,0.1
2024-25,D,30,73635,0,Orange,Saddleback Valley Unified,District Office,All,No,GF,839,815,97.1,480,58.9,201,24.7,384,47.1,18,2.2,4,0.5,0,0.0,5,0.6,2,0.2,2,0.2,10,1.2,1,0.1
2024-25,D,30,73635,0,Orange,Saddleback Valley Unified,District Office,All,No,GM,982,940,95.7,512,54.5,170,18.1,420,44.7,28,3.0,4,0.4,0,0.0,10,1.0,6,0.6,3,0.3,18,1.8,1,0.1
2024-25,D,30,73635,0,Orange,Saddleback Valley Unified,District Office,All,No,GX,*,*,*,*,*,*,*,*,*,*,*,*,*,*,*,*,*,*,*,*,*,*,*,*,*
2024-25,D,30,73635,0,Orange,Saddleback Valley Unified,District Office,All,No,RA,171,164,95.9,135,82.3,61,37.2,121,73.8,0,0.0,4,2.3,0,0.0,2,1.2,1,0.6,0,0.0,0,0.0,0,0.0
2024-25,D,30,73635,0,Orange,Saddleback Valley Unified,District Office,All,No,RB,23,23,100.0,11,47.8,3,13.0,5,21.7,0,0.0,0,0.0,0,0.0,0,0.0,0,0.0,0,0.0,0,0.0,0,0.0
2024-25,D,30,73635,0,Orange,Saddleback Valley Unified,District Office,All,No,RD,*,*,*,*,*,*,*,*,*,*,*,*,*,*,*,*,*,*,*,*,*,*,*,*,*
2024-25,D,30,73635,0,Orange,Saddleback Valley Unified,District Office,All,No,RF,67,66,98.5,36,54.5,9,13.6,37,56.1,3,4.5,0,0.0,0,0.0,1,1.5,0,0.0,0,0.0,0,0.0,0,0.0
2024-25,D,30,73635,0,Orange,Saddleback Valley Unified,District Office,All,No,RH,696,659,94.7,257,39.0,127,19.3,176,26.7,38,5.8,1,0.1,0,0.0,7,1.0,3,0.4,5,0.7,19,2.7,2,0.3
2024-25,D,30,73635,0,Orange,Saddleback Valley Unified,District Office,All,No,RI,*,*,*,*,*,*,*,*,*,*,*,*,*,*,*,*,*,*,*,*,*,*,*,*,*
2024-25,D,30,73635,0,Orange,Saddleback Valley Unified,District Office,All,No,RP,*,*,*,*,*,*,*,*,*,*,*,*,*,*,*,*,*,*,*,*,*,*,*,*,*
2024-25,D,30,73635,0,Orange,Saddleback Valley Unified,District Office,All,No,RT,118,115,97.5,77,67.0,25,21.7,62,53.9,1,0.9,0,0.0,0,0.0,0,0.0,1,0.8,0,0.0,2,1.7,0,0.0
2024-25,D,30,73635,0,Orange,Saddleback Valley Unified,District Office,All,No,RW,736,717,97.4,470,65.6,144,20.1,399,55.6,4,0.6,3,0.4,0,0.0,5,0.7,3,0.4,0,0.0,8,1.1,0,0.0
2024-25,D,30,73635,0,Orange,Saddleback Valley Unified,District Office,All,No,SD,227,200,88.1,25,12.5,3,1.5,29,14.5,11,5.5,0,0.0,0,0.0,15,6.6,2,0.9,0,0.0,10,4.4,0,0.0
2024-25,D,30,73635,0,Orange,Saddleback Valley Unified,District Office,All,No,SE,337,309,91.7,65,21.0,29,9.4,49,15.9,31,10.0,0,0.0,0,0.0,3,0.9,2,0.6,5,1.5,16,4.7,2,0.6
2024-25,D,30,73635,0,Orange,Saddleback Valley Unified,District Office,All,No,SF,*,*,*,*,*,*,*,*,*,*,*,*,*,*,*,*,*,*,*,*,*,*,*,*,*
2024-25,D,30,73635,0,Orange,Saddleback Valley Unified,District Office,All,No,SH,203,183,90.1,41,22.4,19,10.4,28,15.3,33,18.0,0,0.0,0,0.0,3,1.5,1,0.5,3,1.5,13,6.4,0,0.0
2024-25,D,30,73635,0,Orange,Saddleback Valley Unified,District Office,All,No,SM,*,*,*,*,*,*,*,*,*,*,*,*,*,*,*,*,*,*,*,*,*,*,*,*,*
2024-25,D,30,73635,0,Orange,Saddleback Valley Unified,District Office,All,No,SS,1016,967,95.2,412,42.6,154,15.9,315,32.6,43,4.4,3,0.3,0,0.0,11,1.1,5,0.5,5,0.5,23,2.3,2,0.2
2024-25,D,30,73635,0,Orange,Saddleback Valley Unified,District Office,All,No,TA,1829,1762,96.3,997,56.6,372,21.1,809,45.9,46,2.6,8,0.4,0,0.0,15,0.8,8,0.4,5,0.3,29,1.6,2,0.1
2024-25,D,30,73635,0,Orange,Saddleback Valley Unified,District Office,All,Yes,GF,43,38,88.4,1,2.6,0,0.0,0,0.0,17,44.7,0,0.0,0,0.0,0,0.0,0,0.0,0,0.0,5,11.6,0,0.0
2024-25,D,30,73635,0,Orange,Saddleback Valley Unified,District Office,All,Yes,GM,72,58,80.6,0,0.0,0,0.0,0,0.0,33,56.9,0,0.0,1,1.4,0,0.0,0,0.0,0,0.0,13,18.1,0,0.0
2024-25,D,30,73635,0,Orange,Saddleback Valley Unified,District Office,All,Yes,RA,*,*,*,*,*,*,*,*,*,*,*,*,*,*,*,*,*,*,*,*,*,*,*,*,*
2024-25,D,30,73635,0,Orange,Saddleback Valley Unified,District Office,All,Yes,RB,*,*,*,*,*,*,*,*,*,*,*,*,*,*,*,*,*,*,*,*,*,*,*,*,*
2024-25,D,30,73635,0,Orange,Saddleback Valley Unified,District Office,All,Yes,RD,*,*,*,*,*,*,*,*,*,*,*,*,*,*,*,*,*,*,*,*,*,*,*,*,*
2024-25,D,30,73635,0,Orange,Saddleback Valley Unified,District Office,All,Yes,RF,*,*,*,*,*,*,*,*,*,*,*,*,*,*,*,*,*,*,*,*,*,*,*,*,*
2024-25,D,30,73635,0,Orange,Saddleback Valley Unified,District Office,All,Yes,RH,81,68,84.0,0,0.0,0,0.0,0,0.0,37,54.4,0,0.0,0,0.0,0,0.0,0,0.0,0,0.0,13,16.0,0,0.0
2024-25,D,30,73635,0,Orange,Saddleback Valley Unified,District Office,All,Yes,RI,*,*,*,*,*,*,*,*,*,*,*,*,*,*,*,*,*,*,*,*,*,*,*,*,*
2024-25,D,30,73635,0,Orange,Saddleback Valley Unified,District Office,All,Yes,RP,*,*,*,*,*,*,*,*,*,*,*,*,*,*,*,*,*,*,*,*,*,*,*,*,*
2024-25,D,30,73635,0,Orange,Saddleback Valley Unified,District Office,All,Yes,RT,*,*,*,*,*,*,*,*,*,*,*,*,*,*,*,*,*,*,*,*,*,*,*,*,*
2024-25,D,30,73635,0,Orange,Saddleback Valley Unified,District Office,All,Yes,RW,26,21,80.8,1,4.8,0,0.0,0,0.0,10,47.6,0,0.0,1,3.8,0,0.0,0,0.0,0,0.0,4,15.4,0,0.0
2024-25,D,30,73635,0,Orange,Saddleback Valley Unified,District Office,All,Yes,SD,20,17,85.0,0,0.0,0,0.0,0,0.0,10,58.8,0,0.0,0,0.0,0,0.0,0,0.0,0,0.0,3,15.0,0,0.0
2024-25,D,30,73635,0,Orange,Saddleback Valley Unified,District Office,All,Yes,SE,57,45,78.9,0,0.0,0,0.0,0,0.0,27,60.0,0,0.0,0,0.0,0,0.0,0,0.0,0,0.0,12,21.1,0,0.0
2024-25,D,30,73635,0,Orange,Saddleback Valley Unified,District Office,All,Yes,SF,*,*,*,*,*,*,*,*,*,*,*,*,*,*,*,*,*,*,*,*,*,*,*,*,*
2024-25,D,30,73635,0,Orange,Saddleback Valley Unified,District Office,All,Yes,SH,74,60,81.1,1,1.7,0,0.0,0,0.0,44,73.3,0,0.0,0,0.0,0,0.0,0,0.0,0,0.0,14,18.9,0,0.0
2024-25,D,30,73635,0,Orange,Saddleback Valley Unified,District Office,All,Yes,SS,103,86,83.5,1,1.2,0,0.0,0,0.0,49,57.0,0,0.0,1,1.0,0,0.0,0,0.0,0,0.0,16,15.5,0,0.0
2024-25,D,30,73635,0,Orange,Saddleback Valley Unified,District Office,All,Yes,TA,115,96,83.5,1,1.0,0,0.0,0,0.0,50,52.1,0,0.0,1,0.9,0,0.0,0,0.0,0,0.0,18,15.7,0,0.0
2024-25,D,30,73635,0,Orange,Saddleback Valley Unified,District Office,No,All,GF,882,853,96.7,481,56.4,201,23.6,384,45.0,35,4.1,4,0.5,0,0.0,5,0.6,2,0.2,2,0.2,15,1.7,1,0.1
2024-25,D,30,73635,0,Orange,Saddleback Valley Unified,District Office,No,All,GM,1054,998,94.7,512,51.3,170,17.0,420,42.1,61,6.1,4,0.4,1,0.1,10,0.9,6,0.6,3,0.3,31,2.9,1,0.1
2024-25,D,30,73635,0,Orange,Saddleback Valley Unified,District Office,No,All,GX,*,*,*,*,*,*,*,*,*,*,*,*,*,*,*,*,*,*,*,*,*,*,*,*,*
2024-25,D,30,73635,0,Orange,Saddleback Valley Unified,District Office,No,All,RA,174,166,95.4,135,81.3,61,36.7,121,72.9,0,0.0,4,2.3,0,0.0,2,1.1,1,0.6,0,0.0,1,0.6,0,0.0
2024-25,D,30,73635,0,Orange,Saddleback Valley Unified,District Office,No,All,RB,23,23,100.0,11,47.8,3,13.0,5,21.7,0,0.0,0,0.0,0,0.0,0,0.0,0,0.0,0,0.0,0,0.0,0,0.0
2024-25,D,30,73635,0,Orange,Saddleback Valley Unified,District Office,No,All,RD,*,*,*,*,*,*,*,*,*,*,*,*,*,*,*,*,*,*,*,*,*,*,*,*,*
2024-25,D,30,73635,0,Orange,Saddleback Valley Unified,District Office,No,All,RF,68,67,98.5,36,53.7,9,13.4,37,55.2,4,6.0,0,0.0,0,0.0,1,1.5,0,0.0,0,0.0,0,0.0,0,0.0
2024-25,D,30,73635,0,Orange,Saddleback Valley Unified,District Office,No,All,RH,777,727,93.6,257,35.4,127,17.5,176,24.2,75,10.3,1,0.1,0,0.0,7,0.9,3,0.4,5,0.6,32,4.1,2,0.3
2024-25,D,30,73635,0,Orange,Saddleback Valley Unified,District Office,No,All,RI,*,*,*,*,*,*,*,*,*,*,*,*,*,*,*,*,*,*,*,*,*,*,*,*,*
2024-25,D,30,73635,0,Orange,Saddleback Valley Unified,District Office,No,All,RP,*,*,*,*,*,*,*,*,*,*,*,*,*,*,*,*,*,*,*,*,*,*,*,*,*
2024-25,D,30,73635,0,Orange,Saddleback Valley Unified,District Office,No,All,RT,121,118,97.5,77,65.3,25,21.2,62,52.5,2,1.7,0,0.0,0,0.0,0,0.0,1,0.8,0,0.0,2,1.7,0,0.0
2024-25,D,30,73635,0,Orange,Saddleback Valley Unified,District Office,No,All,RW,762,738,96.9,471,63.8,144,19.5,399,54.1,14,1.9,3,0.4,1,0.1,5,0.7,3,0.4,0,0.0,12,1.6,0,0.0
2024-25,D,30,73635,0,Orange,Saddleback Valley Unified,District Office,No,All,SD,247,217,87.9,25,11.5,3,1.4,29,13.4,21,9.7,0,0.0,0,0.0,15,6.1,2,0.8,0,0.0,13,5.3,0,0.0
2024-25,D,30,73635,0,Orange,Saddleback Valley Unified,District Office,No,All,SE,394,354,89.8,65,18.4,29,8.2,49,13.8,58,16.4,0,0.0,0,0.0,3,0.8,2,0.5,5,1.3,28,7.1,2,0.5
2024-25,D,30,73635,0,Orange,Saddleback Valley Unified,District Office,No,All,SF,*,*,*,*,*,*,*,*,*,*,*,*,*,*,*,*,*,*,*,*,*,*,*,*,*
2024-25,D,30,73635,0,Orange,Saddleback Valley Unified,District Office,No,All,SH,277,243,87.7,42,17.3,19,7.8,28,11.5,77,31.7,0,0.0,0,0.0,3,1.1,1,0.4,3,1.1,27,9.7,0,0.0
2024-25,D,30,73635,0,Orange,Saddleback Valley Unified,District Office,No,All,SM,*,*,*,*,*,*,*,*,*,*,*,*,*,*,*,*,*,*,*,*,*,*,*,*,*
2024-25,D,30,73635,0,Orange,Saddleback Valley Unified,District Office,No,All,SS,1119,1053,94.1,413,39.2,154,14.6,315,29.9,92,8.7,3,0.3,1,0.1,11,1.0,5,0.4,5,0.4,39,3.5,2,0.2
2024-25,D,30,73635,0,Orange,Saddleback Valley Unified,District Office,No,All,TA,1944,1858,95.6,998,53.7,372,20.0,809,43.5,96,5.2,8,0.4,1,0.1,15,0.8,8,0.4,5,0.3,47,2.4,2,0.1
2024-25,D,30,73635,0,Orange,Saddleback Valley Unified,District Office,No,No,GF,839,815,97.1,480,58.9,201,24.7,384,47.1,18,2.2,4,0.5,0,0.0,5,0.6,2,0.2,2,0.2,10,1.2,1,0.1
2024-25,D,30,73635,0,Orange,Saddleback Valley Unified,District Office,No,No,GM,982,940,95.7,512,54.5,170,18.1,420,44.7,28,3.0,4,0.4,0,0.0,10,1.0,6,0.6,3,0.3,18,1.8,1,0.1
2024-25,D,30,73635,0,Orange,Saddleback Valley Unified,District Office,No,No,GX,*,*,*,*,*,*,*,*,*,*,*,*,*,*,*,*,*,*,*,*,*,*,*,*,*
2024-25,D,30,73635,0,Orange,Saddleback Valley Unified,District Office,No,No,RA,171,164,95.9,135,82.3,61,37.2,121,73.8,0,0.0,4,2.3,0,0.0,2,1.2,1,0.6,0,0.0,0,0.0,0,0.0
2024-25,D,30,73635,0,Orange,Saddleback Valley Unified,District Office,No,No,RB,23,23,100.0,11,47.8,3,13.0,5,21.7,0,0.0,0,0.0,0,0.0,0,0.0,0,0.0,0,0.0,0,0.0,0,0.0
2024-25,D,30,73635,0,Orange,Saddleback Valley Unified,District Office,No,No,RD,*,*,*,*,*,*,*,*,*,*,*,*,*,*,*,*,*,*,*,*,*,*,*,*,*
2024-25,D,30,73635,0,Orange,Saddleback Valley Unified,District Office,No,No,RF,67,66,98.5,36,54.5,9,13.6,37,56.1,3,4.5,0,0.0,0,0.0,1,1.5,0,0.0,0,0.0,0,0.0,0,0.0
2024-25,D,30,73635,0,Orange,Saddleback Valley Unified,District Office,No,No,RH,696,659,94.7,257,39.0,127,19.3,176,26.7,38,5.8,1,0.1,0,0.0,7,1.0,3,0.4,5,0.7,19,2.7,2,0.3
2024-25,D,30,73635,0,Orange,Saddleback Valley Unified,District Office,No,No,RI,*,*,*,*,*,*,*,*,*,*,*,*,*,*,*,*,*,*,*,*,*,*,*,*,*
2024-25,D,30,73635,0,Orange,Saddleback Valley Unified,District Office,No,No,RP,*,*,*,*,*,*,*,*,*,*,*,*,*,*,*,*,*,*,*,*,*,*,*,*,*
2024-25,D,30,73635,0,Orange,Saddleback Valley Unified,District Office,No,No,RT,118,115,97.5,77,67.0,25,21.7,62,53.9,1,0.9,0,0.0,0,0.0,0,0.0,1,0.8,0,0.0,2,1.7,0,0.0
2024-25,D,30,73635,0,Orange,Saddleback Valley Unified,District Office,No,No,RW,736,717,97.4,470,65.6,144,20.1,399,55.6,4,0.6,3,0.4,0,0.0,5,0.7,3,0.4,0,0.0,8,1.1,0,0.0
2024-25,D,30,73635,0,Orange,Saddleback Valley Unified,District Office,No,No,SD,227,200,88.1,25,12.5,3,1.5,29,14.5,11,5.5,0,0.0,0,0.0,15,6.6,2,0.9,0,0.0,10,4.4,0,0.0
2024-25,D,30,73635,0,Orange,Saddleback Valley Unified,District Office,No,No,SE,337,309,91.7,65,21.0,29,9.4,49,15.9,31,10.0,0,0.0,0,0.0,3,0.9,2,0.6,5,1.5,16,4.7,2,0.6
2024-25,D,30,73635,0,Orange,Saddleback Valley Unified,District Office,No,No,SF,*,*,*,*,*,*,*,*,*,*,*,*,*,*,*,*,*,*,*,*,*,*,*,*,*
2024-25,D,30,73635,0,Orange,Saddleback Valley Unified,District Office,No,No,SH,203,183,90.1,41,22.4,19,10.4,28,15.3,33,18.0,0,0.0,0,0.0,3,1.5,1,0.5,3,1.5,13,6.4,0,0.0
2024-25,D,30,73635,0,Orange,Saddleback Valley Unified,District Office,No,No,SM,*,*,*,*,*,*,*,*,*,*,*,*,*,*,*,*,*,*,*,*,*,*,*,*,*
2024-25,D,30,73635,0,Orange,Saddleback Valley Unified,District Office,No,No,SS,1016,967,95.2,412,42.6,154,15.9,315,32.6,43,4.4,3,0.3,0,0.0,11,1.1,5,0.5,5,0.5,23,2.3,2,0.2
2024-25,D,30,73635,0,Orange,Saddleback Valley Unified,District Office,No,No,TA,1829,1762,96.3,997,56.6,372,21.1,809,45.9,46,2.6,8,0.4,0,0.0,15,0.8,8,0.4,5,0.3,29,1.6,2,0.1
2024-25,D,30,73635,0,Orange,Saddleback Valley Unified,District Office,No,Yes,GF,43,38,88.4,1,2.6,0,0.0,0,0.0,17,44.7,0,0.0,0,0.0,0,0.0,0,0.0,0,0.0,5,11.6,0,0.0
2024-25,D,30,73635,0,Orange,Saddleback Valley Unified,District Office,No,Yes,GM,72,58,80.6,0,0.0,0,0.0,0,0.0,33,56.9,0,0.0,1,1.4,0,0.0,0,0.0,0,0.0,13,18.1,0,0.0
2024-25,D,30,73635,0,Orange,Saddleback Valley Unified,District Office,No,Yes,RA,*,*,*,*,*,*,*,*,*,*,*,*,*,*,*,*,*,*,*,*,*,*,*,*,*
2024-25,D,30,73635,0,Orange,Saddleback Valley Unified,District Office,No,Yes,RB,*,*,*,*,*,*,*,*,*,*,*,*,*,*,*,*,*,*,*,*,*,*,*,*,*
2024-25,D,30,73635,0,Orange,Saddleback Valley Unified,District Office,No,Yes,RD,*,*,*,*,*,*,*,*,*,*,*,*,*,*,*,*,*,*,*,*,*,*,*,*,*
2024-25,D,30,73635,0,Orange,Saddleback Valley Unified,District Office,No,Yes,RF,*,*,*,*,*,*,*,*,*,*,*,*,*,*,*,*,*,*,*,*,*,*,*,*,*
2024-25,D,30,73635,0,Orange,Saddleback Valley Unified,District Office,No,Yes,RH,81,68,84.0,0,0.0,0,0.0,0,0.0,37,54.4,0,0.0,0,0.0,0,0.0,0,0.0,0,0.0,13,16.0,0,0.0
2024-25,D,30,73635,0,Orange,Saddleback Valley Unified,District Office,No,Yes,RI,*,*,*,*,*,*,*,*,*,*,*,*,*,*,*,*,*,*,*,*,*,*,*,*,*
2024-25,D,30,73635,0,Orange,Saddleback Valley Unified,District Office,No,Yes,RP,*,*,*,*,*,*,*,*,*,*,*,*,*,*,*,*,*,*,*,*,*,*,*,*,*
2024-25,D,30,73635,0,Orange,Saddleback Valley Unified,District Office,No,Yes,RT,*,*,*,*,*,*,*,*,*,*,*,*,*,*,*,*,*,*,*,*,*,*,*,*,*
2024-25,D,30,73635,0,Orange,Saddleback Valley Unified,District Office,No,Yes,RW,26,21,80.8,1,4.8,0,0.0,0,0.0,10,47.6,0,0.0,1,3.8,0,0.0,0,0.0,0,0.0,4,15.4,0,0.0
2024-25,D,30,73635,0,Orange,Saddleback Valley Unified,District Office,No,Yes,SD,20,17,85.0,0,0.0,0,0.0,0,0.0,10,58.8,0,0.0,0,0.0,0,0.0,0,0.0,0,0.0,3,15.0,0,0.0
2024-25,D,30,73635,0,Orange,Saddleback Valley Unified,District Office,No,Yes,SE,57,45,78.9,0,0.0,0,0.0,0,0.0,27,60.0,0,0.0,0,0.0,0,0.0,0,0.0,0,0.0,12,21.1,0,0.0
2024-25,D,30,73635,0,Orange,Saddleback Valley Unified,District Office,No,Yes,SF,*,*,*,*,*,*,*,*,*,*,*,*,*,*,*,*,*,*,*,*,*,*,*,*,*
2024-25,D,30,73635,0,Orange,Saddleback Valley Unified,District Office,No,Yes,SH,74,60,81.1,1,1.7,0,0.0,0,0.0,44,73.3,0,0.0,0,0.0,0,0.0,0,0.0,0,0.0,14,18.9,0,0.0
2024-25,D,30,73635,0,Orange,Saddleback Valley Unified,District Office,No,Yes,SS,103,86,83.5,1,1.2,0,0.0,0,0.0,49,57.0,0,0.0,1,1.0,0,0.0,0,0.0,0,0.0,16,15.5,0,0.0
2024-25,D,30,73635,0,Orange,Saddleback Valley Unified,District Office,No,Yes,TA,115,96,83.5,1,1.0,0,0.0,0,0.0,50,52.1,0,0.0,1,0.9,0,0.0,0,0.0,0,0.0,18,15.7,0,0.0
2024-25,D,30,73643,0,Orange,Tustin Unified,District Office,All,All,GF,909,882,97.0,642,72.8,240,27.2,467,52.9,0,0.0,1,0.1,0,0.0,4,0.4,0,0.0,13,1.4,9,1.0,0,0.0
2024-25,D,30,73643,0,Orange,Tustin Unified,District Office,All,All,GM,1013,963,95.1,601,62.4,156,16.2,437,45.4,0,0.0,3,0.3,0,0.0,13,1.3,0,0.0,24,2.4,10,1.0,0,0.0
2024-25,D,30,73643,0,Orange,Tustin Unified,District Office,All,All,GX,*,*,*,*,*,*,*,*,*,*,*,*,*,*,*,*,*,*,*,*,*,*,*,*,*
2024-25,D,30,73643,0,Orange,Tustin Unified,District Office,All,All,RA,421,407,96.7,352,86.5,116,28.5,331,81.3,0,0.0,2,0.5,0,0.0,3,0.7,0,0.0,6,1.4,3,0.7,0,0.0
2024-25,D,30,73643,0,Orange,Tustin Unified,District Office,All,All,RB,46,44,95.7,22,50.0,6,13.6,12,27.3,0,0.0,0,0.0,0,0.0,0,0.0,0,0.0,1,2.2,1,2.2,0,0.0
2024-25,D,30,73643,0,Orange,Tustin Unified,District Office,All,All,RD,*,*,*,*,*,*,*,*,*,*,*,*,*,*,*,*,*,*,*,*,*,*,*,*,*
2024-25,D,30,73643,0,Orange,Tustin Unified,District Office,All,All,RF,43,42,97.7,30,71.4,5,11.9,27,64.3,0,0.0,0,0.0,0,0.0,1,2.3,0,0.0,0,0.0,0,0.0,0,0.0
2024-25,D,30,73643,0,Orange,Tustin Unified,District Office,All,All,RH,868,831,95.7,431,51.9,192,23.1,246,29.6,0,0.0,0,0.0,0,0.0,9,1.0,0,0.0,18,2.1,10,1.2,0,0.0
2024-25,D,30,73643,0,Orange,Tustin Unified,District Office,All,All,RI,*,*,*,*,*,*,*,*,*,*,*,*,*,*,*,*,*,*,*,*,*,*,*,*,*
2024-25,D,30,73643,0,Orange,Tustin Unified,District Office,All,All,RP,*,*,*,*,*,*,*,*,*,*,*,*,*,*,*,*,*,*,*,*,*,*,*,*,*
2024-25,D,30,73643,0,Orange,Tustin Unified,District Office,All,All,RT,76,73,96.1,56,76.7,11,15.1,42,57.5,0,0.0,0,0.0,0,0.0,2,2.6,0,0.0,1,1.3,0,0.0,0,0.0
2024-25,D,30,73643,0,Orange,Tustin Unified,District Office,All,All,RW,457,438,95.8,344,78.5,64,14.6,244,55.7,0,0.0,2,0.4,0,0.0,2,0.4,0,0.0,10,2.2,5,1.1,0,0.0
2024-25,D,30,73643,0,Orange,Tustin Unified,District Office,All,All,SD,238,207,87.0,46,22.2,6,2.9,28,13.5,0,0.0,0,0.0,0,0.0,17,7.1,0,0.0,6,2.5,8,3.4,0,0.0
2024-25,D,30,73643,0,Orange,Tustin Unified,District Office,All,All,SE,322,288,89.4,70,24.3,24,8.3,33,11.5,0,0.0,0,0.0,0,0.0,7,2.2,0,0.0,17,5.3,10,3.1,0,0.0
2024-25,D,30,73643,0,Orange,Tustin Unified,District Office,All,All,SF,15,13,86.7,2,15.4,1,7.7,0,0.0,0,0.0,0,0.0,0,0.0,0,0.0,0,0.0,0,0.0,2,13.3,0,0.0
2024-25,D,30,73643,0,Orange,Tustin Unified,District Office,All,All,SH,103,97,94.2,31,32.0,8,8.2,13,13.4,0,0.0,0,0.0,0,0.0,1,1.0,0,0.0,2,1.9,3,2.9,0,0.0
2024-25,D,30,73643,0,Orange,Tustin Unified,District Office,All,All,SS,1176,1121,95.3,629,56.1,224,20.0,397,35.4,0,0.0,1,0.1,0,0.0,12,1.0,0,0.0,29,2.5,13,1.1,0,0.0
2024-25,D,30,73643,0,Orange,Tustin Unified,District Office,All,All,TA,1930,1853,96.0,1247,67.3,396,21.4,908,49.0,0,0.0,4,0.2,0,0.0,17,0.9,0,0.0,37,1.9,19,1.0,0,0.0
2024-25,D,30,73643,0,Orange,Tustin Unified,District Office,All,No,GF,876,853,97.4,642,75.3,240,28.1,467,54.7,0,0.0,1,0.1,0,0.0,4,0.5,0,0.0,9,1.0,9,1.0,0,0.0
2024-25,D,30,73643,0,Orange,Tustin Unified,District Office,All,No,GM,961,919,95.6,601,65.4,156,17.0,437,47.6,0,0.0,3,0.3,0,0.0,13,1.4,0,0.0,17,1.8,9,0.9,0,0.0
2024-25,D,30,73643,0,Orange,Tustin Unified,District Office,All,No,GX,*,*,*,*,*,*,*,*,*,*,*,*,*,*,*,*,*,*,*,*,*,*,*,*,*
2024-25,D,30,73643,0,Orange,Tustin Unified,District Office,All,No,RA,419,406,96.9,352,86.7,116,28.6,331,81.5,0,0.0,2,0.5,0,0.0,3,0.7,0,0.0,5,1.2,3,0.7,0,0.0
2024-25,D,30,73643,0,Orange,Tustin Unified,District Office,All,No,RB,43,42,97.7,22,52.4,6,14.3,12,28.6,0,0.0,0,0.0,0,0.0,0,0.0,0,0.0,0,0.0,1,2.3,0,0.0
2024-25,D,30,73643,0,Orange,Tustin Unified,District Office,All,No,RD,*,*,*,*,*,*,*,*,*,*,*,*,*,*,*,*,*,*,*,*,*,*,*,*,*
2024-25,D,30,73643,0,Orange,Tustin Unified,District Office,All,No,RF,41,40,97.6,30,75.0,5,12.5,27,67.5,0,0.0,0,0.0,0,0.0,1,2.4,0,0.0,0,0.0,0,0.0,0,0.0
2024-25,D,30,73643,0,Orange,Tustin Unified,District Office,All,No,RH,794,765,96.3,431,56.3,192,25.1,246,32.2,0,0.0,0,0.0,0,0.0,9,1.1,0,0.0,11,1.4,9,1.1,0,0.0
2024-25,D,30,73643,0,Orange,Tustin Unified,District Office,All,No,RI,*,*,*,*,*,*,*,*,*,*,*,*,*,*,*,*,*,*,*,*,*,*,*,*,*
2024-25,D,30,73643,0,Orange,Tustin Unified,District Office,All,No,RP,*,*,*,*,*,*,*,*,*,*,*,*,*,*,*,*,*,*,*,*,*,*,*,*,*
2024-25,D,30,73643,0,Orange,Tustin Unified,District Office,All,No,RT,75,72,96.0,56,77.8,11,15.3,42,58.3,0,0.0,0,0.0,0,0.0,2,2.7,0,0.0,1,1.3,0,0.0,0,0.0
2024-25,D,30,73643,0,Orange,Tustin Unified,District Office,All,No,RW,455,438,96.3,344,78.5,64,14.6,244,55.7,0,0.0,2,0.4,0,0.0,2,0.4,0,0.0,8,1.8,5,1.1,0,0.0
2024-25,D,30,73643,0,Orange,Tustin Unified,District Office,All,No,SD,226,198,87.6,46,23.2,6,3.0,28,14.1,0,0.0,0,0.0,0,0.0,17,7.5,0,0.0,3,1.3,8,3.5,0,0.0
2024-25,D,30,73643,0,Orange,Tustin Unified,District Office,All,No,SE,273,246,90.1,70,28.5,24,9.8,33,13.4,0,0.0,0,0.0,0,0.0,7,2.6,0,0.0,11,4.0,9,3.3,0,0.0
2024-25,D,30,73643,0,Orange,Tustin Unified,District Office,All,No,SF,12,10,83.3,2,20.0,1,10.0,0,0.0,0,0.0,0,0.0,0,0.0,0,0.0,0,0.0,0,0.0,2,16.7,0,0.0
2024-25,D,30,73643,0,Orange,Tustin Unified,District Office,All,No,SH,82,76,92.7,31,40.8,8,10.5,13,17.1,0,0.0,0,0.0,0,0.0,1,1.2,0,0.0,2,2.4,3,3.7,0,0.0
2024-25,D,30,73643,0,Orange,Tustin Unified,District Office,All,No,SS,1096,1051,95.9,629,59.8,224,21.3,397,37.8,0,0.0,1,0.1,0,0.0,12,1.1,0,0.0,20,1.8,12,1.1,0,0.0
2024-25,D,30,73643,0,Orange,Tustin Unified,District Office,All,No,TA,1845,1780,96.5,1247,70.1,396,22.2,908,51.0,0,0.0,4,0.2,0,0.0,17,0.9,0,0.0,26,1.4,18,1.0,0,0.0
2024-25,D,30,73643,0,Orange,Tustin Unified,District Office,All,Yes,GF,33,29,87.9,0,0.0,0,0.0,0,0.0,0,0.0,0,0.0,0,0.0,0,0.0,0,0.0,4,12.1,0,0.0,0,0.0
2024-25,D,30,73643,0,Orange,Tustin Unified,District Office,All,Yes,GM,52,44,84.6,0,0.0,0,0.0,0,0.0,0,0.0,0,0.0,0,0.0,0,0.0,0,0.0,7,13.5,1,1.9,0,0.0
2024-25,D,30,73643,0,Orange,Tustin Unified,District Office,All,Yes,RA,*,*,*,*,*,*,*,*,*,*,*,*,*,*,*,*,*,*,*,*,*,*,*,*,*
2024-25,D,30,73643,0,Orange,Tustin Unified,District Office,All,Yes,RB,*,*,*,*,*,*,*,*,*,*,*,*,*,*,*,*,*,*,*,*,*,*,*,*,*
2024-25,D,30,73643,0,Orange,Tustin Unified,District Office,All,Yes,RD,*,*,*,*,*,*,*,*,*,*,*,*,*,*,*,*,*,*,*,*,*,*,*,*,*
2024-25,D,30,73643,0,Orange,Tustin Unified,District Office,All,Yes,RF,*,*,*,*,*,*,*,*,*,*,*,*,*,*,*,*,*,*,*,*,*,*,*,*,*
2024-25,D,30,73643,0,Orange,Tustin Unified,District Office,All,Yes,RH,74,66,89.2,0,0.0,0,0.0,0,0.0,0,0.0,0,0.0,0,0.0,0,0.0,0,0.0,7,9.5,1,1.4,0,0.0
2024-25,D,30,73643,0,Orange,Tustin Unified,District Office,All,Yes,RI,*,*,*,*,*,*,*,*,*,*,*,*,*,*,*,*,*,*,*,*,*,*,*,*,*
2024-25,D,30,73643,0,Orange,Tustin Unified,District Office,All,Yes,RP,*,*,*,*,*,*,*,*,*,*,*,*,*,*,*,*,*,*,*,*,*,*,*,*,*
2024-25,D,30,73643,0,Orange,Tustin Unified,District Office,All,Yes,RT,*,*,*,*,*,*,*,*,*,*,*,*,*,*,*,*,*,*,*,*,*,*,*,*,*
2024-25,D,30,73643,0,Orange,Tustin Unified,District Office,All,Yes,RW,*,*,*,*,*,*,*,*,*,*,*,*,*,*,*,*,*,*,*,*,*,*,*,*,*
2024-25,D,30,73643,0,Orange,Tustin Unified,District Office,All,Yes,SD,12,9,75.0,0,0.0,0,0.0,0,0.0,0,0.0,0,0.0,0,0.0,0,0.0,0,0.0,3,25.0,0,0.0,0,0.0
2024-25,D,30,73643,0,Orange,Tustin Unified,District Office,All,Yes,SE,49,42,85.7,0,0.0,0,0.0,0,0.0,0,0.0,0,0.0,0,0.0,0,0.0,0,0.0,6,12.2,1,2.0,0,0.0
2024-25,D,30,73643,0,Orange,Tustin Unified,District Office,All,Yes,SF,*,*,*,*,*,*,*,*,*,*,*,*,*,*,*,*,*,*,*,*,*,*,*,*,*
2024-25,D,30,73643,0,Orange,Tustin Unified,District Office,All,Yes,SH,21,21,100.0,0,0.0,0,0.0,0,0.0,0,0.0,0,0.0,0,0.0,0,0.0,0,0.0,0,0.0,0,0.0,0,0.0
2024-25,D,30,73643,0,Orange,Tustin Unified,District Office,All,Yes,SS,80,70,87.5,0,0.0,0,0.0,0,0.0,0,0.0,0,0.0,0,0.0,0,0.0,0,0.0,9,11.3,1,1.3,0,0.0
2024-25,D,30,73643,0,Orange,Tustin Unified,District Office,All,Yes,TA,85,73,85.9,0,0.0,0,0.0,0,0.0,0,0.0,0,0.0,0,0.0,0,0.0,0,0.0,11,12.9,1,1.2,0,0.0
2024-25,D,30,73643,0,Orange,Tustin Unified,District Office,No,All,GF,909,882,97.0,642,72.8,240,27.2,467,52.9,0,0.0,1,0.1,0,0.0,4,0.4,0,0.0,13,1.4,9,1.0,0,0.0
2024-25,D,30,73643,0,Orange,Tustin Unified,District Office,No,All,GM,1013,963,95.1,601,62.4,156,16.2,437,45.4,0,0.0,3,0.3,0,0.0,13,1.3,0,0.0,24,2.4,10,1.0,0,0.0
2024-25,D,30,73643,0,Orange,Tustin Unified,District Office,No,All,GX,*,*,*,*,*,*,*,*,*,*,*,*,*,*,*,*,*,*,*,*,*,*,*,*,*
2024-25,D,30,73643,0,Orange,Tustin Unified,District Office,No,All,RA,421,407,96.7,352,86.5,116,28.5,331,81.3,0,0.0,2,0.5,0,0.0,3,0.7,0,0.0,6,1.4,3,0.7,0,0.0
2024-25,D,30,73643,0,Orange,Tustin Unified,District Office,No,All,RB,46,44,95.7,22,50.0,6,13.6,12,27.3,0,0.0,0,0.0,0,0.0,0,0.0,0,0.0,1,2.2,1,2.2,0,0.0
2024-25,D,30,73643,0,Orange,Tustin Unified,District Office,No,All,RD,*,*,*,*,*,*,*,*,*,*,*,*,*,*,*,*,*,*,*,*,*,*,*,*,*
2024-25,D,30,73643,0,Orange,Tustin Unified,District Office,No,All,RF,43,42,97.7,30,71.4,5,11.9,27,64.3,0,0.0,0,0.0,0,0.0,1,2.3,0,0.0,0,0.0,0,0.0,0,0.0
2024-25,D,30,73643,0,Orange,Tustin Unified,District Office,No,All,RH,868,831,95.7,431,51.9,192,23.1,246,29.6,0,0.0,0,0.0,0,0.0,9,1.0,0,0.0,18,2.1,10,1.2,0,0.0
2024-25,D,30,73643,0,Orange,Tustin Unified,District Office,No,All,RI,*,*,*,*,*,*,*,*,*,*,*,*,*,*,*,*,*,*,*,*,*,*,*,*,*
2024-25,D,30,73643,0,Orange,Tustin Unified,District Office,No,All,RP,*,*,*,*,*,*,*,*,*,*,*,*,*,*,*,*,*,*,*,*,*,*,*,*,*
2024-25,D,30,73643,0,Orange,Tustin Unified,District Office,No,All,RT,76,73,96.1,56,76.7,11,15.1,42,57.5,0,0.0,0,0.0,0,0.0,2,2.6,0,0.0,1,1.3,0,0.0,0,0.0
2024-25,D,30,73643,0,Orange,Tustin Unified,District Office,No,All,RW,457,438,95.8,344,78.5,64,14.6,244,55.7,0,0.0,2,0.4,0,0.0,2,0.4,0,0.0,10,2.2,5,1.1,0,0.0
2024-25,D,30,73643,0,Orange,Tustin Unified,District Office,No,All,SD,238,207,87.0,46,22.2,6,2.9,28,13.5,0,0.0,0,0.0,0,0.0,17,7.1,0,0.0,6,2.5,8,3.4,0,0.0
2024-25,D,30,73643,0,Orange,Tustin Unified,District Office,No,All,SE,322,288,89.4,70,24.3,24,8.3,33,11.5,0,0.0,0,0.0,0,0.0,7,2.2,0,0.0,17,5.3,10,3.1,0,0.0
2024-25,D,30,73643,0,Orange,Tustin Unified,District Office,No,All,SF,15,13,86.7,2,15.4,1,7.7,0,0.0,0,0.0,0,0.0,0,0.0,0,0.0,0,0.0,0,0.0,2,13.3,0,0.0
2024-25,D,30,73643,0,Orange,Tustin Unified,District Office,No,All,SH,103,97,94.2,31,32.0,8,8.2,13,13.4,0,0.0,0,0.0,0,0.0,1,1.0,0,0.0,2,1.9,3,2.9,0,0.0
2024-25,D,30,73643,0,Orange,Tustin Unified,District Office,No,All,SS,1176,1121,95.3,629,56.1,224,20.0,397,35.4,0,0.0,1,0.1,0,0.0,12,1.0,0,0.0,29,2.5,13,1.1,0,0.0
2024-25,D,30,73643,0,Orange,Tustin Unified,District Office,No,All,TA,1930,1853,96.0,1247,67.3,396,21.4,908,49.0,0,0.0,4,0.2,0,0.0,17,0.9,0,0.0,37,1.9,19,1.0,0,0.0
2024-25,D,30,73643,0,Orange,Tustin Unified,District Office,No,No,GF,876,853,97.4,642,75.3,240,28.1,467,54.7,0,0.0,1,0.1,0,0.0,4,0.5,0,0.0,9,1.0,9,1.0,0,0.0
2024-25,D,30,73643,0,Orange,Tustin Unified,District Office,No,No,GM,961,919,95.6,601,65.4,156,17.0,437,47.6,0,0.0,3,0.3,0,0.0,13,1.4,0,0.0,17,1.8,9,0.9,0,0.0
2024-25,D,30,73643,0,Orange,Tustin Unified,District Office,No,No,GX,*,*,*,*,*,*,*,*,*,*,*,*,*,*,*,*,*,*,*,*,*,*,*,*,*
2024-25,D,30,73643,0,Orange,Tustin Unified,District Office,No,No,RA,419,406,96.9,352,86.7,116,28.6,331,81.5,0,0.0,2,0.5,0,0.0,3,0.7,0,0.0,5,1.2,3,0.7,0,0.0
2024-25,D,30,73643,0,Orange,Tustin Unified,District Office,No,No,RB,43,42,97.7,22,52.4,6,14.3,12,28.6,0,0.0,0,0.0,0,0.0,0,0.0,0,0.0,0,0.0,1,2.3,0,0.0
2024-25,D,30,73643,0,Orange,Tustin Unified,District Office,No,No,RD,*,*,*,*,*,*,*,*,*,*,*,*,*,*,*,*,*,*,*,*,*,*,*,*,*
2024-25,D,30,73643,0,Orange,Tustin Unified,District Office,No,No,RF,41,40,97.6,30,75.0,5,12.5,27,67.5,0,0.0,0,0.0,0,0.0,1,2.4,0,0.0,0,0.0,0,0.0,0,0.0
2024-25,D,30,73643,0,Orange,Tustin Unified,District Office,No,No,RH,794,765,96.3,431,56.3,192,25.1,246,32.2,0,0.0,0,0.0,0,0.0,9,1.1,0,0.0,11,1.4,9,1.1,0,0.0
2024-25,D,30,73643,0,Orange,Tustin Unified,District Office,No,No,RI,*,*,*,*,*,*,*,*,*,*,*,*,*,*,*,*,*,*,*,*,*,*,*,*,*
2024-25,D,30,73643,0,Orange,Tustin Unified,District Office,No,No,RP,*,*,*,*,*,*,*,*,*,*,*,*,*,*,*,*,*,*,*,*,*,*,*,*,*
2024-25,D,30,73643,0,Orange,Tustin Unified,District Office,No,No,RT,75,72,96.0,56,77.8,11,15.3,42,58.3,0,0.0,0,0.0,0,0.0,2,2.7,0,0.0,1,1.3,0,0.0,0,0.0
2024-25,D,30,73643,0,Orange,Tustin Unified,District Office,No,No,RW,455,438,96.3,344,78.5,64,14.6,244,55.7,0,0.0,2,0.4,0,0.0,2,0.4,0,0.0,8,1.8,5,1.1,0,0.0
2024-25,D,30,73643,0,Orange,Tustin Unified,District Office,No,No,SD,226,198,87.6,46,23.2,6,3.0,28,14.1,0,0.0,0,0.0,0,0.0,17,7.5,0,0.0,3,1.3,8,3.5,0,0.0
2024-25,D,30,73643,0,Orange,Tustin Unified,District Office,No,No,SE,273,246,90.1,70,28.5,24,9.8,33,13.4,0,0.0,0,0.0,0,0.0,7,2.6,0,0.0,11,4.0,9,3.3,0,0.0
2024-25,D,30,73643,0,Orange,Tustin Unified,District Office,No,No,SF,12,10,83.3,2,20.0,1,10.0,0,0.0,0,0.0,0,0.0,0,0.0,0,0.0,0,0.0,0,0.0,2,16.7,0,0.0
2024-25,D,30,73643,0,Orange,Tustin Unified,District Office,No,No,SH,82,76,92.7,31,40.8,8,10.5,13,17.1,0,0.0,0,0.0,0,0.0,1,1.2,0,0.0,2,2.4,3,3.7,0,0.0
2024-25,D,30,73643,0,Orange,Tustin Unified,District Office,No,No,SS,1096,1051,95.9,629,59.8,224,21.3,397,37.8,0,0.0,1,0.1,0,0.0,12,1.1,0,0.0,20,1.8,12,1.1,0,0.0
2024-25,D,30,73643,0,Orange,Tustin Unified,District Office,No,No,TA,1845,1780,96.5,1247,70.1,396,22.2,908,51.0,0,0.0,4,0.2,0,0.0,17,0.9,0,0.0,26,1.4,18,1.0,0,0.0
2024-25,D,30,73643,0,Orange,Tustin Unified,District Office,No,Yes,GF,33,29,87.9,0,0.0,0,0.0,0,0.0,0,0.0,0,0.0,0,0.0,0,0.0,0,0.0,4,12.1,0,0.0,0,0.0
2024-25,D,30,73643,0,Orange,Tustin Unified,District Office,No,Yes,GM,52,44,84.6,0,0.0,0,0.0,0,0.0,0,0.0,0,0.0,0,0.0,0,0.0,0,0.0,7,13.5,1,1.9,0,0.0
2024-25,D,30,73643,0,Orange,Tustin Unified,District Office,No,Yes,RA,*,*,*,*,*,*,*,*,*,*,*,*,*,*,*,*,*,*,*,*,*,*,*,*,*
2024-25,D,30,73643,0,Orange,Tustin Unified,District Office,No,Yes,RB,*,*,*,*,*,*,*,*,*,*,*,*,*,*,*,*,*,*,*,*,*,*,*,*,*
2024-25,D,30,73643,0,Orange,Tustin Unified,District Office,No,Yes,RD,*,*,*,*,*,*,*,*,*,*,*,*,*,*,*,*,*,*,*,*,*,*,*,*,*
2024-25,D,30,73643,0,Orange,Tustin Unified,District Office,No,Yes,RF,*,*,*,*,*,*,*,*,*,*,*,*,*,*,*,*,*,*,*,*,*,*,*,*,*
2024-25,D,30,73643,0,Orange,Tustin Unified,District Office,No,Yes,RH,74,66,89.2,0,0.0,0,0.0,0,0.0,0,0.0,0,0.0,0,0.0,0,0.0,0,0.0,7,9.5,1,1.4,0,0.0
2024-25,D,30,73643,0,Orange,Tustin Unified,District Office,No,Yes,RI,*,*,*,*,*,*,*,*,*,*,*,*,*,*,*,*,*,*,*,*,*,*,*,*,*
2024-25,D,30,73643,0,Orange,Tustin Unified,District Office,No,Yes,RP,*,*,*,*,*,*,*,*,*,*,*,*,*,*,*,*,*,*,*,*,*,*,*,*,*
2024-25,D,30,73643,0,Orange,Tustin Unified,District Office,No,Yes,RT,*,*,*,*,*,*,*,*,*,*,*,*,*,*,*,*,*,*,*,*,*,*,*,*,*
2024-25,D,30,73643,0,Orange,Tustin Unified,District Office,No,Yes,RW,*,*,*,*,*,*,*,*,*,*,*,*,*,*,*,*,*,*,*,*,*,*,*,*,*
2024-25,D,30,73643,0,Orange,Tustin Unified,District Office,No,Yes,SD,12,9,75.0,0,0.0,0,0.0,0,0.0,0,0.0,0,0.0,0,0.0,0,0.0,0,0.0,3,25.0,0,0.0,0,0.0
2024-25,D,30,73643,0,Orange,Tustin Unified,District Office,No,Yes,SE,49,42,85.7,0,0.0,0,0.0,0,0.0,0,0.0,0,0.0,0,0.0,0,0.0,0,0.0,6,12.2,1,2.0,0,0.0
2024-25,D,30,73643,0,Orange,Tustin Unified,District Office,No,Yes,SF,*,*,*,*,*,*,*,*,*,*,*,*,*,*,*,*,*,*,*,*,*,*,*,*,*
2024-25,D,30,73643,0,Orange,Tustin Unified,District Office,No,Yes,SH,21,21,100.0,0,0.0,0,0.0,0,0.0,0,0.0,0,0.0,0,0.0,0,0.0,0,0.0,0,0.0,0,0.0,0,0.0
2024-25,D,30,73643,0,Orange,Tustin Unified,District Office,No,Yes,SS,80,70,87.5,0,0.0,0,0.0,0,0.0,0,0.0,0,0.0,0,0.0,0,0.0,0,0.0,9,11.3,1,1.3,0,0.0
2024-25,D,30,73643,0,Orange,Tustin Unified,District Office,No,Yes,TA,85,73,85.9,0,0.0,0,0.0,0,0.0,0,0.0,0,0.0,0,0.0,0,0.0,0,0.0,11,12.9,1,1.2,0,0.0
2024-25,D,30,73650,0,Orange,Irvine Unified,District Office,All,All,GF,1354,1308,96.6,953,72.9,456,34.9,878,67.1,1,0.1,4,0.3,0,0.0,13,1.0,5,0.4,0,0.0,24,1.8,0,0.0
2024-25,D,30,73650,0,Orange,Irvine Unified,District Office,All,All,GM,1594,1498,94.0,1021,68.2,405,27.0,939,62.7,0,0.0,9,0.6,0,0.0,34,2.1,6,0.4,2,0.1,45,2.8,0,0.0
2024-25,D,30,73650,0,Orange,Irvine Unified,District Office,All,All,GX,*,*,*,*,*,*,*,*,*,*,*,*,*,*,*,*,*,*,*,*,*,*,*,*,*
2024-25,D,30,73650,0,Orange,Irvine Unified,District Office,All,All,RA,1444,1386,96.0,1106,79.8,539,38.9,1090,78.6,0,0.0,6,0.4,0,0.0,23,1.6,3,0.2,2,0.1,24,1.7,0,0.0
2024-25,D,30,73650,0,Orange,Irvine Unified,District Office,All,All,RB,62,56,90.3,19,33.9,3,5.4,13,23.2,0,0.0,1,1.6,0,0.0,0,0.0,0,0.0,0,0.0,5,8.1,0,0.0
2024-25,D,30,73650,0,Orange,Irvine Unified,District Office,All,All,RD,*,*,*,*,*,*,*,*,*,*,*,*,*,*,*,*,*,*,*,*,*,*,*,*,*
2024-25,D,30,73650,0,Orange,Irvine Unified,District Office,All,All,RF,85,85,100.0,67,78.8,19,22.4,54,63.5,0,0.0,0,0.0,0,0.0,0,0.0,0,0.0,0,0.0,0,0.0,0,0.0
2024-25,D,30,73650,0,Orange,Irvine Unified,District Office,All,All,RH,363,336,92.6,169,50.3,104,31.0,143,42.6,0,0.0,0,0.0,0,0.0,9,2.5,2,0.6,0,0.0,16,4.4,0,0.0
2024-25,D,30,73650,0,Orange,Irvine Unified,District Office,All,All,RI,*,*,*,*,*,*,*,*,*,*,*,*,*,*,*,*,*,*,*,*,*,*,*,*,*
2024-25,D,30,73650,0,Orange,Irvine Unified,District Office,All,All,RP,12,11,91.7,7,63.6,1,9.1,7,63.6,0,0.0,0,0.0,0,0.0,0,0.0,0,0.0,0,0.0,1,8.3,0,0.0
2024-25,D,30,73650,0,Orange,Irvine Unified,District Office,All,All,RT,253,244,96.4,181,74.2,59,24.2,165,67.6,1,0.4,0,0.0,0,0.0,3,1.2,0,0.0,0,0.0,6,2.4,0,0.0
2024-25,D,30,73650,0,Orange,Irvine Unified,District Office,All,All,RW,725,684,94.3,424,62.0,138,20.2,347,50.7,0,0.0,6,0.8,0,0.0,12,1.7,6,0.8,0,0.0,17,2.3,0,0.0
2024-25,D,30,73650,0,Orange,Irvine Unified,District Office,All,All,SD,267,205,76.8,65,31.7,15,7.3,46,22.4,0,0.0,0,0.0,0,0.0,47,17.6,1,0.4,1,0.4,13,4.9,0,0.0
2024-25,D,30,73650,0,Orange,Irvine Unified,District Office,All,All,SE,365,320,87.7,136,42.5,91,28.4,133,41.6,0,0.0,0,0.0,0,0.0,17,4.7,0,0.0,0,0.0,28,7.7,0,0.0
2024-25,D,30,73650,0,Orange,Irvine Unified,District Office,All,All,SF,11,8,72.7,1,12.5,2,25.0,2,25.0,0,0.0,0,0.0,0,0.0,0,0.0,0,0.0,0,0.0,3,27.3,0,0.0
2024-25,D,30,73650,0,Orange,Irvine Unified,District Office,All,All,SH,24,20,83.3,6,30.0,1,5.0,4,20.0,0,0.0,1,4.2,0,0.0,0,0.0,0,0.0,0,0.0,3,12.5,0,0.0
2024-25,D,30,73650,0,Orange,Irvine Unified,District Office,All,All,SS,915,842,92.0,433,51.4,190,22.6,392,46.6,1,0.1,9,1.0,0,0.0,23,2.5,5,0.5,0,0.0,36,3.9,0,0.0
2024-25,D,30,73650,0,Orange,Irvine Unified,District Office,All,All,TA,2958,2816,95.2,1979,70.3,864,30.7,1822,64.7,1,0.0,13,0.4,0,0.0,47,1.6,11,0.4,2,0.1,69,2.3,0,0.0
2024-25,D,30,73650,0,Orange,Irvine Unified,District Office,All,No,GF,1338,1293,96.6,953,73.7,456,35.3,878,67.9,1,0.1,4,0.3,0,0.0,13,1.0,5,0.4,0,0.0,23,1.7,0,0.0
2024-25,D,30,73650,0,Orange,Irvine Unified,District Office,All,No,GM,1575,1480,94.0,1021,69.0,405,27.4,939,63.4,0,0.0,9,0.6,0,0.0,34,2.2,6,0.4,2,0.1,44,2.8,0,0.0
2024-25,D,30,73650,0,Orange,Irvine Unified,District Office,All,No,GX,*,*,*,*,*,*,*,*,*,*,*,*,*,*,*,*,*,*,*,*,*,*,*,*,*
2024-25,D,30,73650,0,Orange,Irvine Unified,District Office,All,No,RA,1443,1385,96.0,1106,79.9,539,38.9,1090,78.7,0,0.0,6,0.4,0,0.0,23,1.6,3,0.2,2,0.1,24,1.7,0,0.0
2024-25,D,30,73650,0,Orange,Irvine Unified,District Office,All,No,RB,58,52,89.7,19,36.5,3,5.8,13,25.0,0,0.0,1,1.7,0,0.0,0,0.0,0,0.0,0,0.0,5,8.6,0,0.0
2024-25,D,30,73650,0,Orange,Irvine Unified,District Office,All,No,RD,*,*,*,*,*,*,*,*,*,*,*,*,*,*,*,*,*,*,*,*,*,*,*,*,*
2024-25,D,30,73650,0,Orange,Irvine Unified,District Office,All,No,RF,85,85,100.0,67,78.8,19,22.4,54,63.5,0,0.0,0,0.0,0,0.0,0,0.0,0,0.0,0,0.0,0,0.0,0,0.0
2024-25,D,30,73650,0,Orange,Irvine Unified,District Office,All,No,RH,350,324,92.6,169,52.2,104,32.1,143,44.1,0,0.0,0,0.0,0,0.0,9,2.6,2,0.6,0,0.0,15,4.3,0,0.0
2024-25,D,30,73650,0,Orange,Irvine Unified,District Office,All,No,RI,*,*,*,*,*,*,*,*,*,*,*,*,*,*,*,*,*,*,*,*,*,*,*,*,*
2024-25,D,30,73650,0,Orange,Irvine Unified,District Office,All,No,RP,12,11,91.7,7,63.6,1,9.1,7,63.6,0,0.0,0,0.0,0,0.0,0,0.0,0,0.0,0,0.0,1,8.3,0,0.0
2024-25,D,30,73650,0,Orange,Irvine Unified,District Office,All,No,RT,249,240,96.4,181,75.4,59,24.6,165,68.8,1,0.4,0,0.0,0,0.0,3,1.2,0,0.0,0,0.0,6,2.4,0,0.0
2024-25,D,30,73650,0,Orange,Irvine Unified,District Office,All,No,RW,713,673,94.4,424,63.0,138,20.5,347,51.6,0,0.0,6,0.8,0,0.0,12,1.7,6,0.8,0,0.0,16,2.2,0,0.0
2024-25,D,30,73650,0,Orange,Irvine Unified,District Office,All,No,SD,256,195,76.2,65,33.3,15,7.7,46,23.6,0,0.0,0,0.0,0,0.0,47,18.4,1,0.4,1,0.4,12,4.7,0,0.0
2024-25,D,30,73650,0,Orange,Irvine Unified,District Office,All,No,SE,358,314,87.7,136,43.3,91,29.0,133,42.4,0,0.0,0,0.0,0,0.0,17,4.7,0,0.0,0,0.0,27,7.5,0,0.0
2024-25,D,30,73650,0,Orange,Irvine Unified,District Office,All,No,SF,11,8,72.7,1,12.5,2,25.0,2,25.0,0,0.0,0,0.0,0,0.0,0,0.0,0,0.0,0,0.0,3,27.3,0,0.0
2024-25,D,30,73650,0,Orange,Irvine Unified,District Office,All,No,SH,23,19,82.6,6,31.6,1,5.3,4,21.1,0,0.0,1,4.3,0,0.0,0,0.0,0,0.0,0,0.0,3,13.0,0,0.0
2024-25,D,30,73650,0,Orange,Irvine Unified,District Office,All,No,SS,891,819,91.9,433,52.9,190,23.2,392,47.9,1,0.1,9,1.0,0,0.0,23,2.6,5,0.6,0,0.0,35,3.9,0,0.0
2024-25,D,30,73650,0,Orange,Irvine Unified,District Office,All,No,TA,2923,2783,95.2,1979,71.1,864,31.0,1822,65.5,1,0.0,13,0.4,0,0.0,47,1.6,11,0.4,2,0.1,67,2.3,0,0.0
2024-25,D,30,73650,0,Orange,Irvine Unified,District Office,All,Yes,GF,16,15,93.8,0,0.0,0,0.0,0,0.0,0,0.0,0,0.0,0,0.0,0,0.0,0,0.0,0,0.0,1,6.3,0,0.0
2024-25,D,30,73650,0,Orange,Irvine Unified,District Office,All,Yes,GM,19,18,94.7,0,0.0,0,0.0,0,0.0,0,0.0,0,0.0,0,0.0,0,0.0,0,0.0,0,0.0,1,5.3,0,0.0
2024-25,D,30,73650,0,Orange,Irvine Unified,District Office,All,Yes,RA,*,*,*,*,*,*,*,*,*,*,*,*,*,*,*,*,*,*,*,*,*,*,*,*,*
2024-25,D,30,73650,0,Orange,Irvine Unified,District Office,All,Yes,RB,*,*,*,*,*,*,*,*,*,*,*,*,*,*,*,*,*,*,*,*,*,*,*,*,*
2024-25,D,30,73650,0,Orange,Irvine Unified,District Office,All,Yes,RD,*,*,*,*,*,*,*,*,*,*,*,*,*,*,*,*,*,*,*,*,*,*,*,*,*
2024-25,D,30,73650,0,Orange,Irvine Unified,District Office,All,Yes,RF,*,*,*,*,*,*,*,*,*,*,*,*,*,*,*,*,*,*,*,*,*,*,*,*,*
2024-25,D,30,73650,0,Orange,Irvine Unified,District Office,All,Yes,RH,13,12,92.3,0,0.0,0,0.0,0,0.0,0,0.0,0,0.0,0,0.0,0,0.0,0,0.0,0,0.0,1,7.7,0,0.0
2024-25,D,30,73650,0,Orange,Irvine Unified,District Office,All,Yes,RI,*,*,*,*,*,*,*,*,*,*,*,*,*,*,*,*,*,*,*,*,*,*,*,*,*
2024-25,D,30,73650,0,Orange,Irvine Unified,District Office,All,Yes,RP,*,*,*,*,*,*,*,*,*,*,*,*,*,*,*,*,*,*,*,*,*,*,*,*,*
2024-25,D,30,73650,0,Orange,Irvine Unified,District Office,All,Yes,RT,*,*,*,*,*,*,*,*,*,*,*,*,*,*,*,*,*,*,*,*,*,*,*,*,*
2024-25,D,30,73650,0,Orange,Irvine Unified,District Office,All,Yes,RW,12,11,91.7,0,0.0,0,0.0,0,0.0,0,0.0,0,0.0,0,0.0,0,0.0,0,0.0,0,0.0,1,8.3,0,0.0
2024-25,D,30,73650,0,Orange,Irvine Unified,District Office,All,Yes,SD,11,10,90.9,0,0.0,0,0.0,0,0.0,0,0.0,0,0.0,0,0.0,0,0.0,0,0.0,0,0.0,1,9.1,0,0.0
2024-25,D,30,73650,0,Orange,Irvine Unified,District Office,All,Yes,SE,*,*,*,*,*,*,*,*,*,*,*,*,*,*,*,*,*,*,*,*,*,*,*,*,*
2024-25,D,30,73650,0,Orange,Irvine Unified,District Office,All,Yes,SH,*,*,*,*,*,*,*,*,*,*,*,*,*,*,*,*,*,*,*,*,*,*,*,*,*
2024-25,D,30,73650,0,Orange,Irvine Unified,District Office,All,Yes,SS,24,23,95.8,0,0.0,0,0.0,0,0.0,0,0.0,0,0.0,0,0.0,0,0.0,0,0.0,0,0.0,1,4.2,0,0.0
2024-25,D,30,73650,0,Orange,Irvine Unified,District Office,All,Yes,TA,35,33,94.3,0,0.0,0,0.0,0,0.0,0,0.0,0,0.0,0,0.0,0,0.0,0,0.0,0,0.0,2,5.7,0,0.0
2024-25,D,30,73650,0,Orange,Irvine Unified,District Office,No,All,GF,1354,1308,96.6,953,72.9,456,34.9,878,67.1,1,0.1,4,0.3,0,0.0,13,1.0,5,0.4,0,0.0,24,1.8,0,0.0
2024-25,D,30,73650,0,Orange,Irvine Unified,District Office,No,All,GM,1594,1498,94.0,1021,68.2,405,27.0,939,62.7,0,0.0,9,0.6,0,0.0,34,2.1,6,0.4,2,0.1,45,2.8,0,0.0
2024-25,D,30,73650,0,Orange,Irvine Unified,District Office,No,All,GX,*,*,*,*,*,*,*,*,*,*,*,*,*,*,*,*,*,*,*,*,*,*,*,*,*
2024-25,D,30,73650,0,Orange,Irvine Unified,District Office,No,All,RA,1444,1386,96.0,1106,79.8,539,38.9,1090,78.6,0,0.0,6,0.4,0,0.0,23,1.6,3,0.2,2,0.1,24,1.7,0,0.0
2024-25,D,30,73650,0,Orange,Irvine Unified,District Office,No,All,RB,62,56,90.3,19,33.9,3,5.4,13,23.2,0,0.0,1,1.6,0,0.0,0,0.0,0,0.0,0,0.0,5,8.1,0,0.0
2024-25,D,30,73650,0,Orange,Irvine Unified,District Office,No,All,RD,*,*,*,*,*,*,*,*,*,*,*,*,*,*,*,*,*,*,*,*,*,*,*,*,*
2024-25,D,30,73650,0,Orange,Irvine Unified,District Office,No,All,RF,85,85,100.0,67,78.8,19,22.4,54,63.5,0,0.0,0,0.0,0,0.0,0,0.0,0,0.0,0,0.0,0,0.0,0,0.0
2024-25,D,30,73650,0,Orange,Irvine Unified,District Office,No,All,RH,363,336,92.6,169,50.3,104,31.0,143,42.6,0,0.0,0,0.0,0,0.0,9,2.5,2,0.6,0,0.0,16,4.4,0,0.0
2024-25,D,30,73650,0,Orange,Irvine Unified,District Office,No,All,RI,*,*,*,*,*,*,*,*,*,*,*,*,*,*,*,*,*,*,*,*,*,*,*,*,*
2024-25,D,30,73650,0,Orange,Irvine Unified,District Office,No,All,RP,12,11,91.7,7,63.6,1,9.1,7,63.6,0,0.0,0,0.0,0,0.0,0,0.0,0,0.0,0,0.0,1,8.3,0,0.0
2024-25,D,30,73650,0,Orange,Irvine Unified,District Office,No,All,RT,253,244,96.4,181,74.2,59,24.2,165,67.6,1,0.4,0,0.0,0,0.0,3,1.2,0,0.0,0,0.0,6,2.4,0,0.0
2024-25,D,30,73650,0,Orange,Irvine Unified,District Office,No,All,RW,725,684,94.3,424,62.0,138,20.2,347,50.7,0,0.0,6,0.8,0,0.0,12,1.7,6,0.8,0,0.0,17,2.3,0,0.0
2024-25,D,30,73650,0,Orange,Irvine Unified,District Office,No,All,SD,267,205,76.8,65,31.7,15,7.3,46,22.4,0,0.0,0,0.0,0,0.0,47,17.6,1,0.4,1,0.4,13,4.9,0,0.0
2024-25,D,30,73650,0,Orange,Irvine Unified,District Office,No,All,SE,365,320,87.7,136,42.5,91,28.4,133,41.6,0,0.0,0,0.0,0,0.0,17,4.7,0,0.0,0,0.0,28,7.7,0,0.0
2024-25,D,30,73650,0,Orange,Irvine Unified,District Office,No,All,SF,11,8,72.7,1,12.5,2,25.0,2,25.0,0,0.0,0,0.0,0,0.0,0,0.0,0,0.0,0,0.0,3,27.3,0,0.0
2024-25,D,30,73650,0,Orange,Irvine Unified,District Office,No,All,SH,24,20,83.3,6,30.0,1,5.0,4,20.0,0,0.0,1,4.2,0,0.0,0,0.0,0,0.0,0,0.0,3,12.5,0,0.0
2024-25,D,30,73650,0,Orange,Irvine Unified,District Office,No,All,SS,915,842,92.0,433,51.4,190,22.6,392,46.6,1,0.1,9,1.0,0,0.0,23,2.5,5,0.5,0,0.0,36,3.9,0,0.0
2024-25,D,30,73650,0,Orange,Irvine Unified,District Office,No,All,TA,2958,2816,95.2,1979,70.3,864,30.7,1822,64.7,1,0.0,13,0.4,0,0.0,47,1.6,11,0.4,2,0.1,69,2.3,0,0.0
2024-25,D,30,73650,0,Orange,Irvine Unified,District Office,No,No,GF,1338,1293,96.6,953,73.7,456,35.3,878,67.9,1,0.1,4,0.3,0,0.0,13,1.0,5,0.4,0,0.0,23,1.7,0,0.0
2024-25,D,30,73650,0,Orange,Irvine Unified,District Office,No,No,GM,1575,1480,94.0,1021,69.0,405,27.4,939,63.4,0,0.0,9,0.6,0,0.0,34,2.2,6,0.4,2,0.1,44,2.8,0,0.0
2024-25,D,30,73650,0,Orange,Irvine Unified,District Office,No,No,GX,*,*,*,*,*,*,*,*,*,*,*,*,*,*,*,*,*,*,*,*,*,*,*,*,*
2024-25,D,30,73650,0,Orange,Irvine Unified,District Office,No,No,RA,1443,1385,96.0,1106,79.9,539,38.9,1090,78.7,0,0.0,6,0.4,0,0.0,23,1.6,3,0.2,2,0.1,24,1.7,0,0.0
2024-25,D,30,73650,0,Orange,Irvine Unified,District Office,No,No,RB,58,52,89.7,19,36.5,3,5.8,13,25.0,0,0.0,1,1.7,0,0.0,0,0.0,0,0.0,0,0.0,5,8.6,0,0.0
2024-25,D,30,73650,0,Orange,Irvine Unified,District Office,No,No,RD,*,*,*,*,*,*,*,*,*,*,*,*,*,*,*,*,*,*,*,*,*,*,*,*,*
2024-25,D,30,73650,0,Orange,Irvine Unified,District Office,No,No,RF,85,85,100.0,67,78.8,19,22.4,54,63.5,0,0.0,0,0.0,0,0.0,0,0.0,0,0.0,0,0.0,0,0.0,0,0.0
2024-25,D,30,73650,0,Orange,Irvine Unified,District Office,No,No,RH,350,324,92.6,169,52.2,104,32.1,143,44.1,0,0.0,0,0.0,0,0.0,9,2.6,2,0.6,0,0.0,15,4.3,0,0.0
2024-25,D,30,73650,0,Orange,Irvine Unified,District Office,No,No,RI,*,*,*,*,*,*,*,*,*,*,*,*,*,*,*,*,*,*,*,*,*,*,*,*,*
2024-25,D,30,73650,0,Orange,Irvine Unified,District Office,No,No,RP,12,11,91.7,7,63.6,1,9.1,7,63.6,0,0.0,0,0.0,0,0.0,0,0.0,0,0.0,0,0.0,1,8.3,0,0.0
2024-25,D,30,73650,0,Orange,Irvine Unified,District Office,No,No,RT,249,240,96.4,181,75.4,59,24.6,165,68.8,1,0.4,0,0.0,0,0.0,3,1.2,0,0.0,0,0.0,6,2.4,0,0.0
2024-25,D,30,73650,0,Orange,Irvine Unified,District Office,No,No,RW,713,673,94.4,424,63.0,138,20.5,347,51.6,0,0.0,6,0.8,0,0.0,12,1.7,6,0.8,0,0.0,16,2.2,0,0.0
2024-25,D,30,73650,0,Orange,Irvine Unified,District Office,No,No,SD,256,195,76.2,65,33.3,15,7.7,46,23.6,0,0.0,0,0.0,0,0.0,47,18.4,1,0.4,1,0.4,12,4.7,0,0.0
2024-25,D,30,73650,0,Orange,Irvine Unified,District Office,No,No,SE,358,314,87.7,136,43.3,91,29.0,133,42.4,0,0.0,0,0.0,0,0.0,17,4.7,0,0.0,0,0.0,27,7.5,0,0.0
2024-25,D,30,73650,0,Orange,Irvine Unified,District Office,No,No,SF,11,8,72.7,1,12.5,2,25.0,2,25.0,0,0.0,0,0.0,0,0.0,0,0.0,0,0.0,0,0.0,3,27.3,0,0.0
2024-25,D,30,73650,0,Orange,Irvine Unified,District Office,No,No,SH,23,19,82.6,6,31.6,1,5.3,4,21.1,0,0.0,1,4.3,0,0.0,0,0.0,0,0.0,0,0.0,3,13.0,0,0.0
2024-25,D,30,73650,0,Orange,Irvine Unified,District Office,No,No,SS,891,819,91.9,433,52.9,190,23.2,392,47.9,1,0.1,9,1.0,0,0.0,23,2.6,5,0.6,0,0.0,35,3.9,0,0.0
2024-25,D,30,73650,0,Orange,Irvine Unified,District Office,No,No,TA,2923,2783,95.2,1979,71.1,864,31.0,1822,65.5,1,0.0,13,0.4,0,0.0,47,1.6,11,0.4,2,0.1,67,2.3,0,0.0
2024-25,D,30,73650,0,Orange,Irvine Unified,District Office,No,Yes,GF,16,15,93.8,0,0.0,0,0.0,0,0.0,0,0.0,0,0.0,0,0.0,0,0.0,0,0.0,0,0.0,1,6.3,0,0.0
2024-25,D,30,73650,0,Orange,Irvine Unified,District Office,No,Yes,GM,19,18,94.7,0,0.0,0,0.0,0,0.0,0,0.0,0,0.0,0,0.0,0,0.0,0,0.0,0,0.0,1,5.3,0,0.0
2024-25,D,30,73650,0,Orange,Irvine Unified,District Office,No,Yes,RA,*,*,*,*,*,*,*,*,*,*,*,*,*,*,*,*,*,*,*,*,*,*,*,*,*
2024-25,D,30,73650,0,Orange,Irvine Unified,District Office,No,Yes,RB,*,*,*,*,*,*,*,*,*,*,*,*,*,*,*,*,*,*,*,*,*,*,*,*,*
2024-25,D,30,73650,0,Orange,Irvine Unified,District Office,No,Yes,RD,*,*,*,*,*,*,*,*,*,*,*,*,*,*,*,*,*,*,*,*,*,*,*,*,*
2024-25,D,30,73650,0,Orange,Irvine Unified,District Office,No,Yes,RF,*,*,*,*,*,*,*,*,*,*,*,*,*,*,*,*,*,*,*,*,*,*,*,*,*
2024-25,D,30,73650,0,Orange,Irvine Unified,District Office,No,Yes,RH,13,12,92.3,0,0.0,0,0.0,0,0.0,0,0.0,0,0.0,0,0.0,0,0.0,0,0.0,0,0.0,1,7.7,0,0.0
2024-25,D,30,73650,0,Orange,Irvine Unified,District Office,No,Yes,RI,*,*,*,*,*,*,*,*,*,*,*,*,*,*,*,*,*,*,*,*,*,*,*,*,*
2024-25,D,30,73650,0,Orange,Irvine Unified,District Office,No,Yes,RP,*,*,*,*,*,*,*,*,*,*,*,*,*,*,*,*,*,*,*,*,*,*,*,*,*
2024-25,D,30,73650,0,Orange,Irvine Unified,District Office,No,Yes,RT,*,*,*,*,*,*,*,*,*,*,*,*,*,*,*,*,*,*,*,*,*,*,*,*,*
2024-25,D,30,73650,0,Orange,Irvine Unified,District Office,No,Yes,RW,12,11,91.7,0,0.0,0,0.0,0,0.0,0,0.0,0,0.0,0,0.0,0,0.0,0,0.0,0,0.0,1,8.3,0,0.0
2024-25,D,30,73650,0,Orange,Irvine Unified,District Office,No,Yes,SD,11,10,90.9,0,0.0,0,0.0,0,0.0,0,0.0,0,0.0,0,0.0,0,0.0,0,0.0,0,0.0,1,9.1,0,0.0
2024-25,D,30,73650,0,Orange,Irvine Unified,District Office,No,Yes,SE,*,*,*,*,*,*,*,*,*,*,*,*,*,*,*,*,*,*,*,*,*,*,*,*,*
2024-25,D,30,73650,0,Orange,Irvine Unified,District Office,No,Yes,SH,*,*,*,*,*,*,*,*,*,*,*,*,*,*,*,*,*,*,*,*,*,*,*,*,*
2024-25,D,30,73650,0,Orange,Irvine Unified,District Office,No,Yes,SS,24,23,95.8,0,0.0,0,0.0,0,0.0,0,0.0,0,0.0,0,0.0,0,0.0,0,0.0,0,0.0,1,4.2,0,0.0
2024-25,D,30,73650,0,Orange,Irvine Unified,District Office,No,Yes,TA,35,33,94.3,0,0.0,0,0.0,0,0.0,0,0.0,0,0.0,0,0.0,0,0.0,0,0.0,0,0.0,2,5.7,0,0.0
2024-25,D,30,73924,0,Orange,Los Alamitos Unified,District Office,All,All,GF,381,372,97.6,329,88.4,215,57.8,240,64.5,0,0.0,0,0.0,0,0.0,0,0.0,0,0.0,0,0.0,9,2.4,0,0.0
2024-25,D,30,73924,0,Orange,Los Alamitos Unified,District Office,All,All,GM,393,378,96.2,287,75.9,146,38.6,192,50.8,0,0.0,0,0.0,0,0.0,3,0.8,1,0.3,0,0.0,11,2.8,0,0.0
2024-25,D,30,73924,0,Orange,Los Alamitos Unified,District Office,All,All,GX,*,*,*,*,*,*,*,*,*,*,*,*,*,*,*,*,*,*,*,*,*,*,*,*,*
2024-25,D,30,73924,0,Orange,Los Alamitos Unified,District Office,All,All,RA,118,117,99.2,108,92.3,79,67.5,91,77.8,0,0.0,0,0.0,0,0.0,0,0.0,0,0.0,0,0.0,1,0.8,0,0.0
2024-25,D,30,73924,0,Orange,Los Alamitos Unified,District Office,All,All,RB,30,30,100.0,23,76.7,6,20.0,9,30.0,0,0.0,0,0.0,0,0.0,0,0.0,0,0.0,0,0.0,0,0.0,0,0.0
2024-25,D,30,73924,0,Orange,Los Alamitos Unified,District Office,All,All,RD,*,*,*,*,*,*,*,*,*,*,*,*,*,*,*,*,*,*,*,*,*,*,*,*,*
2024-25,D,30,73924,0,Orange,Los Alamitos Unified,District Office,All,All,RF,18,18,100.0,15,83.3,10,55.6,13,72.2,0,0.0,0,0.0,0,0.0,0,0.0,0,0.0,0,0.0,0,0.0,0,0.0
2024-25,D,30,73924,0,Orange,Los Alamitos Unified,District Office,All,All,RH,211,204,96.7,158,77.5,95,46.6,89,43.6,0,0.0,0,0.0,0,0.0,2,0.9,0,0.0,0,0.0,5,2.4,0,0.0
2024-25,D,30,73924,0,Orange,Los Alamitos Unified,District Office,All,All,RI,*,*,*,*,*,*,*,*,*,*,*,*,*,*,*,*,*,*,*,*,*,*,*,*,*
2024-25,D,30,73924,0,Orange,Los Alamitos Unified,District Office,All,All,RP,*,*,*,*,*,*,*,*,*,*,*,*,*,*,*,*,*,*,*,*,*,*,*,*,*
2024-25,D,30,73924,0,Orange,Los Alamitos Unified,District Office,All,All,RT,69,65,94.2,52,80.0,32,49.2,42,64.6,0,0.0,0,0.0,0,0.0,0,0.0,1,1.4,0,0.0,3,4.3,0,0.0
2024-25,D,30,73924,0,Orange,Los Alamitos Unified,District Office,All,All,RW,325,313,96.3,257,82.1,137,43.8,187,59.7,0,0.0,0,0.0,0,0.0,1,0.3,0,0.0,0,0.0,11,3.4,0,0.0
2024-25,D,30,73924,0,Orange,Los Alamitos Unified,District Office,All,All,SD,67,57,85.1,20,35.1,5,8.8,10,17.5,0,0.0,0,0.0,0,0.0,3,4.5,1,1.5,0,0.0,6,9.0,0,0.0
2024-25,D,30,73924,0,Orange,Los Alamitos Unified,District Office,All,All,SE,12,12,100.0,7,58.3,2,16.7,3,25.0,0,0.0,0,0.0,0,0.0,0,0.0,0,0.0,0,0.0,0,0.0,0,0.0
2024-25,D,30,73924,0,Orange,Los Alamitos Unified,District Office,All,All,SF,*,*,*,*,*,*,*,*,*,*,*,*,*,*,*,*,*,*,*,*,*,*,*,*,*
2024-25,D,30,73924,0,Orange,Los Alamitos Unified,District Office,All,All,SH,*,*,*,*,*,*,*,*,*,*,*,*,*,*,*,*,*,*,*,*,*,*,*,*,*
2024-25,D,30,73924,0,Orange,Los Alamitos Unified,District Office,All,All,SS,207,202,97.6,134,66.3,69,34.2,84,41.6,0,0.0,0,0.0,0,0.0,1,0.5,0,0.0,0,0.0,4,1.9,0,0.0
2024-25,D,30,73924,0,Orange,Los Alamitos Unified,District Office,All,All,TA,779,755,96.9,619,82.0,363,48.1,435,57.6,0,0.0,0,0.0,0,0.0,3,0.4,1,0.1,0,0.0,20,2.6,0,0.0
2024-25,D,30,73924,0,Orange,Los Alamitos Unified,District Office,All,No,GF,381,372,97.6,329,88.4,215,57.8,240,64.5,0,0.0,0,0.0,0,0.0,0,0.0,0,0.0,0,0.0,9,2.4,0,0.0
2024-25,D,30,73924,0,Orange,Los Alamitos Unified,District Office,All,No,GM,393,378,96.2,287,75.9,146,38.6,192,50.8,0,0.0,0,0.0,0,0.0,3,0.8,1,0.3,0,0.0,11,2.8,0,0.0
2024-25,D,30,73924,0,Orange,Los Alamitos Unified,District Office,All,No,GX,*,*,*,*,*,*,*,*,*,*,*,*,*,*,*,*,*,*,*,*,*,*,*,*,*
2024-25,D,30,73924,0,Orange,Los Alamitos Unified,District Office,All,No,RA,118,117,99.2,108,92.3,79,67.5,91,77.8,0,0.0,0,0.0,0,0.0,0,0.0,0,0.0,0,0.0,1,0.8,0,0.0
2024-25,D,30,73924,0,Orange,Los Alamitos Unified,District Office,All,No,RB,30,30,100.0,23,76.7,6,20.0,9,30.0,0,0.0,0,0.0,0,0.0,0,0.0,0,0.0,0,0.0,0,0.0,0,0.0
2024-25,D,30,73924,0,Orange,Los Alamitos Unified,District Office,All,No,RD,*,*,*,*,*,*,*,*,*,*,*,*,*,*,*,*,*,*,*,*,*,*,*,*,*
2024-25,D,30,73924,0,Orange,Los Alamitos Unified,District Office,All,No,RF,18,18,100.0,15,83.3,10,55.6,13,72.2,0,0.0,0,0.0,0,0.0,0,0.0,0,0.0,0,0.0,0,0.0,0,0.0
2024-25,D,30,73924,0,Orange,Los Alamitos Unified,District Office,All,No,RH,211,204,96.7,158,77.5,95,46.6,89,43.6,0,0.0,0,0.0,0,0.0,2,0.9,0,0.0,0,0.0,5,2.4,0,0.0
2024-25,D,30,73924,0,Orange,Los Alamitos Unified,District Office,All,No,RI,*,*,*,*,*,*,*,*,*,*,*,*,*,*,*,*,*,*,*,*,*,*,*,*,*
2024-25,D,30,73924,0,Orange,Los Alamitos Unified,District Office,All,No,RP,*,*,*,*,*,*,*,*,*,*,*,*,*,*,*,*,*,*,*,*,*,*,*,*,*
2024-25,D,30,73924,0,Orange,Los Alamitos Unified,District Office,All,No,RT,69,65,94.2,52,80.0,32,49.2,42,64.6,0,0.0,0,0.0,0,0.0,0,0.0,1,1.4,0,0.0,3,4.3,0,0.0
2024-25,D,30,73924,0,Orange,Los Alamitos Unified,District Office,All,No,RW,325,313,96.3,257,82.1,137,43.8,187,59.7,0,0.0,0,0.0,0,0.0,1,0.3,0,0.0,0,0.0,11,3.4,0,0.0
2024-25,D,30,73924,0,Orange,Los Alamitos Unified,District Office,All,No,SD,67,57,85.1,20,35.1,5,8.8,10,17.5,0,0.0,0,0.0,0,0.0,3,4.5,1,1.5,0,0.0,6,9.0,0,0.0
2024-25,D,30,73924,0,Orange,Los Alamitos Unified,District Office,All,No,SE,12,12,100.0,7,58.3,2,16.7,3,25.0,0,0.0,0,0.0,0,0.0,0,0.0,0,0.0,0,0.0,0,0.0,0,0.0
2024-25,D,30,73924,0,Orange,Los Alamitos Unified,District Office,All,No,SF,*,*,*,*,*,*,*,*,*,*,*,*,*,*,*,*,*,*,*,*,*,*,*,*,*
2024-25,D,30,73924,0,Orange,Los Alamitos Unified,District Office,All,No,SH,*,*,*,*,*,*,*,*,*,*,*,*,*,*,*,*,*,*,*,*,*,*,*,*,*
2024-25,D,30,73924,0,Orange,Los Alamitos Unified,District Office,All,No,SS,207,202,97.6,134,66.3,69,34.2,84,41.6,0,0.0,0,0.0,0,0.0,1,0.5,0,0.0,0,0.0,4,1.9,0,0.0
2024-25,D,30,73924,0,Orange,Los Alamitos Unified,District Office,All,No,TA,779,755,96.9,619,82.0,363,48.1,435,57.6,0,0.0,0,0.0,0,0.0,3,0.4,1,0.1,0,0.0,20,2.6,0,0.0
2024-25,D,30,73924,0,Orange,Los Alamitos Unified,District Office,No,All,GF,381,372,97.6,329,88.4,215,57.8,240,64.5,0,0.0,0,0.0,0,0.0,0,0.0,0,0.0,0,0.0,9,2.4,0,0.0
2024-25,D,30,73924,0,Orange,Los Alamitos Unified,District Office,No,All,GM,393,378,96.2,287,75.9,146,38.6,192,50.8,0,0.0,0,0.0,0,0.0,3,0.8,1,0.3,0,0.0,11,2.8,0,0.0
2024-25,D,30,73924,0,Orange,Los Alamitos Unified,District Office,No,All,GX,*,*,*,*,*,*,*,*,*,*,*,*,*,*,*,*,*,*,*,*,*,*,*,*,*
2024-25,D,30,73924,0,Orange,Los Alamitos Unified,District Office,No,All,RA,118,117,99.2,108,92.3,79,67.5,91,77.8,0,0.0,0,0.0,0,0.0,0,0.0,0,0.0,0,0.0,1,0.8,0,0.0
2024-25,D,30,73924,0,Orange,Los Alamitos Unified,District Office,No,All,RB,30,30,100.0,23,76.7,6,20.0,9,30.0,0,0.0,0,0.0,0,0.0,0,0.0,0,0.0,0,0.0,0,0.0,0,0.0
2024-25,D,30,73924,0,Orange,Los Alamitos Unified,District Office,No,All,RD,*,*,*,*,*,*,*,*,*,*,*,*,*,*,*,*,*,*,*,*,*,*,*,*,*
2024-25,D,30,73924,0,Orange,Los Alamitos Unified,District Office,No,All,RF,18,18,100.0,15,83.3,10,55.6,13,72.2,0,0.0,0,0.0,0,0.0,0,0.0,0,0.0,0,0.0,0,0.0,0,0.0
2024-25,D,30,73924,0,Orange,Los Alamitos Unified,District Office,No,All,RH,211,204,96.7,158,77.5,95,46.6,89,43.6,0,0.0,0,0.0,0,0.0,2,0.9,0,0.0,0,0.0,5,2.4,0,0.0
2024-25,D,30,73924,0,Orange,Los Alamitos Unified,District Office,No,All,RI,*,*,*,*,*,*,*,*,*,*,*,*,*,*,*,*,*,*,*,*,*,*,*,*,*
2024-25,D,30,73924,0,Orange,Los Alamitos Unified,District Office,No,All,RP,*,*,*,*,*,*,*,*,*,*,*,*,*,*,*,*,*,*,*,*,*,*,*,*,*
2024-25,D,30,73924,0,Orange,Los Alamitos Unified,District Office,No,All,RT,69,65,94.2,52,80.0,32,49.2,42,64.6,0,0.0,0,0.0,0,0.0,0,0.0,1,1.4,0,0.0,3,4.3,0,0.0
2024-25,D,30,73924,0,Orange,Los Alamitos Unified,District Office,No,All,RW,325,313,96.3,257,82.1,137,43.8,187,59.7,0,0.0,0,0.0,0,0.0,1,0.3,0,0.0,0,0.0,11,3.4,0,0.0
2024-25,D,30,73924,0,Orange,Los Alamitos Unified,District Office,No,All,SD,67,57,85.1,20,35.1,5,8.8,10,17.5,0,0.0,0,0.0,0,0.0,3,4.5,1,1.5,0,0.0,6,9.0,0,0.0
2024-25,D,30,73924,0,Orange,Los Alamitos Unified,District Office,No,All,SE,12,12,100.0,7,58.3,2,16.7,3,25.0,0,0.0,0,0.0,0,0.0,0,0.0,0,0.0,0,0.0,0,0.0,0,0.0
2024-25,D,30,73924,0,Orange,Los Alamitos Unified,District Office,No,All,SF,*,*,*,*,*,*,*,*,*,*,*,*,*,*,*,*,*,*,*,*,*,*,*,*,*
2024-25,D,30,73924,0,Orange,Los Alamitos Unified,District Office,No,All,SH,*,*,*,*,*,*,*,*,*,*,*,*,*,*,*,*,*,*,*,*,*,*,*,*,*
2024-25,D,30,73924,0,Orange,Los Alamitos Unified,District Office,No,All,SS,207,202,97.6,134,66.3,69,34.2,84,41.6,0,0.0,0,0.0,0,0.0,1,0.5,0,0.0,0,0.0,4,1.9,0,0.0
2024-25,D,30,73924,0,Orange,Los Alamitos Unified,District Office,No,All,TA,779,755,96.9,619,82.0,363,48.1,435,57.6,0,0.0,0,0.0,0,0.0,3,0.4,1,0.1,0,0.0,20,2.6,0,0.0
2024-25,D,30,73924,0,Orange,Los Alamitos Unified,District Office,No,No,GF,381,372,97.6,329,88.4,215,57.8,240,64.5,0,0.0,0,0.0,0,0.0,0,0.0,0,0.0,0,0.0,9,2.4,0,0.0
2024-25,D,30,73924,0,Orange,Los Alamitos Unified,District Office,No,No,GM,393,378,96.2,287,75.9,146,38.6,192,50.8,0,0.0,0,0.0,0,0.0,3,0.8,1,0.3,0,0.0,11,2.8,0,0.0
2024-25,D,30,73924,0,Orange,Los Alamitos Unified,District Office,No,No,GX,*,*,*,*,*,*,*,*,*,*,*,*,*,*,*,*,*,*,*,*,*,*,*,*,*
2024-25,D,30,73924,0,Orange,Los Alamitos Unified,District Office,No,No,RA,118,117,99.2,108,92.3,79,67.5,91,77.8,0,0.0,0,0.0,0,0.0,0,0.0,0,0.0,0,0.0,1,0.8,0,0.0
2024-25,D,30,73924,0,Orange,Los Alamitos Unified,District Office,No,No,RB,30,30,100.0,23,76.7,6,20.0,9,30.0,0,0.0,0,0.0,0,0.0,0,0.0,0,0.0,0,0.0,0,0.0,0,0.0
2024-25,D,30,73924,0,Orange,Los Alamitos Unified,District Office,No,No,RD,*,*,*,*,*,*,*,*,*,*,*,*,*,*,*,*,*,*,*,*,*,*,*,*,*
2024-25,D,30,73924,0,Orange,Los Alamitos Unified,District Office,No,No,RF,18,18,100.0,15,83.3,10,55.6,13,72.2,0,0.0,0,0.0,0,0.0,0,0.0,0,0.0,0,0.0,0,0.0,0,0.0
2024-25,D,30,73924,0,Orange,Los Alamitos Unified,District Office,No,No,RH,211,204,96.7,158,77.5,95,46.6,89,43.6,0,0.0,0,0.0,0,0.0,2,0.9,0,0.0,0,0.0,5,2.4,0,0.0
2024-25,D,30,73924,0,Orange,Los Alamitos Unified,District Office,No,No,RI,*,*,*,*,*,*,*,*,*,*,*,*,*,*,*,*,*,*,*,*,*,*,*,*,*
2024-25,D,30,73924,0,Orange,Los Alamitos Unified,District Office,No,No,RP,*,*,*,*,*,*,*,*,*,*,*,*,*,*,*,*,*,*,*,*,*,*,*,*,*
2024-25,D,30,73924,0,Orange,Los Alamitos Unified,District Office,No,No,RT,69,65,94.2,52,80.0,32,49.2,42,64.6,0,0.0,0,0.0,0,0.0,0,0.0,1,1.4,0,0.0,3,4.3,0,0.0
2024-25,D,30,73924,0,Orange,Los Alamitos Unified,District Office,No,No,RW,325,313,96.3,257,82.1,137,43.8,187,59.7,0,0.0,0,0.0,0,0.0,1,0.3,0,0.0,0,0.0,11,3.4,0,0.0
2024-25,D,30,73924,0,Orange,Los Alamitos Unified,District Office,No,No,SD,67,57,85.1,20,35.1,5,8.8,10,17.5,0,0.0,0,0.0,0,0.0,3,4.5,1,1.5,0,0.0,6,9.0,0,0.0
2024-25,D,30,73924,0,Orange,Los Alamitos Unified,District Office,No,No,SE,12,12,100.0,7,58.3,2,16.7,3,25.0,0,0.0,0,0.0,0,0.0,0,0.0,0,0.0,0,0.0,0,0.0,0,0.0
2024-25,D,30,73924,0,Orange,Los Alamitos Unified,District Office,No,No,SF,*,*,*,*,*,*,*,*,*,*,*,*,*,*,*,*,*,*,*,*,*,*,*,*,*
2024-25,D,30,73924,0,Orange,Los Alamitos Unified,District Office,No,No,SH,*,*,*,*,*,*,*,*,*,*,*,*,*,*,*,*,*,*,*,*,*,*,*,*,*
2024-25,D,30,73924,0,Orange,Los Alamitos Unified,District Office,No,No,SS,207,202,97.6,134,66.3,69,34.2,84,41.6,0,0.0,0,0.0,0,0.0,1,0.5,0,0.0,0,0.0,4,1.9,0,0.0
2024-25,D,30,73924,0,Orange,Los Alamitos Unified,District Office,No,No,TA,779,755,96.9,619,82.0,363,48.1,435,57.6,0,0.0,0,0.0,0,0.0,3,0.4,1,0.1,0,0.0,20,2.6,0,0.0
2024-25,D,30,76893,0,Orange,SBE - Magnolia Science Academy Santa Ana,District Office,All,All,GF,21,21,100.0,0,0.0,6,28.6,13,61.9,0,0.0,0,0.0,0,0.0,0,0.0,0,0.0,0,0.0,0,0.0,0,0.0
2024-25,D,30,76893,0,Orange,SBE - Magnolia Science Academy Santa Ana,District Office,All,All,GM,17,15,88.2,0,0.0,0,0.0,7,46.7,0,0.0,2,11.8,0,0.0,0,0.0,0,0.0,0,0.0,0,0.0,0,0.0
2024-25,D,30,76893,0,Orange,SBE - Magnolia Science Academy Santa Ana,District Office,All,All,RA,*,*,*,*,*,*,*,*,*,*,*,*,*,*,*,*,*,*,*,*,*,*,*,*,*
2024-25,D,30,76893,0,Orange,SBE - Magnolia Science Academy Santa Ana,District Office,All,All,RB,*,*,*,*,*,*,*,*,*,*,*,*,*,*,*,*,*,*,*,*,*,*,*,*,*
2024-25,D,30,76893,0,Orange,SBE - Magnolia Science Academy Santa Ana,District Office,All,All,RD,*,*,*,*,*,*,*,*,*,*,*,*,*,*,*,*,*,*,*,*,*,*,*,*,*
2024-25,D,30,76893,0,Orange,SBE - Magnolia Science Academy Santa Ana,District Office,All,All,RF,*,*,*,*,*,*,*,*,*,*,*,*,*,*,*,*,*,*,*,*,*,*,*,*,*
2024-25,D,30,76893,0,Orange,SBE - Magnolia Science Academy Santa Ana,District Office,All,All,RH,19,19,100.0,0,0.0,3,15.8,6,31.6,0,0.0,0,0.0,0,0.0,0,0.0,0,0.0,0,0.0,0,0.0,0,0.0
2024-25,D,30,76893,0,Orange,SBE - Magnolia Science Academy Santa Ana,District Office,All,All,RI,*,*,*,*,*,*,*,*,*,*,*,*,*,*,*,*,*,*,*,*,*,*,*,*,*
2024-25,D,30,76893,0,Orange,SBE - Magnolia Science Academy Santa Ana,District Office,All,All,RP,*,*,*,*,*,*,*,*,*,*,*,*,*,*,*,*,*,*,*,*,*,*,*,*,*
2024-25,D,30,76893,0,Orange,SBE - Magnolia Science Academy Santa Ana,District Office,All,All,RT,*,*,*,*,*,*,*,*,*,*,*,*,*,*,*,*,*,*,*,*,*,*,*,*,*
2024-25,D,30,76893,0,Orange,SBE - Magnolia Science Academy Santa Ana,District Office,All,All,RW,17,16,94.1,0,0.0,3,18.8,13,81.3,0,0.0,1,5.9,0,0.0,0,0.0,0,0.0,0,0.0,0,0.0,0,0.0
2024-25,D,30,76893,0,Orange,SBE - Magnolia Science Academy Santa Ana,District Office,All,All,SD,*,*,*,*,*,*,*,*,*,*,*,*,*,*,*,*,*,*,*,*,*,*,*,*,*
2024-25,D,30,76893,0,Orange,SBE - Magnolia Science Academy Santa Ana,District Office,All,All,SE,*,*,*,*,*,*,*,*,*,*,*,*,*,*,*,*,*,*,*,*,*,*,*,*,*
2024-25,D,30,76893,0,Orange,SBE - Magnolia Science Academy Santa Ana,District Office,All,All,SH,*,*,*,*,*,*,*,*,*,*,*,*,*,*,*,*,*,*,*,*,*,*,*,*,*
2024-25,D,30,76893,0,Orange,SBE - Magnolia Science Academy Santa Ana,District Office,All,All,SS,29,29,100.0,0,0.0,5,17.2,15,51.7,0,0.0,0,0.0,0,0.0,0,0.0,0,0.0,0,0.0,0,0.0,0,0.0
2024-25,D,30,76893,0,Orange,SBE - Magnolia Science Academy Santa Ana,District Office,All,All,TA,38,36,94.7,0,0.0,6,16.7,20,55.6,0,0.0,2,5.3,0,0.0,0,0.0,0,0.0,0,0.0,0,0.0,0,0.0
2024-25,D,30,76893,0,Orange,SBE - Magnolia Science Academy Santa Ana,District Office,All,No,GF,21,21,100.0,0,0.0,6,28.6,13,61.9,0,0.0,0,0.0,0,0.0,0,0.0,0,0.0,0,0.0,0,0.0,0,0.0
2024-25,D,30,76893,0,Orange,SBE - Magnolia Science Academy Santa Ana,District Office,All,No,GM,17,15,88.2,0,0.0,0,0.0,7,46.7,0,0.0,2,11.8,0,0.0,0,0.0,0,0.0,0,0.0,0,0.0,0,0.0
2024-25,D,30,76893,0,Orange,SBE - Magnolia Science Academy Santa Ana,District Office,All,No,RA,*,*,*,*,*,*,*,*,*,*,*,*,*,*,*,*,*,*,*,*,*,*,*,*,*
2024-25,D,30,76893,0,Orange,SBE - Magnolia Science Academy Santa Ana,District Office,All,No,RB,*,*,*,*,*,*,*,*,*,*,*,*,*,*,*,*,*,*,*,*,*,*,*,*,*
2024-25,D,30,76893,0,Orange,SBE - Magnolia Science Academy Santa Ana,District Office,All,No,RD,*,*,*,*,*,*,*,*,*,*,*,*,*,*,*,*,*,*,*,*,*,*,*,*,*
2024-25,D,30,76893,0,Orange,SBE - Magnolia Science Academy Santa Ana,District Office,All,No,RF,*,*,*,*,*,*,*,*,*,*,*,*,*,*,*,*,*,*,*,*,*,*,*,*,*
2024-25,D,30,76893,0,Orange,SBE - Magnolia Science Academy Santa Ana,District Office,All,No,RH,19,19,100.0,0,0.0,3,15.8,6,31.6,0,0.0,0,0.0,0,0.0,0,0.0,0,0.0,0,0.0,0,0.0,0,0.0
2024-25,D,30,76893,0,Orange,SBE - Magnolia Science Academy Santa Ana,District Office,All,No,RI,*,*,*,*,*,*,*,*,*,*,*,*,*,*,*,*,*,*,*,*,*,*,*,*,*
2024-25,D,30,76893,0,Orange,SBE - Magnolia Science Academy Santa Ana,District Office,All,No,RP,*,*,*,*,*,*,*,*,*,*,*,*,*,*,*,*,*,*,*,*,*,*,*,*,*
2024-25,D,30,76893,0,Orange,SBE - Magnolia Science Academy Santa Ana,District Office,All,No,RT,*,*,*,*,*,*,*,*,*,*,*,*,*,*,*,*,*,*,*,*,*,*,*,*,*
2024-25,D,30,76893,0,Orange,SBE - Magnolia Science Academy Santa Ana,District Office,All,No,RW,17,16,94.1,0,0.0,3,18.8,13,81.3,0,0.0,1,5.9,0,0.0,0,0.0,0,0.0,0,0.0,0,0.0,0,0.0
2024-25,D,30,76893,0,Orange,SBE - Magnolia Science Academy Santa Ana,District Office,All,No,SD,*,*,*,*,*,*,*,*,*,*,*,*,*,*,*,*,*,*,*,*,*,*,*,*,*
2024-25,D,30,76893,0,Orange,SBE - Magnolia Science Academy Santa Ana,District Office,All,No,SE,*,*,*,*,*,*,*,*,*,*,*,*,*,*,*,*,*,*,*,*,*,*,*,*,*
2024-25,D,30,76893,0,Orange,SBE - Magnolia Science Academy Santa Ana,District Office,All,No,SH,*,*,*,*,*,*,*,*,*,*,*,*,*,*,*,*,*,*,*,*,*,*,*,*,*
2024-25,D,30,76893,0,Orange,SBE - Magnolia Science Academy Santa Ana,District Office,All,No,SS,29,29,100.0,0,0.0,5,17.2,15,51.7,0,0.0,0,0.0,0,0.0,0,0.0,0,0.0,0,0.0,0,0.0,0,0.0
2024-25,D,30,76893,0,Orange,SBE - Magnolia Science Academy Santa Ana,District Office,All,No,TA,38,36,94.7,0,0.0,6,16.7,20,55.6,0,0.0,2,5.3,0,0.0,0,0.0,0,0.0,0,0.0,0,0.0,0,0.0
2024-25,D,30,76893,0,Orange,SBE - Magnolia Science Academy Santa Ana,District Office,Yes,All,GF,21,21,100.0,0,0.0,6,28.6,13,61.9,0,0.0,0,0.0,0,0.0,0,0.0,0,0.0,0,0.0,0,0.0,0,0.0
2024-25,D,30,76893,0,Orange,SBE - Magnolia Science Academy Santa Ana,District Office,Yes,All,GM,17,15,88.2,0,0.0,0,0.0,7,46.7,0,0.0,2,11.8,0,0.0,0,0.0,0,0.0,0,0.0,0,0.0,0,0.0
2024-25,D,30,76893,0,Orange,SBE - Magnolia Science Academy Santa Ana,District Office,Yes,All,RA,*,*,*,*,*,*,*,*,*,*,*,*,*,*,*,*,*,*,*,*,*,*,*,*,*
2024-25,D,30,76893,0,Orange,SBE - Magnolia Science Academy Santa Ana,District Office,Yes,All,RB,*,*,*,*,*,*,*,*,*,*,*,*,*,*,*,*,*,*,*,*,*,*,*,*,*
2024-25,D,30,76893,0,Orange,SBE - Magnolia Science Academy Santa Ana,District Office,Yes,All,RD,*,*,*,*,*,*,*,*,*,*,*,*,*,*,*,*,*,*,*,*,*,*,*,*,*
2024-25,D,30,76893,0,Orange,SBE - Magnolia Science Academy Santa Ana,District Office,Yes,All,RF,*,*,*,*,*,*,*,*,*,*,*,*,*,*,*,*,*,*,*,*,*,*,*,*,*
2024-25,D,30,76893,0,Orange,SBE - Magnolia Science Academy Santa Ana,District Office,Yes,All,RH,19,19,100.0,0,0.0,3,15.8,6,31.6,0,0.0,0,0.0,0,0.0,0,0.0,0,0.0,0,0.0,0,0.0,0,0.0
2024-25,D,30,76893,0,Orange,SBE - Magnolia Science Academy Santa Ana,District Office,Yes,All,RI,*,*,*,*,*,*,*,*,*,*,*,*,*,*,*,*,*,*,*,*,*,*,*,*,*
2024-25,D,30,76893,0,Orange,SBE - Magnolia Science Academy Santa Ana,District Office,Yes,All,RP,*,*,*,*,*,*,*,*,*,*,*,*,*,*,*,*,*,*,*,*,*,*,*,*,*
2024-25,D,30,76893,0,Orange,SBE - Magnolia Science Academy Santa Ana,District Office,Yes,All,RT,*,*,*,*,*,*,*,*,*,*,*,*,*,*,*,*,*,*,*,*,*,*,*,*,*
2024-25,D,30,76893,0,Orange,SBE - Magnolia Science Academy Santa Ana,District Office,Yes,All,RW,17,16,94.1,0,0.0,3,18.8,13,81.3,0,0.0,1,5.9,0,0.0,0,0.0,0,0.0,0,0.0,0,0.0,0,0.0
2024-25,D,30,76893,0,Orange,SBE - Magnolia Science Academy Santa Ana,District Office,Yes,All,SD,*,*,*,*,*,*,*,*,*,*,*,*,*,*,*,*,*,*,*,*,*,*,*,*,*
2024-25,D,30,76893,0,Orange,SBE - Magnolia Science Academy Santa Ana,District Office,Yes,All,SE,*,*,*,*,*,*,*,*,*,*,*,*,*,*,*,*,*,*,*,*,*,*,*,*,*
2024-25,D,30,76893,0,Orange,SBE - Magnolia Science Academy Santa Ana,District Office,Yes,All,SH,*,*,*,*,*,*,*,*,*,*,*,*,*,*,*,*,*,*,*,*,*,*,*,*,*
2024-25,D,30,76893,0,Orange,SBE - Magnolia Science Academy Santa Ana,District Office,Yes,All,SS,29,29,100.0,0,0.0,5,17.2,15,51.7,0,0.0,0,0.0,0,0.0,0,0.0,0,0.0,0,0.0,0,0.0,0,0.0
2024-25,D,30,76893,0,Orange,SBE - Magnolia Science Academy Santa Ana,District Office,Yes,All,TA,38,36,94.7,0,0.0,6,16.7,20,55.6,0,0.0,2,5.3,0,0.0,0,0.0,0,0.0,0,0.0,0,0.0,0,0.0
2024-25,D,30,76893,0,Orange,SBE - Magnolia Science Academy Santa Ana,District Office,Yes,No,GF,21,21,100.0,0,0.0,6,28.6,13,61.9,0,0.0,0,0.0,0,0.0,0,0.0,0,0.0,0,0.0,0,0.0,0,0.0
2024-25,D,30,76893,0,Orange,SBE - Magnolia Science Academy Santa Ana,District Office,Yes,No,GM,17,15,88.2,0,0.0,0,0.0,7,46.7,0,0.0,2,11.8,0,0.0,0,0.0,0,0.0,0,0.0,0,0.0,0,0.0
2024-25,D,30,76893,0,Orange,SBE - Magnolia Science Academy Santa Ana,District Office,Yes,No,RA,*,*,*,*,*,*,*,*,*,*,*,*,*,*,*,*,*,*,*,*,*,*,*,*,*
2024-25,D,30,76893,0,Orange,SBE - Magnolia Science Academy Santa Ana,District Office,Yes,No,RB,*,*,*,*,*,*,*,*,*,*,*,*,*,*,*,*,*,*,*,*,*,*,*,*,*
2024-25,D,30,76893,0,Orange,SBE - Magnolia Science Academy Santa Ana,District Office,Yes,No,RD,*,*,*,*,*,*,*,*,*,*,*,*,*,*,*,*,*,*,*,*,*,*,*,*,*
2024-25,D,30,76893,0,Orange,SBE - Magnolia Science Academy Santa Ana,District Office,Yes,No,RF,*,*,*,*,*,*,*,*,*,*,*,*,*,*,*,*,*,*,*,*,*,*,*,*,*
2024-25,D,30,76893,0,Orange,SBE - Magnolia Science Academy Santa Ana,District Office,Yes,No,RH,19,19,100.0,0,0.0,3,15.8,6,31.6,0,0.0,0,0.0,0,0.0,0,0.0,0,0.0,0,0.0,0,0.0,0,0.0
2024-25,D,30,76893,0,Orange,SBE - Magnolia Science Academy Santa Ana,District Office,Yes,No,RI,*,*,*,*,*,*,*,*,*,*,*,*,*,*,*,*,*,*,*,*,*,*,*,*,*
2024-25,D,30,76893,0,Orange,SBE - Magnolia Science Academy Santa Ana,District Office,Yes,No,RP,*,*,*,*,*,*,*,*,*,*,*,*,*,*,*,*,*,*,*,*,*,*,*,*,*
2024-25,D,30,76893,0,Orange,SBE - Magnolia Science Academy Santa Ana,District Office,Yes,No,RT,*,*,*,*,*,*,*,*,*,*,*,*,*,*,*,*,*,*,*,*,*,*,*,*,*
2024-25,D,30,76893,0,Orange,SBE - Magnolia Science Academy Santa Ana,District Office,Yes,No,RW,17,16,94.1,0,0.0,3,18.8,13,81.3,0,0.0,1,5.9,0,0.0,0,0.0,0,0.0,0,0.0,0,0.0,0,0.0
2024-25,D,30,76893,0,Orange,SBE - Magnolia Science Academy Santa Ana,District Office,Yes,No,SD,*,*,*,*,*,*,*,*,*,*,*,*,*,*,*,*,*,*,*,*,*,*,*,*,*
2024-25,D,30,76893,0,Orange,SBE - Magnolia Science Academy Santa Ana,District Office,Yes,No,SE,*,*,*,*,*,*,*,*,*,*,*,*,*,*,*,*,*,*,*,*,*,*,*,*,*
2024-25,D,30,76893,0,Orange,SBE - Magnolia Science Academy Santa Ana,District Office,Yes,No,SH,*,*,*,*,*,*,*,*,*,*,*,*,*,*,*,*,*,*,*,*,*,*,*,*,*
2024-25,D,30,76893,0,Orange,SBE - Magnolia Science Academy Santa Ana,District Office,Yes,No,SS,29,29,100.0,0,0.0,5,17.2,15,51.7,0,0.0,0,0.0,0,0.0,0,0.0,0,0.0,0,0.0,0,0.0,0,0.0
2024-25,D,30,76893,0,Orange,SBE - Magnolia Science Academy Santa Ana,District Office,Yes,No,TA,38,36,94.7,0,0.0,6,16.7,20,55.6,0,0.0,2,5.3,0,0.0,0,0.0,0,0.0,0,0.0,0,0.0,0,0.0
2024-25,S,30,10306,126037,Orange,Orange County Department of Education,Samueli Academy,Yes,No,GF,68,68,100.0,49,72.1,21,30.9,0,0.0,0,0.0,0,0.0,0,0.0,0,0.0,0,0.0,0,0.0,0,0.0,0,0.0
2024-25,S,30,10306,126037,Orange,Orange County Department of Education,Samueli Academy,Yes,No,GM,68,68,100.0,47,69.1,12,17.6,0,0.0,1,1.5,0,0.0,0,0.0,0,0.0,0,0.0,0,0.0,0,0.0,0,0.0
2024-25,S,30,10306,126037,Orange,Orange County Department of Education,Samueli Academy,Yes,No,GX,*,*,*,*,*,*,*,*,*,*,*,*,*,*,*,*,*,*,*,*,*,*,*,*,*
2024-25,S,30,10306,126037,Orange,Orange County Department of Education,Samueli Academy,Yes,No,RA,*,*,*,*,*,*,*,*,*,*,*,*,*,*,*,*,*,*,*,*,*,*,*,*,*
2024-25,S,30,10306,126037,Orange,Orange County Department of Education,Samueli Academy,Yes,No,RB,*,*,*,*,*,*,*,*,*,*,*,*,*,*,*,*,*,*,*,*,*,*,*,*,*
2024-25,S,30,10306,126037,Orange,Orange County Department of Education,Samueli Academy,Yes,No,RD,*,*,*,*,*,*,*,*,*,*,*,*,*,*,*,*,*,*,*,*,*,*,*,*,*
2024-25,S,30,10306,126037,Orange,Orange County Department of Education,Samueli Academy,Yes,No,RF,*,*,*,*,*,*,*,*,*,*,*,*,*,*,*,*,*,*,*,*,*,*,*,*,*
2024-25,S,30,10306,126037,Orange,Orange County Department of Education,Samueli Academy,Yes,No,RH,112,112,100.0,77,68.8,33,29.5,0,0.0,1,0.9,0,0.0,0,0.0,0,0.0,0,0.0,0,0.0,0,0.0,0,0.0
2024-25,S,30,10306,126037,Orange,Orange County Department of Education,Samueli Academy,Yes,No,RI,*,*,*,*,*,*,*,*,*,*,*,*,*,*,*,*,*,*,*,*,*,*,*,*,*
2024-25,S,30,10306,126037,Orange,Orange County Department of Education,Samueli Academy,Yes,No,RP,*,*,*,*,*,*,*,*,*,*,*,*,*,*,*,*,*,*,*,*,*,*,*,*,*
2024-25,S,30,10306,126037,Orange,Orange County Department of Education,Samueli Academy,Yes,No,RT,*,*,*,*,*,*,*,*,*,*,*,*,*,*,*,*,*,*,*,*,*,*,*,*,*
2024-25,S,30,10306,126037,Orange,Orange County Department of Education,Samueli Academy,Yes,No,RW,*,*,*,*,*,*,*,*,*,*,*,*,*,*,*,*,*,*,*,*,*,*,*,*,*
2024-25,S,30,10306,126037,Orange,Orange County Department of Education,Samueli Academy,Yes,No,SD,27,27,100.0,17,63.0,1,3.7,0,0.0,0,0.0,0,0.0,0,0.0,0,0.0,0,0.0,0,0.0,0,0.0,0,0.0
2024-25,S,30,10306,126037,Orange,Orange County Department of Education,Samueli Academy,Yes,No,SE,39,39,100.0,24,61.5,8,20.5,0,0.0,1,2.6,0,0.0,0,0.0,0,0.0,0,0.0,0,0.0,0,0.0,0,0.0
2024-25,S,30,10306,126037,Orange,Orange County Department of Education,Samueli Academy,Yes,No,SF,*,*,*,*,*,*,*,*,*,*,*,*,*,*,*,*,*,*,*,*,*,*,*,*,*
2024-25,S,30,10306,126037,Orange,Orange County Department of Education,Samueli Academy,Yes,No,SH,*,*,*,*,*,*,*,*,*,*,*,*,*,*,*,*,*,*,*,*,*,*,*,*,*
2024-25,S,30,10306,126037,Orange,Orange County Department of Education,Samueli Academy,Yes,No,SS,113,113,100.0,78,69.0,32,28.3,0,0.0,1,0.9,0,0.0,0,0.0,0,0.0,0,0.0,0,0.0,0,0.0,0,0.0
2024-25,S,30,10306,126037,Orange,Orange County Department of Education,Samueli Academy,Yes,No,TA,137,137,100.0,96,70.1,33,24.1,0,0.0,1,0.7,0,0.0,0,0.0,0,0.0,0,0.0,0,0.0,0,0.0,0,0.0
2024-25,S,30,10306,132613,Orange,Orange County Department of Education,Vista Heritage Global Academy,Yes,No,RA,*,*,*,*,*,*,*,*,*,*,*,*,*,*,*,*,*,*,*,*,*,*,*,*,*
2024-25,S,30,10306,132613,Orange,Orange County Department of Education,Vista Heritage Global Academy,Yes,No,RB,*,*,*,*,*,*,*,*,*,*,*,*,*,*,*,*,*,*,*,*,*,*,*,*,*
2024-25,S,30,10306,132613,Orange,Orange County Department of Education,Vista Heritage Global Academy,Yes,No,RD,*,*,*,*,*,*,*,*,*,*,*,*,*,*,*,*,*,*,*,*,*,*,*,*,*
2024-25,S,30,10306,132613,Orange,Orange County Department of Education,Vista Heritage Global Academy,Yes,No,RF,*,*,*,*,*,*,*,*,*,*,*,*,*,*,*,*,*,*,*,*,*,*,*,*,*
2024-25,S,30,10306,132613,Orange,Orange County Department of Education,Vista Heritage Global Academy,Yes,No,RH,*,*,*,*,*,*,*,*,*,*,*,*,*,*,*,*,*,*,*,*,*,*,*,*,*
2024-25,S,30,10306,132613,Orange,Orange County Department of Education,Vista Heritage Global Academy,Yes,No,RI,*,*,*,*,*,*,*,*,*,*,*,*,*,*,*,*,*,*,*,*,*,*,*,*,*
2024-25,S,30,10306,132613,Orange,Orange County Department of Education,Vista Heritage Global Academy,Yes,No,RP,*,*,*,*,*,*,*,*,*,*,*,*,*,*,*,*,*,*,*,*,*,*,*,*,*
2024-25,S,30,10306,132613,Orange,Orange County Department of Education,Vista Heritage Global Academy,Yes,No,RT,*,*,*,*,*,*,*,*,*,*,*,*,*,*,*,*,*,*,*,*,*,*,*,*,*
2024-25,S,30,10306,132613,Orange,Orange County Department of Education,Vista Heritage Global Academy,Yes,No,RW,*,*,*,*,*,*,*,*,*,*,*,*,*,*,*,*,*,*,*,*,*,*,*,*,*
2024-25,S,30,10306,132910,Orange,Orange County Department of Education,College and Career Preparatory Academy,Yes,Yes,GF,32,13,40.6,0,0.0,0,0.0,0,0.0,0,0.0,0,0.0,0,0.0,0,0.0,0,0.0,0,0.0,5,15.6,14,43.8
2024-25,S,30,10306,132910,Orange,Orange County Department of Education,College and Career Preparatory Academy,Yes,Yes,GM,66,32,48.5,0,0.0,0,0.0,0,0.0,0,0.0,0,0.0,0,0.0,0,0.0,0,0.0,0,0.0,10,15.2,24,36.4
2024-25,S,30,10306,132910,Orange,Orange County Department of Education,College and Career Preparatory Academy,Yes,Yes,GX,*,*,*,*,*,*,*,*,*,*,*,*,*,*,*,*,*,*,*,*,*,*,*,*,*
2024-25,S,30,10306,132910,Orange,Orange County Department of Education,College and Career Preparatory Academy,Yes,Yes,RA,*,*,*,*,*,*,*,*,*,*,*,*,*,*,*,*,*,*,*,*,*,*,*,*,*
2024-25,S,30,10306,132910,Orange,Orange County Department of Education,College and Career Preparatory Academy,Yes,Yes,RB,*,*,*,*,*,*,*,*,*,*,*,*,*,*,*,*,*,*,*,*,*,*,*,*,*
2024-25,S,30,10306,132910,Orange,Orange County Department of Education,College and Career Preparatory Academy,Yes,Yes,RD,*,*,*,*,*,*,*,*,*,*,*,*,*,*,*,*,*,*,*,*,*,*,*,*,*
2024-25,S,30,10306,132910,Orange,Orange County Department of Education,College and Career Preparatory Academy,Yes,Yes,RF,*,*,*,*,*,*,*,*,*,*,*,*,*,*,*,*,*,*,*,*,*,*,*,*,*
2024-25,S,30,10306,132910,Orange,Orange County Department of Education,College and Career Preparatory Academy,Yes,Yes,RH,75,34,45.3,0,0.0,0,0.0,0,0.0,0,0.0,0,0.0,0,0.0,0,0.0,0,0.0,0,0.0,12,16.0,29,38.7
2024-25,S,30,10306,132910,Orange,Orange County Department of Education,College and Career Preparatory Academy,Yes,Yes,RI,*,*,*,*,*,*,*,*,*,*,*,*,*,*,*,*,*,*,*,*,*,*,*,*,*
2024-25,S,30,10306,132910,Orange,Orange County Department of Education,College and Career Preparatory Academy,Yes,Yes,RP,*,*,*,*,*,*,*,*,*,*,*,*,*,*,*,*,*,*,*,*,*,*,*,*,*
2024-25,S,30,10306,132910,Orange,Orange County Department of Education,College and Career Preparatory Academy,Yes,Yes,RT,*,*,*,*,*,*,*,*,*,*,*,*,*,*,*,*,*,*,*,*,*,*,*,*,*
2024-25,S,30,10306,132910,Orange,Orange County Department of Education,College and Career Preparatory Academy,Yes,Yes,RW,11,6,54.5,0,0.0,0,0.0,0,0.0,0,0.0,0,0.0,0,0.0,0,0.0,0,0.0,0,0.0,0,0.0,5,45.5
2024-25,S,30,10306,132910,Orange,Orange County Department of Education,College and Career Preparatory Academy,Yes,Yes,SD,25,8,32.0,0,0.0,0,0.0,0,0.0,0,0.0,0,0.0,0,0.0,0,0.0,0,0.0,0,0.0,3,12.0,14,56.0
2024-25,S,30,10306,132910,Orange,Orange County Department of Education,College and Career Preparatory Academy,Yes,Yes,SE,33,13,39.4,0,0.0,0,0.0,0,0.0,0,0.0,0,0.0,0,0.0,0,0.0,0,0.0,0,0.0,7,21.2,13,39.4
2024-25,S,30,10306,132910,Orange,Orange County Department of Education,College and Career Preparatory Academy,Yes,Yes,SF,*,*,*,*,*,*,*,*,*,*,*,*,*,*,*,*,*,*,*,*,*,*,*,*,*
2024-25,S,30,10306,132910,Orange,Orange County Department of Education,College and Career Preparatory Academy,Yes,Yes,SH,35,5,14.3,0,0.0,0,0.0,0,0.0,0,0.0,0,0.0,0,0.0,0,0.0,0,0.0,0,0.0,12,34.3,18,51.4
2024-25,S,30,10306,132910,Orange,Orange County Department of Education,College and Career Preparatory Academy,Yes,Yes,SS,99,45,45.5,0,0.0,0,0.0,0,0.0,0,0.0,0,0.0,0,0.0,0,0.0,0,0.0,0,0.0,15,15.2,39,39.4
2024-25,S,30,10306,132910,Orange,Orange County Department of Education,College and Career Preparatory Academy,Yes,Yes,TA,99,45,45.5,0,0.0,0,0.0,0,0.0,0,0.0,0,0.0,0,0.0,0,0.0,0,0.0,0,0.0,15,15.2,39,39.4
2024-25,S,30,10306,133959,Orange,Orange County Department of Education,Unity Middle College High,Yes,No,GF,*,*,*,*,*,*,*,*,*,*,*,*,*,*,*,*,*,*,*,*,*,*,*,*,*
2024-25,S,30,10306,133959,Orange,Orange County Department of Education,Unity Middle College High,Yes,No,GM,*,*,*,*,*,*,*,*,*,*,*,*,*,*,*,*,*,*,*,*,*,*,*,*,*
2024-25,S,30,10306,133959,Orange,Orange County Department of Education,Unity Middle College High,Yes,No,RA,*,*,*,*,*,*,*,*,*,*,*,*,*,*,*,*,*,*,*,*,*,*,*,*,*
2024-25,S,30,10306,133959,Orange,Orange County Department of Education,Unity Middle College High,Yes,No,RB,*,*,*,*,*,*,*,*,*,*,*,*,*,*,*,*,*,*,*,*,*,*,*,*,*
2024-25,S,30,10306,133959,Orange,Orange County Department of Education,Unity Middle College High,Yes,No,RD,*,*,*,*,*,*,*,*,*,*,*,*,*,*,*,*,*,*,*,*,*,*,*,*,*
2024-25,S,30,10306,133959,Orange,Orange County Department of Education,Unity Middle College High,Yes,No,RF,*,*,*,*,*,*,*,*,*,*,*,*,*,*,*,*,*,*,*,*,*,*,*,*,*
2024-25,S,30,10306,133959,Orange,Orange County Department of Education,Unity Middle College High,Yes,No,RH,11,11,100.0,0,0.0,0,0.0,0,0.0,0,0.0,0,0.0,0,0.0,0,0.0,0,0.0,0,0.0,0,0.0,0,0.0
2024-25,S,30,10306,133959,Orange,Orange County Department of Education,Unity Middle College High,Yes,No,RI,*,*,*,*,*,*,*,*,*,*,*,*,*,*,*,*,*,*,*,*,*,*,*,*,*
2024-25,S,30,10306,133959,Orange,Orange County Department of Education,Unity Middle College High,Yes,No,RP,*,*,*,*,*,*,*,*,*,*,*,*,*,*,*,*,*,*,*,*,*,*,*,*,*
2024-25,S,30,10306,133959,Orange,Orange County Department of Education,Unity Middle College High,Yes,No,RT,*,*,*,*,*,*,*,*,*,*,*,*,*,*,*,*,*,*,*,*,*,*,*,*,*
2024-25,S,30,10306,133959,Orange,Orange County Department of Education,Unity Middle College High,Yes,No,RW,*,*,*,*,*,*,*,*,*,*,*,*,*,*,*,*,*,*,*,*,*,*,*,*,*
2024-25,S,30,10306,133959,Orange,Orange County Department of Education,Unity Middle College High,Yes,No,SD,*,*,*,*,*,*,*,*,*,*,*,*,*,*,*,*,*,*,*,*,*,*,*,*,*
2024-25,S,30,10306,133959,Orange,Orange County Department of Education,Unity Middle College High,Yes,No,SE,*,*,*,*,*,*,*,*,*,*,*,*,*,*,*,*,*,*,*,*,*,*,*,*,*
2024-25,S,30,10306,133959,Orange,Orange County Department of Education,Unity Middle College High,Yes,No,SS,12,12,100.0,0,0.0,0,0.0,0,0.0,0,0.0,0,0.0,0,0.0,0,0.0,0,0.0,0,0.0,0,0.0,0,0.0
2024-25,S,30,10306,133959,Orange,Orange County Department of Education,Unity Middle College High,Yes,No,TA,12,12,100.0,0,0.0,0,0.0,0,0.0,0,0.0,0,0.0,0,0.0,0,0.0,0,0.0,0,0.0,0,0.0,0,0.0
2024-25,S,30,10306,133983,Orange,Orange County Department of Education,Ednovate - Legacy College Prep.,Yes,No,GF,52,51,98.1,51,100.0,18,35.3,25,49.0,0,0.0,0,0.0,0,0.0,0,0.0,0,0.0,0,0.0,0,0.0,1,1.9
2024-25,S,30,10306,133983,Orange,Orange County Department of Education,Ednovate - Legacy College Prep.,Yes,No,GM,64,62,96.9,61,98.4,13,21.0,31,50.0,0,0.0,0,0.0,0,0.0,0,0.0,0,0.0,0,0.0,0,0.0,2,3.1
2024-25,S,30,10306,133983,Orange,Orange County Department of Education,Ednovate - Legacy College Prep.,Yes,No,RA,*,*,*,*,*,*,*,*,*,*,*,*,*,*,*,*,*,*,*,*,*,*,*,*,*
2024-25,S,30,10306,133983,Orange,Orange County Department of Education,Ednovate - Legacy College Prep.,Yes,No,RB,*,*,*,*,*,*,*,*,*,*,*,*,*,*,*,*,*,*,*,*,*,*,*,*,*
2024-25,S,30,10306,133983,Orange,Orange County Department of Education,Ednovate - Legacy College Prep.,Yes,No,RD,*,*,*,*,*,*,*,*,*,*,*,*,*,*,*,*,*,*,*,*,*,*,*,*,*
2024-25,S,30,10306,133983,Orange,Orange County Department of Education,Ednovate - Legacy College Prep.,Yes,No,RF,*,*,*,*,*,*,*,*,*,*,*,*,*,*,*,*,*,*,*,*,*,*,*,*,*
2024-25,S,30,10306,133983,Orange,Orange County Department of Education,Ednovate - Legacy College Prep.,Yes,No,RH,114,111,97.4,110,99.1,31,27.9,56,50.5,0,0.0,0,0.0,0,0.0,0,0.0,0,0.0,0,0.0,0,0.0,3,2.6
2024-25,S,30,10306,133983,Orange,Orange County Department of Education,Ednovate - Legacy College Prep.,Yes,No,RI,*,*,*,*,*,*,*,*,*,*,*,*,*,*,*,*,*,*,*,*,*,*,*,*,*
2024-25,S,30,10306,133983,Orange,Orange County Department of Education,Ednovate - Legacy College Prep.,Yes,No,RP,*,*,*,*,*,*,*,*,*,*,*,*,*,*,*,*,*,*,*,*,*,*,*,*,*
2024-25,S,30,10306,133983,Orange,Orange County Department of Education,Ednovate - Legacy College Prep.,Yes,No,RT,*,*,*,*,*,*,*,*,*,*,*,*,*,*,*,*,*,*,*,*,*,*,*,*,*
2024-25,S,30,10306,133983,Orange,Orange County Department of Education,Ednovate - Legacy College Prep.,Yes,No,RW,*,*,*,*,*,*,*,*,*,*,*,*,*,*,*,*,*,*,*,*,*,*,*,*,*
2024-25,S,30,10306,133983,Orange,Orange County Department of Education,Ednovate - Legacy College Prep.,Yes,No,SD,22,21,95.5,20,95.2,1,4.8,4,19.0,0,0.0,0,0.0,0,0.0,0,0.0,0,0.0,0,0.0,0,0.0,1,4.5
2024-25,S,30,10306,133983,Orange,Orange County Department of Education,Ednovate - Legacy College Prep.,Yes,No,SE,43,41,95.3,40,97.6,7,17.1,13,31.7,0,0.0,0,0.0,0,0.0,0,0.0,0,0.0,0,0.0,0,0.0,2,4.7
2024-25,S,30,10306,133983,Orange,Orange County Department of Education,Ednovate - Legacy College Prep.,Yes,No,SF,*,*,*,*,*,*,*,*,*,*,*,*,*,*,*,*,*,*,*,*,*,*,*,*,*
2024-25,S,30,10306,133983,Orange,Orange County Department of Education,Ednovate - Legacy College Prep.,Yes,No,SH,*,*,*,*,*,*,*,*,*,*,*,*,*,*,*,*,*,*,*,*,*,*,*,*,*
2024-25,S,30,10306,133983,Orange,Orange County Department of Education,Ednovate - Legacy College Prep.,Yes,No,SS,113,110,97.3,109,99.1,30,27.3,55,50.0,0,0.0,0,0.0,0,0.0,0,0.0,0,0.0,0,0.0,0,0.0,3,2.7
2024-25,S,30,10306,133983,Orange,Orange County Department of Education,Ednovate - Legacy College Prep.,Yes,No,TA,116,113,97.4,112,99.1,31,27.4,56,49.6,0,0.0,0,0.0,0,0.0,0,0.0,0,0.0,0,0.0,0,0.0,3,2.6
2024-25,S,30,10306,134239,Orange,Orange County Department of Education,Epic California Academy,Yes,No,GF,32,21,65.6,4,19.0,0,0.0,6,28.6,0,0.0,0,0.0,0,0.0,1,3.1,0,0.0,2,6.3,8,25.0,0,0.0
2024-25,S,30,10306,134239,Orange,Orange County Department of Education,Epic California Academy,Yes,No,GM,39,24,61.5,8,33.3,1,4.2,9,37.5,0,0.0,0,0.0,0,0.0,0,0.0,0,0.0,1,2.6,14,35.9,0,0.0
2024-25,S,30,10306,134239,Orange,Orange County Department of Education,Epic California Academy,Yes,No,RA,*,*,*,*,*,*,*,*,*,*,*,*,*,*,*,*,*,*,*,*,*,*,*,*,*
2024-25,S,30,10306,134239,Orange,Orange County Department of Education,Epic California Academy,Yes,No,RB,*,*,*,*,*,*,*,*,*,*,*,*,*,*,*,*,*,*,*,*,*,*,*,*,*
2024-25,S,30,10306,134239,Orange,Orange County Department of Education,Epic California Academy,Yes,No,RD,*,*,*,*,*,*,*,*,*,*,*,*,*,*,*,*,*,*,*,*,*,*,*,*,*
2024-25,S,30,10306,134239,Orange,Orange County Department of Education,Epic California Academy,Yes,No,RF,*,*,*,*,*,*,*,*,*,*,*,*,*,*,*,*,*,*,*,*,*,*,*,*,*
2024-25,S,30,10306,134239,Orange,Orange County Department of Education,Epic California Academy,Yes,No,RH,31,16,51.6,2,12.5,1,6.3,5,31.3,0,0.0,0,0.0,0,0.0,1,3.2,0,0.0,2,6.5,12,38.7,0,0.0
2024-25,S,30,10306,134239,Orange,Orange County Department of Education,Epic California Academy,Yes,No,RI,*,*,*,*,*,*,*,*,*,*,*,*,*,*,*,*,*,*,*,*,*,*,*,*,*
2024-25,S,30,10306,134239,Orange,Orange County Department of Education,Epic California Academy,Yes,No,RP,*,*,*,*,*,*,*,*,*,*,*,*,*,*,*,*,*,*,*,*,*,*,*,*,*
2024-25,S,30,10306,134239,Orange,Orange County Department of Education,Epic California Academy,Yes,No,RT,*,*,*,*,*,*,*,*,*,*,*,*,*,*,*,*,*,*,*,*,*,*,*,*,*
2024-25,S,30,10306,134239,Orange,Orange County Department of Education,Epic California Academy,Yes,No,RW,20,15,75.0,7,46.7,0,0.0,5,33.3,0,0.0,0,0.0,0,0.0,0,0.0,0,0.0,0,0.0,5,25.0,0,0.0
2024-25,S,30,10306,134239,Orange,Orange County Department of Education,Epic California Academy,Yes,No,SD,16,9,56.3,0,0.0,0,0.0,1,11.1,0,0.0,0,0.0,0,0.0,1,6.3,0,0.0,0,0.0,6,37.5,0,0.0
2024-25,S,30,10306,134239,Orange,Orange County Department of Education,Epic California Academy,Yes,No,SE,*,*,*,*,*,*,*,*,*,*,*,*,*,*,*,*,*,*,*,*,*,*,*,*,*
2024-25,S,30,10306,134239,Orange,Orange County Department of Education,Epic California Academy,Yes,No,SF,*,*,*,*,*,*,*,*,*,*,*,*,*,*,*,*,*,*,*,*,*,*,*,*,*
2024-25,S,30,10306,134239,Orange,Orange County Department of Education,Epic California Academy,Yes,No,SH,*,*,*,*,*,*,*,*,*,*,*,*,*,*,*,*,*,*,*,*,*,*,*,*,*
2024-25,S,30,10306,134239,Orange,Orange County Department of Education,Epic California Academy,Yes,No,SS,43,21,48.8,0,0.0,0,0.0,3,14.3,0,0.0,0,0.0,0,0.0,1,2.3,0,0.0,3,7.0,18,41.9,0,0.0
2024-25,S,30,10306,134239,Orange,Orange County Department of Education,Epic California Academy,Yes,No,TA,71,45,63.4,12,26.7,1,2.2,15,33.3,0,0.0,0,0.0,0,0.0,1,1.4,0,0.0,3,4.2,22,31.0,0,0.0
2024-25,S,30,10306,134841,Orange,Orange County Department of Education,Orange County Workforce Innovation High,Yes,Yes,GF,24,5,20.8,1,20.0,0,0.0,0,0.0,0,0.0,0,0.0,0,0.0,0,0.0,0,0.0,1,4.2,3,12.5,15,62.5
2024-25,S,30,10306,134841,Orange,Orange County Department of Education,Orange County Workforce Innovation High,Yes,Yes,GM,31,4,12.9,0,0.0,0,0.0,0,0.0,0,0.0,0,0.0,0,0.0,0,0.0,0,0.0,0,0.0,8,25.8,19,61.3
2024-25,S,30,10306,134841,Orange,Orange County Department of Education,Orange County Workforce Innovation High,Yes,Yes,GX,*,*,*,*,*,*,*,*,*,*,*,*,*,*,*,*,*,*,*,*,*,*,*,*,*
2024-25,S,30,10306,134841,Orange,Orange County Department of Education,Orange County Workforce Innovation High,Yes,Yes,RA,*,*,*,*,*,*,*,*,*,*,*,*,*,*,*,*,*,*,*,*,*,*,*,*,*
2024-25,S,30,10306,134841,Orange,Orange County Department of Education,Orange County Workforce Innovation High,Yes,Yes,RB,*,*,*,*,*,*,*,*,*,*,*,*,*,*,*,*,*,*,*,*,*,*,*,*,*
2024-25,S,30,10306,134841,Orange,Orange County Department of Education,Orange County Workforce Innovation High,Yes,Yes,RD,*,*,*,*,*,*,*,*,*,*,*,*,*,*,*,*,*,*,*,*,*,*,*,*,*
2024-25,S,30,10306,134841,Orange,Orange County Department of Education,Orange County Workforce Innovation High,Yes,Yes,RF,*,*,*,*,*,*,*,*,*,*,*,*,*,*,*,*,*,*,*,*,*,*,*,*,*
2024-25,S,30,10306,134841,Orange,Orange County Department of Education,Orange County Workforce Innovation High,Yes,Yes,RH,42,8,19.0,1,12.5,0,0.0,0,0.0,0,0.0,0,0.0,0,0.0,0,0.0,0,0.0,0,0.0,6,14.3,28,66.7
2024-25,S,30,10306,134841,Orange,Orange County Department of Education,Orange County Workforce Innovation High,Yes,Yes,RI,*,*,*,*,*,*,*,*,*,*,*,*,*,*,*,*,*,*,*,*,*,*,*,*,*
2024-25,S,30,10306,134841,Orange,Orange County Department of Education,Orange County Workforce Innovation High,Yes,Yes,RP,*,*,*,*,*,*,*,*,*,*,*,*,*,*,*,*,*,*,*,*,*,*,*,*,*
2024-25,S,30,10306,134841,Orange,Orange County Department of Education,Orange County Workforce Innovation High,Yes,Yes,RT,*,*,*,*,*,*,*,*,*,*,*,*,*,*,*,*,*,*,*,*,*,*,*,*,*
2024-25,S,30,10306,134841,Orange,Orange County Department of Education,Orange County Workforce Innovation High,Yes,Yes,RW,*,*,*,*,*,*,*,*,*,*,*,*,*,*,*,*,*,*,*,*,*,*,*,*,*
2024-25,S,30,10306,134841,Orange,Orange County Department of Education,Orange County Workforce Innovation High,Yes,Yes,SD,16,2,12.5,0,0.0,0,0.0,0,0.0,0,0.0,0,0.0,0,0.0,0,0.0,0,0.0,0,0.0,4,25.0,10,62.5
2024-25,S,30,10306,134841,Orange,Orange County Department of Education,Orange County Workforce Innovation High,Yes,Yes,SE,20,4,20.0,0,0.0,0,0.0,0,0.0,0,0.0,0,0.0,0,0.0,0,0.0,0,0.0,0,0.0,4,20.0,12,60.0
2024-25,S,30,10306,134841,Orange,Orange County Department of Education,Orange County Workforce Innovation High,Yes,Yes,SF,*,*,*,*,*,*,*,*,*,*,*,*,*,*,*,*,*,*,*,*,*,*,*,*,*
2024-25,S,30,10306,134841,Orange,Orange County Department of Education,Orange County Workforce Innovation High,Yes,Yes,SH,13,1,7.7,0,0.0,0,0.0,0,0.0,0,0.0,0,0.0,0,0.0,0,0.0,0,0.0,0,0.0,6,46.2,6,46.2
2024-25,S,30,10306,134841,Orange,Orange County Department of Education,Orange County Workforce Innovation High,Yes,Yes,SS,53,9,17.0,1,11.1,0,0.0,0,0.0,0,0.0,0,0.0,0,0.0,0,0.0,0,0.0,1,1.9,11,20.8,32,60.4
2024-25,S,30,10306,134841,Orange,Orange County Department of Education,Orange County Workforce Innovation High,Yes,Yes,TA,56,9,16.1,1,11.1,0,0.0,0,0.0,0,0.0,0,0.0,0,0.0,0,0.0,0,0.0,1,1.8,12,21.4,34,60.7
2024-25,S,30,10306,134940,Orange,Orange County Department of Education,Citrus Springs Charter,Yes,No,GF,*,*,*,*,*,*,*,*,*,*,*,*,*,*,*,*,*,*,*,*,*,*,*,*,*
2024-25,S,30,10306,134940,Orange,Orange County Department of Education,Citrus Springs Charter,Yes,No,GM,*,*,*,*,*,*,*,*,*,*,*,*,*,*,*,*,*,*,*,*,*,*,*,*,*
2024-25,S,30,10306,134940,Orange,Orange County Department of Education,Citrus Springs Charter,Yes,No,RA,*,*,*,*,*,*,*,*,*,*,*,*,*,*,*,*,*,*,*,*,*,*,*,*,*
2024-25,S,30,10306,134940,Orange,Orange County Department of Education,Citrus Springs Charter,Yes,No,RB,*,*,*,*,*,*,*,*,*,*,*,*,*,*,*,*,*,*,*,*,*,*,*,*,*
2024-25,S,30,10306,134940,Orange,Orange County Department of Education,Citrus Springs Charter,Yes,No,RD,*,*,*,*,*,*,*,*,*,*,*,*,*,*,*,*,*,*,*,*,*,*,*,*,*
2024-25,S,30,10306,134940,Orange,Orange County Department of Education,Citrus Springs Charter,Yes,No,RF,*,*,*,*,*,*,*,*,*,*,*,*,*,*,*,*,*,*,*,*,*,*,*,*,*
2024-25,S,30,10306,134940,Orange,Orange County Department of Education,Citrus Springs Charter,Yes,No,RH,*,*,*,*,*,*,*,*,*,*,*,*,*,*,*,*,*,*,*,*,*,*,*,*,*
2024-25,S,30,10306,134940,Orange,Orange County Department of Education,Citrus Springs Charter,Yes,No,RI,*,*,*,*,*,*,*,*,*,*,*,*,*,*,*,*,*,*,*,*,*,*,*,*,*
2024-25,S,30,10306,134940,Orange,Orange County Department of Education,Citrus Springs Charter,Yes,No,RP,*,*,*,*,*,*,*,*,*,*,*,*,*,*,*,*,*,*,*,*,*,*,*,*,*
2024-25,S,30,10306,134940,Orange,Orange County Department of Education,Citrus Springs Charter,Yes,No,RT,*,*,*,*,*,*,*,*,*,*,*,*,*,*,*,*,*,*,*,*,*,*,*,*,*
2024-25,S,30,10306,134940,Orange,Orange County Department of Education,Citrus Springs Charter,Yes,No,RW,*,*,*,*,*,*,*,*,*,*,*,*,*,*,*,*,*,*,*,*,*,*,*,*,*
2024-25,S,30,10306,134940,Orange,Orange County Department of Education,Citrus Springs Charter,Yes,No,SD,*,*,*,*,*,*,*,*,*,*,*,*,*,*,*,*,*,*,*,*,*,*,*,*,*
2024-25,S,30,10306,134940,Orange,Orange County Department of Education,Citrus Springs Charter,Yes,No,SE,*,*,*,*,*,*,*,*,*,*,*,*,*,*,*,*,*,*,*,*,*,*,*,*,*
2024-25,S,30,10306,134940,Orange,Orange County Department of Education,Citrus Springs Charter,Yes,No,SH,*,*,*,*,*,*,*,*,*,*,*,*,*,*,*,*,*,*,*,*,*,*,*,*,*
2024-25,S,30,10306,134940,Orange,Orange County Department of Education,Citrus Springs Charter,Yes,No,SS,*,*,*,*,*,*,*,*,*,*,*,*,*,*,*,*,*,*,*,*,*,*,*,*,*
2024-25,S,30,10306,134940,Orange,Orange County Department of Education,Citrus Springs Charter,Yes,No,TA,*,*,*,*,*,*,*,*,*,*,*,*,*,*,*,*,*,*,*,*,*,*,*,*,*
2024-25,S,30,10306,138800,Orange,Orange County Department of Education,Suncoast Preparatory Academy,Yes,No,GF,17,16,94.1,0,0.0,0,0.0,0,0.0,0,0.0,0,0.0,0,0.0,0,0.0,0,0.0,0,0.0,0,0.0,1,5.9
2024-25,S,30,10306,138800,Orange,Orange County Department of Education,Suncoast Preparatory Academy,Yes,No,GM,21,21,100.0,0,0.0,0,0.0,0,0.0,0,0.0,0,0.0,0,0.0,0,0.0,0,0.0,0,0.0,0,0.0,0,0.0
2024-25,S,30,10306,138800,Orange,Orange County Department of Education,Suncoast Preparatory Academy,Yes,No,RA,*,*,*,*,*,*,*,*,*,*,*,*,*,*,*,*,*,*,*,*,*,*,*,*,*
2024-25,S,30,10306,138800,Orange,Orange County Department of Education,Suncoast Preparatory Academy,Yes,No,RB,*,*,*,*,*,*,*,*,*,*,*,*,*,*,*,*,*,*,*,*,*,*,*,*,*
2024-25,S,30,10306,138800,Orange,Orange County Department of Education,Suncoast Preparatory Academy,Yes,No,RD,*,*,*,*,*,*,*,*,*,*,*,*,*,*,*,*,*,*,*,*,*,*,*,*,*
2024-25,S,30,10306,138800,Orange,Orange County Department of Education,Suncoast Preparatory Academy,Yes,No,RF,*,*,*,*,*,*,*,*,*,*,*,*,*,*,*,*,*,*,*,*,*,*,*,*,*
2024-25,S,30,10306,138800,Orange,Orange County Department of Education,Suncoast Preparatory Academy,Yes,No,RH,12,11,91.7,0,0.0,0,0.0,0,0.0,0,0.0,0,0.0,0,0.0,0,0.0,0,0.0,0,0.0,0,0.0,1,8.3
2024-25,S,30,10306,138800,Orange,Orange County Department of Education,Suncoast Preparatory Academy,Yes,No,RI,*,*,*,*,*,*,*,*,*,*,*,*,*,*,*,*,*,*,*,*,*,*,*,*,*
2024-25,S,30,10306,138800,Orange,Orange County Department of Education,Suncoast Preparatory Academy,Yes,No,RP,*,*,*,*,*,*,*,*,*,*,*,*,*,*,*,*,*,*,*,*,*,*,*,*,*
2024-25,S,30,10306,138800,Orange,Orange County Department of Education,Suncoast Preparatory Academy,Yes,No,RT,*,*,*,*,*,*,*,*,*,*,*,*,*,*,*,*,*,*,*,*,*,*,*,*,*
2024-25,S,30,10306,138800,Orange,Orange County Department of Education,Suncoast Preparatory Academy,Yes,No,RW,17,17,100.0,0,0.0,0,0.0,0,0.0,0,0.0,0,0.0,0,0.0,0,0.0,0,0.0,0,0.0,0,0.0,0,0.0
2024-25,S,30,10306,138800,Orange,Orange County Department of Education,Suncoast Preparatory Academy,Yes,No,SD,*,*,*,*,*,*,*,*,*,*,*,*,*,*,*,*,*,*,*,*,*,*,*,*,*
2024-25,S,30,10306,138800,Orange,Orange County Department of Education,Suncoast Preparatory Academy,Yes,No,SE,*,*,*,*,*,*,*,*,*,*,*,*,*,*,*,*,*,*,*,*,*,*,*,*,*
2024-25,S,30,10306,138800,Orange,Orange County Department of Education,Suncoast Preparatory Academy,Yes,No,SF,*,*,*,*,*,*,*,*,*,*,*,*,*,*,*,*,*,*,*,*,*,*,*,*,*
2024-25,S,30,10306,138800,Orange,Orange County Department of Education,Suncoast Preparatory Academy,Yes,No,SH,*,*,*,*,*,*,*,*,*,*,*,*,*,*,*,*,*,*,*,*,*,*,*,*,*
2024-25,S,30,10306,138800,Orange,Orange County Department of Education,Suncoast Preparatory Academy,Yes,No,SS,26,25,96.2,0,0.0,0,0.0,0,0.0,0,0.0,0,0.0,0,0.0,0,0.0,0,0.0,0,0.0,0,0.0,1,3.8
2024-25,S,30,10306,138800,Orange,Orange County Department of Education,Suncoast Preparatory Academy,Yes,No,TA,38,37,97.4,0,0.0,0,0.0,0,0.0,0,0.0,0,0.0,0,0.0,0,0.0,0,0.0,0,0.0,0,0.0,1,2.6
2024-25,S,30,10306,141978,Orange,Orange County Department of Education,Vista Meridian Global Academy,Yes,No,GF,26,23,88.5,12,52.2,7,30.4,9,39.1,2,8.7,0,0.0,0,0.0,0,0.0,0,0.0,0,0.0,3,11.5,0,0.0
2024-25,S,30,10306,141978,Orange,Orange County Department of Education,Vista Meridian Global Academy,Yes,No,GM,37,35,94.6,19,54.3,15,42.9,19,54.3,0,0.0,0,0.0,0,0.0,0,0.0,0,0.0,0,0.0,2,5.4,0,0.0
2024-25,S,30,10306,141978,Orange,Orange County Department of Education,Vista Meridian Global Academy,Yes,No,RA,*,*,*,*,*,*,*,*,*,*,*,*,*,*,*,*,*,*,*,*,*,*,*,*,*
2024-25,S,30,10306,141978,Orange,Orange County Department of Education,Vista Meridian Global Academy,Yes,No,RB,*,*,*,*,*,*,*,*,*,*,*,*,*,*,*,*,*,*,*,*,*,*,*,*,*
2024-25,S,30,10306,141978,Orange,Orange County Department of Education,Vista Meridian Global Academy,Yes,No,RD,*,*,*,*,*,*,*,*,*,*,*,*,*,*,*,*,*,*,*,*,*,*,*,*,*
2024-25,S,30,10306,141978,Orange,Orange County Department of Education,Vista Meridian Global Academy,Yes,No,RF,*,*,*,*,*,*,*,*,*,*,*,*,*,*,*,*,*,*,*,*,*,*,*,*,*
2024-25,S,30,10306,141978,Orange,Orange County Department of Education,Vista Meridian Global Academy,Yes,No,RH,61,57,93.4,30,52.6,22,38.6,27,47.4,2,3.5,0,0.0,0,0.0,0,0.0,0,0.0,0,0.0,4,6.6,0,0.0
2024-25,S,30,10306,141978,Orange,Orange County Department of Education,Vista Meridian Global Academy,Yes,No,RI,*,*,*,*,*,*,*,*,*,*,*,*,*,*,*,*,*,*,*,*,*,*,*,*,*
2024-25,S,30,10306,141978,Orange,Orange County Department of Education,Vista Meridian Global Academy,Yes,No,RP,*,*,*,*,*,*,*,*,*,*,*,*,*,*,*,*,*,*,*,*,*,*,*,*,*
2024-25,S,30,10306,141978,Orange,Orange County Department of Education,Vista Meridian Global Academy,Yes,No,RT,*,*,*,*,*,*,*,*,*,*,*,*,*,*,*,*,*,*,*,*,*,*,*,*,*
2024-25,S,30,10306,141978,Orange,Orange County Department of Education,Vista Meridian Global Academy,Yes,No,RW,*,*,*,*,*,*,*,*,*,*,*,*,*,*,*,*,*,*,*,*,*,*,*,*,*
2024-25,S,30,10306,141978,Orange,Orange County Department of Education,Vista Meridian Global Academy,Yes,No,SD,*,*,*,*,*,*,*,*,*,*,*,*,*,*,*,*,*,*,*,*,*,*,*,*,*
2024-25,S,30,10306,141978,Orange,Orange County Department of Education,Vista Meridian Global Academy,Yes,No,SE,29,26,89.7,12,46.2,4,15.4,7,26.9,1,3.8,0,0.0,0,0.0,0,0.0,0,0.0,0,0.0,3,10.3,0,0.0
2024-25,S,30,10306,141978,Orange,Orange County Department of Education,Vista Meridian Global Academy,Yes,No,SF,*,*,*,*,*,*,*,*,*,*,*,*,*,*,*,*,*,*,*,*,*,*,*,*,*
2024-25,S,30,10306,141978,Orange,Orange County Department of Education,Vista Meridian Global Academy,Yes,No,SH,*,*,*,*,*,*,*,*,*,*,*,*,*,*,*,*,*,*,*,*,*,*,*,*,*
2024-25,S,30,10306,141978,Orange,Orange County Department of Education,Vista Meridian Global Academy,Yes,No,SS,63,58,92.1,31,53.4,22,37.9,28,48.3,2,3.4,0,0.0,0,0.0,0,0.0,0,0.0,0,0.0,5,7.9,0,0.0
2024-25,S,30,10306,141978,Orange,Orange County Department of Education,Vista Meridian Global Academy,Yes,No,TA,63,58,92.1,31,53.4,22,37.9,28,48.3,2,3.4,0,0.0,0,0.0,0,0.0,0,0.0,0,0.0,5,7.9,0,0.0
2024-25,S,30,10306,3030426,Orange,Orange County Department of Education,ACCESS Juvenile Hall,No,Yes,GF,12,3,25.0,0,0.0,0,0.0,0,0.0,1,33.3,0,0.0,0,0.0,0,0.0,1,8.3,0,0.0,5,41.7,3,25.0
2024-25,S,30,10306,3030426,Orange,Orange County Department of Education,ACCESS Juvenile Hall,No,Yes,GM,85,31,36.5,0,0.0,0,0.0,0,0.0,18,58.1,0,0.0,0,0.0,0,0.0,1,1.2,0,0.0,45,52.9,8,9.4
2024-25,S,30,10306,3030426,Orange,Orange County Department of Education,ACCESS Juvenile Hall,No,Yes,RA,*,*,*,*,*,*,*,*,*,*,*,*,*,*,*,*,*,*,*,*,*,*,*,*,*
2024-25,S,30,10306,3030426,Orange,Orange County Department of Education,ACCESS Juvenile Hall,No,Yes,RB,*,*,*,*,*,*,*,*,*,*,*,*,*,*,*,*,*,*,*,*,*,*,*,*,*
2024-25,S,30,10306,3030426,Orange,Orange County Department of Education,ACCESS Juvenile Hall,No,Yes,RD,14,3,21.4,0,0.0,0,0.0,0,0.0,1,33.3,0,0.0,0,0.0,0,0.0,1,7.1,0,0.0,10,71.4,0,0.0
2024-25,S,30,10306,3030426,Orange,Orange County Department of Education,ACCESS Juvenile Hall,No,Yes,RF,*,*,*,*,*,*,*,*,*,*,*,*,*,*,*,*,*,*,*,*,*,*,*,*,*
2024-25,S,30,10306,3030426,Orange,Orange County Department of Education,ACCESS Juvenile Hall,No,Yes,RH,70,28,40.0,0,0.0,0,0.0,0,0.0,17,60.7,0,0.0,0,0.0,0,0.0,1,1.4,0,0.0,31,44.3,10,14.3
2024-25,S,30,10306,3030426,Orange,Orange County Department of Education,ACCESS Juvenile Hall,No,Yes,RI,*,*,*,*,*,*,*,*,*,*,*,*,*,*,*,*,*,*,*,*,*,*,*,*,*
2024-25,S,30,10306,3030426,Orange,Orange County Department of Education,ACCESS Juvenile Hall,No,Yes,RP,*,*,*,*,*,*,*,*,*,*,*,*,*,*,*,*,*,*,*,*,*,*,*,*,*
2024-25,S,30,10306,3030426,Orange,Orange County Department of Education,ACCESS Juvenile Hall,No,Yes,RT,*,*,*,*,*,*,*,*,*,*,*,*,*,*,*,*,*,*,*,*,*,*,*,*,*
2024-25,S,30,10306,3030426,Orange,Orange County Department of Education,ACCESS Juvenile Hall,No,Yes,RW,*,*,*,*,*,*,*,*,*,*,*,*,*,*,*,*,*,*,*,*,*,*,*,*,*
2024-25,S,30,10306,3030426,Orange,Orange County Department of Education,ACCESS Juvenile Hall,No,Yes,SD,39,17,43.6,0,0.0,0,0.0,0,0.0,8,47.1,0,0.0,0,0.0,0,0.0,1,2.6,0,0.0,16,41.0,5,12.8
2024-25,S,30,10306,3030426,Orange,Orange County Department of Education,ACCESS Juvenile Hall,No,Yes,SE,41,15,36.6,0,0.0,0,0.0,0,0.0,12,80.0,0,0.0,0,0.0,0,0.0,0,0.0,0,0.0,20,48.8,6,14.6
2024-25,S,30,10306,3030426,Orange,Orange County Department of Education,ACCESS Juvenile Hall,No,Yes,SF,17,4,23.5,0,0.0,0,0.0,0,0.0,3,75.0,0,0.0,0,0.0,0,0.0,0,0.0,0,0.0,12,70.6,1,5.9
2024-25,S,30,10306,3030426,Orange,Orange County Department of Education,ACCESS Juvenile Hall,No,Yes,SH,28,13,46.4,0,0.0,0,0.0,0,0.0,8,61.5,0,0.0,0,0.0,0,0.0,0,0.0,0,0.0,14,50.0,1,3.6
2024-25,S,30,10306,3030426,Orange,Orange County Department of Education,ACCESS Juvenile Hall,No,Yes,SS,97,34,35.1,0,0.0,0,0.0,0,0.0,19,55.9,0,0.0,0,0.0,0,0.0,2,2.1,0,0.0,50,51.5,11,11.3
2024-25,S,30,10306,3030426,Orange,Orange County Department of Education,ACCESS Juvenile Hall,No,Yes,TA,97,34,35.1,0,0.0,0,0.0,0,0.0,19,55.9,0,0.0,0,0.0,0,0.0,2,2.1,0,0.0,50,51.5,11,11.3
2024-25,S,30,10306,3030632,Orange,Orange County Department of Education,OCCS:CHEP/PCHS,No,Yes,GF,40,34,85.0,4,11.8,0,0.0,0,0.0,0,0.0,0,0.0,0,0.0,0,0.0,0,0.0,0,0.0,6,15.0,0,0.0
2024-25,S,30,10306,3030632,Orange,Orange County Department of Education,OCCS:CHEP/PCHS,No,Yes,GM,26,23,88.5,6,26.1,0,0.0,0,0.0,0,0.0,0,0.0,0,0.0,0,0.0,0,0.0,0,0.0,3,11.5,0,0.0
2024-25,S,30,10306,3030632,Orange,Orange County Department of Education,OCCS:CHEP/PCHS,No,Yes,RA,*,*,*,*,*,*,*,*,*,*,*,*,*,*,*,*,*,*,*,*,*,*,*,*,*
2024-25,S,30,10306,3030632,Orange,Orange County Department of Education,OCCS:CHEP/PCHS,No,Yes,RB,*,*,*,*,*,*,*,*,*,*,*,*,*,*,*,*,*,*,*,*,*,*,*,*,*
2024-25,S,30,10306,3030632,Orange,Orange County Department of Education,OCCS:CHEP/PCHS,No,Yes,RD,*,*,*,*,*,*,*,*,*,*,*,*,*,*,*,*,*,*,*,*,*,*,*,*,*
2024-25,S,30,10306,3030632,Orange,Orange County Department of Education,OCCS:CHEP/PCHS,No,Yes,RF,*,*,*,*,*,*,*,*,*,*,*,*,*,*,*,*,*,*,*,*,*,*,*,*,*
2024-25,S,30,10306,3030632,Orange,Orange County Department of Education,OCCS:CHEP/PCHS,No,Yes,RH,28,25,89.3,2,8.0,0,0.0,0,0.0,0,0.0,0,0.0,0,0.0,0,0.0,0,0.0,0,0.0,3,10.7,0,0.0
2024-25,S,30,10306,3030632,Orange,Orange County Department of Education,OCCS:CHEP/PCHS,No,Yes,RI,*,*,*,*,*,*,*,*,*,*,*,*,*,*,*,*,*,*,*,*,*,*,*,*,*
2024-25,S,30,10306,3030632,Orange,Orange County Department of Education,OCCS:CHEP/PCHS,No,Yes,RP,*,*,*,*,*,*,*,*,*,*,*,*,*,*,*,*,*,*,*,*,*,*,*,*,*
2024-25,S,30,10306,3030632,Orange,Orange County Department of Education,OCCS:CHEP/PCHS,No,Yes,RT,*,*,*,*,*,*,*,*,*,*,*,*,*,*,*,*,*,*,*,*,*,*,*,*,*
2024-25,S,30,10306,3030632,Orange,Orange County Department of Education,OCCS:CHEP/PCHS,No,Yes,RW,24,20,83.3,5,25.0,0,0.0,0,0.0,0,0.0,0,0.0,0,0.0,0,0.0,0,0.0,0,0.0,4,16.7,0,0.0
2024-25,S,30,10306,3030632,Orange,Orange County Department of Education,OCCS:CHEP/PCHS,No,Yes,SD,*,*,*,*,*,*,*,*,*,*,*,*,*,*,*,*,*,*,*,*,*,*,*,*,*
2024-25,S,30,10306,3030632,Orange,Orange County Department of Education,OCCS:CHEP/PCHS,No,Yes,SE,*,*,*,*,*,*,*,*,*,*,*,*,*,*,*,*,*,*,*,*,*,*,*,*,*
2024-25,S,30,10306,3030632,Orange,Orange County Department of Education,OCCS:CHEP/PCHS,No,Yes,SH,*,*,*,*,*,*,*,*,*,*,*,*,*,*,*,*,*,*,*,*,*,*,*,*,*
2024-25,S,30,10306,3030632,Orange,Orange County Department of Education,OCCS:CHEP/PCHS,No,Yes,SS,35,30,85.7,2,6.7,0,0.0,0,0.0,0,0.0,0,0.0,0,0.0,0,0.0,0,0.0,0,0.0,5,14.3,0,0.0
2024-25,S,30,10306,3030632,Orange,Orange County Department of Education,OCCS:CHEP/PCHS,No,Yes,TA,66,57,86.4,10,17.5,0,0.0,0,0.0,0,0.0,0,0.0,0,0.0,0,0.0,0,0.0,0,0.0,9,13.6,0,0.0
2024-25,S,30,10306,3030723,Orange,Orange County Department of Education,OCSA,Yes,No,GF,270,268,99.3,243,90.7,153,57.1,235,87.7,0,0.0,0,0.0,0,0.0,0,0.0,0,0.0,0,0.0,2,0.7,0,0.0
2024-25,S,30,10306,3030723,Orange,Orange County Department of Education,OCSA,Yes,No,GM,117,115,98.3,95,82.6,50,43.5,98,85.2,0,0.0,0,0.0,0,0.0,0,0.0,0,0.0,0,0.0,2,1.7,0,0.0
2024-25,S,30,10306,3030723,Orange,Orange County Department of Education,OCSA,Yes,No,GX,*,*,*,*,*,*,*,*,*,*,*,*,*,*,*,*,*,*,*,*,*,*,*,*,*
2024-25,S,30,10306,3030723,Orange,Orange County Department of Education,OCSA,Yes,No,RA,142,140,98.6,129,92.1,77,55.0,131,93.6,0,0.0,0,0.0,0,0.0,0,0.0,0,0.0,0,0.0,2,1.4,0,0.0
2024-25,S,30,10306,3030723,Orange,Orange County Department of Education,OCSA,Yes,No,RB,*,*,*,*,*,*,*,*,*,*,*,*,*,*,*,*,*,*,*,*,*,*,*,*,*
2024-25,S,30,10306,3030723,Orange,Orange County Department of Education,OCSA,Yes,No,RD,12,11,91.7,11,100.0,4,36.4,10,90.9,0,0.0,0,0.0,0,0.0,0,0.0,0,0.0,0,0.0,1,8.3,0,0.0
2024-25,S,30,10306,3030723,Orange,Orange County Department of Education,OCSA,Yes,No,RF,12,12,100.0,11,91.7,6,50.0,11,91.7,0,0.0,0,0.0,0,0.0,0,0.0,0,0.0,0,0.0,0,0.0,0,0.0
2024-25,S,30,10306,3030723,Orange,Orange County Department of Education,OCSA,Yes,No,RH,85,84,98.8,69,82.1,48,57.1,66,78.6,0,0.0,0,0.0,0,0.0,0,0.0,0,0.0,0,0.0,1,1.2,0,0.0
2024-25,S,30,10306,3030723,Orange,Orange County Department of Education,OCSA,Yes,No,RI,*,*,*,*,*,*,*,*,*,*,*,*,*,*,*,*,*,*,*,*,*,*,*,*,*
2024-25,S,30,10306,3030723,Orange,Orange County Department of Education,OCSA,Yes,No,RP,*,*,*,*,*,*,*,*,*,*,*,*,*,*,*,*,*,*,*,*,*,*,*,*,*
2024-25,S,30,10306,3030723,Orange,Orange County Department of Education,OCSA,Yes,No,RT,35,35,100.0,31,88.6,18,51.4,30,85.7,0,0.0,0,0.0,0,0.0,0,0.0,0,0.0,0,0.0,0,0.0,0,0.0
2024-25,S,30,10306,3030723,Orange,Orange County Department of Education,OCSA,Yes,No,RW,102,102,100.0,87,85.3,51,50.0,87,85.3,0,0.0,0,0.0,0,0.0,0,0.0,0,0.0,0,0.0,0,0.0,0,0.0
2024-25,S,30,10306,3030723,Orange,Orange County Department of Education,OCSA,Yes,No,SD,26,25,96.2,16,64.0,5,20.0,12,48.0,0,0.0,0,0.0,0,0.0,0,0.0,0,0.0,0,0.0,1,3.8,0,0.0
2024-25,S,30,10306,3030723,Orange,Orange County Department of Education,OCSA,Yes,No,SE,*,*,*,*,*,*,*,*,*,*,*,*,*,*,*,*,*,*,*,*,*,*,*,*,*
2024-25,S,30,10306,3030723,Orange,Orange County Department of Education,OCSA,Yes,No,SH,*,*,*,*,*,*,*,*,*,*,*,*,*,*,*,*,*,*,*,*,*,*,*,*,*
2024-25,S,30,10306,3030723,Orange,Orange County Department of Education,OCSA,Yes,No,SS,85,83,97.6,70,84.3,30,36.1,62,74.7,0,0.0,0,0.0,0,0.0,0,0.0,0,0.0,0,0.0,2,2.4,0,0.0
2024-25,S,30,10306,3030723,Orange,Orange County Department of Education,OCSA,Yes,No,TA,392,387,98.7,341,88.1,204,52.7,336,86.8,0,0.0,0,0.0,0,0.0,0,0.0,0,0.0,0,0.0,5,1.3,0,0.0
2024-25,S,30,10306,3030764,Orange,Orange County Department of Education,ACCESS County Community,No,Yes,GF,257,124,48.2,0,0.0,0,0.0,0,0.0,28,22.6,0,0.0,0,0.0,0,0.0,5,1.9,8,3.1,47,18.3,73,28.4
2024-25,S,30,10306,3030764,Orange,Orange County Department of Education,ACCESS County Community,No,Yes,GM,370,154,41.6,0,0.0,0,0.0,0,0.0,35,22.7,0,0.0,0,0.0,0,0.0,7,1.9,19,5.1,90,24.3,100,27.0
2024-25,S,30,10306,3030764,Orange,Orange County Department of Education,ACCESS County Community,No,Yes,GX,*,*,*,*,*,*,*,*,*,*,*,*,*,*,*,*,*,*,*,*,*,*,*,*,*
2024-25,S,30,10306,3030764,Orange,Orange County Department of Education,ACCESS County Community,No,Yes,RA,19,9,47.4,0,0.0,0,0.0,0,0.0,1,11.1,0,0.0,0,0.0,0,0.0,0,0.0,0,0.0,3,15.8,7,36.8
2024-25,S,30,10306,3030764,Orange,Orange County Department of Education,ACCESS County Community,No,Yes,RB,25,12,48.0,0,0.0,0,0.0,0,0.0,2,16.7,0,0.0,0,0.0,0,0.0,1,4.0,2,8.0,6,24.0,4,16.0
2024-25,S,30,10306,3030764,Orange,Orange County Department of Education,ACCESS County Community,No,Yes,RD,20,9,45.0,0,0.0,0,0.0,0,0.0,2,22.2,0,0.0,0,0.0,0,0.0,1,5.0,1,5.0,3,15.0,6,30.0
2024-25,S,30,10306,3030764,Orange,Orange County Department of Education,ACCESS County Community,No,Yes,RF,*,*,*,*,*,*,*,*,*,*,*,*,*,*,*,*,*,*,*,*,*,*,*,*,*
2024-25,S,30,10306,3030764,Orange,Orange County Department of Education,ACCESS County Community,No,Yes,RH,470,205,43.6,0,0.0,0,0.0,0,0.0,52,25.4,0,0.0,0,0.0,0,0.0,10,2.1,18,3.8,98,20.9,139,29.6
2024-25,S,30,10306,3030764,Orange,Orange County Department of Education,ACCESS County Community,No,Yes,RI,*,*,*,*,*,*,*,*,*,*,*,*,*,*,*,*,*,*,*,*,*,*,*,*,*
2024-25,S,30,10306,3030764,Orange,Orange County Department of Education,ACCESS County Community,No,Yes,RP,*,*,*,*,*,*,*,*,*,*,*,*,*,*,*,*,*,*,*,*,*,*,*,*,*
2024-25,S,30,10306,3030764,Orange,Orange County Department of Education,ACCESS County Community,No,Yes,RT,16,5,31.3,0,0.0,0,0.0,0,0.0,0,0.0,0,0.0,0,0.0,0,0.0,0,0.0,1,6.3,6,37.5,4,25.0
2024-25,S,30,10306,3030764,Orange,Orange County Department of Education,ACCESS County Community,No,Yes,RW,73,33,45.2,0,0.0,0,0.0,0,0.0,5,15.2,0,0.0,0,0.0,0,0.0,0,0.0,7,9.6,22,30.1,11,15.1
2024-25,S,30,10306,3030764,Orange,Orange County Department of Education,ACCESS County Community,No,Yes,SD,103,42,40.8,0,0.0,0,0.0,0,0.0,16,38.1,0,0.0,0,0.0,0,0.0,3,2.9,4,3.9,17,16.5,37,35.9
2024-25,S,30,10306,3030764,Orange,Orange County Department of Education,ACCESS County Community,No,Yes,SE,180,80,44.4,0,0.0,0,0.0,0,0.0,24,30.0,0,0.0,0,0.0,0,0.0,2,1.1,5,2.8,49,27.2,44,24.4
2024-25,S,30,10306,3030764,Orange,Orange County Department of Education,ACCESS County Community,No,Yes,SF,33,15,45.5,0,0.0,0,0.0,0,0.0,8,53.3,0,0.0,0,0.0,0,0.0,0,0.0,1,3.0,8,24.2,9,27.3
2024-25,S,30,10306,3030764,Orange,Orange County Department of Education,ACCESS County Community,No,Yes,SH,211,94,44.5,0,0.0,0,0.0,0,0.0,50,53.2,0,0.0,0,0.0,0,0.0,2,0.9,9,4.3,43,20.4,63,29.9
2024-25,S,30,10306,3030764,Orange,Orange County Department of Education,ACCESS County Community,No,Yes,SM,*,*,*,*,*,*,*,*,*,*,*,*,*,*,*,*,*,*,*,*,*,*,*,*,*
2024-25,S,30,10306,3030764,Orange,Orange County Department of Education,ACCESS County Community,No,Yes,SS,605,268,44.3,0,0.0,0,0.0,0,0.0,63,23.5,0,0.0,0,0.0,0,0.0,11,1.8,28,4.6,129,21.3,169,27.9
2024-25,S,30,10306,3030764,Orange,Orange County Department of Education,ACCESS County Community,No,Yes,TA,631,278,44.1,0,0.0,0,0.0,0,0.0,63,22.7,0,0.0,0,0.0,0,0.0,12,1.9,29,4.6,138,21.9,174,27.6
2024-25,S,30,10306,6069553,Orange,Orange County Department of Education,Orange County Special Education,No,Yes,GF,23,8,34.8,0,0.0,0,0.0,0,0.0,0,0.0,0,0.0,0,0.0,0,0.0,0,0.0,0,0.0,13,56.5,2,8.7
2024-25,S,30,10306,6069553,Orange,Orange County Department of Education,Orange County Special Education,No,Yes,GM,12,4,33.3,0,0.0,0,0.0,0,0.0,1,25.0,0,0.0,0,0.0,0,0.0,0,0.0,0,0.0,5,41.7,3,25.0
2024-25,S,30,10306,6069553,Orange,Orange County Department of Education,Orange County Special Education,No,Yes,RA,*,*,*,*,*,*,*,*,*,*,*,*,*,*,*,*,*,*,*,*,*,*,*,*,*
2024-25,S,30,10306,6069553,Orange,Orange County Department of Education,Orange County Special Education,No,Yes,RB,*,*,*,*,*,*,*,*,*,*,*,*,*,*,*,*,*,*,*,*,*,*,*,*,*
2024-25,S,30,10306,6069553,Orange,Orange County Department of Education,Orange County Special Education,No,Yes,RD,*,*,*,*,*,*,*,*,*,*,*,*,*,*,*,*,*,*,*,*,*,*,*,*,*
2024-25,S,30,10306,6069553,Orange,Orange County Department of Education,Orange County Special Education,No,Yes,RF,*,*,*,*,*,*,*,*,*,*,*,*,*,*,*,*,*,*,*,*,*,*,*,*,*
2024-25,S,30,10306,6069553,Orange,Orange County Department of Education,Orange County Special Education,No,Yes,RH,20,7,35.0,0,0.0,0,0.0,0,0.0,1,14.3,0,0.0,0,0.0,0,0.0,0,0.0,0,0.0,9,45.0,4,20.0
2024-25,S,30,10306,6069553,Orange,Orange County Department of Education,Orange County Special Education,No,Yes,RI,*,*,*,*,*,*,*,*,*,*,*,*,*,*,*,*,*,*,*,*,*,*,*,*,*
2024-25,S,30,10306,6069553,Orange,Orange County Department of Education,Orange County Special Education,No,Yes,RP,*,*,*,*,*,*,*,*,*,*,*,*,*,*,*,*,*,*,*,*,*,*,*,*,*
2024-25,S,30,10306,6069553,Orange,Orange County Department of Education,Orange County Special Education,No,Yes,RT,*,*,*,*,*,*,*,*,*,*,*,*,*,*,*,*,*,*,*,*,*,*,*,*,*
2024-25,S,30,10306,6069553,Orange,Orange County Department of Education,Orange County Special Education,No,Yes,RW,*,*,*,*,*,*,*,*,*,*,*,*,*,*,*,*,*,*,*,*,*,*,*,*,*
2024-25,S,30,10306,6069553,Orange,Orange County Department of Education,Orange County Special Education,No,Yes,SD,35,12,34.3,0,0.0,0,0.0,0,0.0,1,8.3,0,0.0,0,0.0,0,0.0,0,0.0,0,0.0,18,51.4,5,14.3
2024-25,S,30,10306,6069553,Orange,Orange County Department of Education,Orange County Special Education,No,Yes,SE,*,*,*,*,*,*,*,*,*,*,*,*,*,*,*,*,*,*,*,*,*,*,*,*,*
2024-25,S,30,10306,6069553,Orange,Orange County Department of Education,Orange County Special Education,No,Yes,SF,*,*,*,*,*,*,*,*,*,*,*,*,*,*,*,*,*,*,*,*,*,*,*,*,*
2024-25,S,30,10306,6069553,Orange,Orange County Department of Education,Orange County Special Education,No,Yes,SH,*,*,*,*,*,*,*,*,*,*,*,*,*,*,*,*,*,*,*,*,*,*,*,*,*
2024-25,S,30,10306,6069553,Orange,Orange County Department of Education,Orange County Special Education,No,Yes,SS,25,9,36.0,0,0.0,0,0.0,0,0.0,1,11.1,0,0.0,0,0.0,0,0.0,0,0.0,0,0.0,14,56.0,2,8.0
2024-25,S,30,10306,6069553,Orange,Orange County Department of Education,Orange County Special Education,No,Yes,TA,35,12,34.3,0,0.0,0,0.0,0,0.0,1,8.3,0,0.0,0,0.0,0,0.0,0,0.0,0,0.0,18,51.4,5,14.3
2024-25,S,30,66431,1,Orange,Anaheim Union High,"Nonpublic, Nonsectarian Schools",No,No,GF,*,*,*,*,*,*,*,*,*,*,*,*,*,*,*,*,*,*,*,*,*,*,*,*,*
2024-25,S,30,66431,1,Orange,Anaheim Union High,"Nonpublic, Nonsectarian Schools",No,No,GM,*,*,*,*,*,*,*,*,*,*,*,*,*,*,*,*,*,*,*,*,*,*,*,*,*
2024-25,S,30,66431,1,Orange,Anaheim Union High,"Nonpublic, Nonsectarian Schools",No,No,RA,*,*,*,*,*,*,*,*,*,*,*,*,*,*,*,*,*,*,*,*,*,*,*,*,*
2024-25,S,30,66431,1,Orange,Anaheim Union High,"Nonpublic, Nonsectarian Schools",No,No,RB,*,*,*,*,*,*,*,*,*,*,*,*,*,*,*,*,*,*,*,*,*,*,*,*,*
2024-25,S,30,66431,1,Orange,Anaheim Union High,"Nonpublic, Nonsectarian Schools",No,No,RD,*,*,*,*,*,*,*,*,*,*,*,*,*,*,*,*,*,*,*,*,*,*,*,*,*
2024-25,S,30,66431,1,Orange,Anaheim Union High,"Nonpublic, Nonsectarian Schools",No,No,RF,*,*,*,*,*,*,*,*,*,*,*,*,*,*,*,*,*,*,*,*,*,*,*,*,*
2024-25,S,30,66431,1,Orange,Anaheim Union High,"Nonpublic, Nonsectarian Schools",No,No,RH,*,*,*,*,*,*,*,*,*,*,*,*,*,*,*,*,*,*,*,*,*,*,*,*,*
2024-25,S,30,66431,1,Orange,Anaheim Union High,"Nonpublic, Nonsectarian Schools",No,No,RI,*,*,*,*,*,*,*,*,*,*,*,*,*,*,*,*,*,*,*,*,*,*,*,*,*
2024-25,S,30,66431,1,Orange,Anaheim Union High,"Nonpublic, Nonsectarian Schools",No,No,RP,*,*,*,*,*,*,*,*,*,*,*,*,*,*,*,*,*,*,*,*,*,*,*,*,*
2024-25,S,30,66431,1,Orange,Anaheim Union High,"Nonpublic, Nonsectarian Schools",No,No,RT,*,*,*,*,*,*,*,*,*,*,*,*,*,*,*,*,*,*,*,*,*,*,*,*,*
2024-25,S,30,66431,1,Orange,Anaheim Union High,"Nonpublic, Nonsectarian Schools",No,No,RW,*,*,*,*,*,*,*,*,*,*,*,*,*,*,*,*,*,*,*,*,*,*,*,*,*
2024-25,S,30,66431,1,Orange,Anaheim Union High,"Nonpublic, Nonsectarian Schools",No,No,SD,*,*,*,*,*,*,*,*,*,*,*,*,*,*,*,*,*,*,*,*,*,*,*,*,*
2024-25,S,30,66431,1,Orange,Anaheim Union High,"Nonpublic, Nonsectarian Schools",No,No,SF,*,*,*,*,*,*,*,*,*,*,*,*,*,*,*,*,*,*,*,*,*,*,*,*,*
2024-25,S,30,66431,1,Orange,Anaheim Union High,"Nonpublic, Nonsectarian Schools",No,No,SH,*,*,*,*,*,*,*,*,*,*,*,*,*,*,*,*,*,*,*,*,*,*,*,*,*
2024-25,S,30,66431,1,Orange,Anaheim Union High,"Nonpublic, Nonsectarian Schools",No,No,SS,*,*,*,*,*,*,*,*,*,*,*,*,*,*,*,*,*,*,*,*,*,*,*,*,*
2024-25,S,30,66431,1,Orange,Anaheim Union High,"Nonpublic, Nonsectarian Schools",No,No,TA,*,*,*,*,*,*,*,*,*,*,*,*,*,*,*,*,*,*,*,*,*,*,*,*,*
2024-25,S,30,66431,140707,Orange,Anaheim Union High,Cambridge Virtual Academy,No,No,GF,17,17,100.0,14,82.4,5,29.4,5,29.4,0,0.0,0,0.0,0,0.0,0,0.0,0,0.0,0,0.0,0,0.0,0,0.0
2024-25,S,30,66431,140707,Orange,Anaheim Union High,Cambridge Virtual Academy,No,No,GM,20,19,95.0,15,78.9,5,26.3,3,15.8,0,0.0,1,5.0,0,0.0,0,0.0,0,0.0,0,0.0,0,0.0,0,0.0
2024-25,S,30,66431,140707,Orange,Anaheim Union High,Cambridge Virtual Academy,No,No,RA,*,*,*,*,*,*,*,*,*,*,*,*,*,*,*,*,*,*,*,*,*,*,*,*,*
2024-25,S,30,66431,140707,Orange,Anaheim Union High,Cambridge Virtual Academy,No,No,RB,*,*,*,*,*,*,*,*,*,*,*,*,*,*,*,*,*,*,*,*,*,*,*,*,*
2024-25,S,30,66431,140707,Orange,Anaheim Union High,Cambridge Virtual Academy,No,No,RD,*,*,*,*,*,*,*,*,*,*,*,*,*,*,*,*,*,*,*,*,*,*,*,*,*
2024-25,S,30,66431,140707,Orange,Anaheim Union High,Cambridge Virtual Academy,No,No,RF,*,*,*,*,*,*,*,*,*,*,*,*,*,*,*,*,*,*,*,*,*,*,*,*,*
2024-25,S,30,66431,140707,Orange,Anaheim Union High,Cambridge Virtual Academy,No,No,RH,23,22,95.7,17,77.3,8,36.4,3,13.6,0,0.0,1,4.3,0,0.0,0,0.0,0,0.0,0,0.0,0,0.0,0,0.0
2024-25,S,30,66431,140707,Orange,Anaheim Union High,Cambridge Virtual Academy,No,No,RI,*,*,*,*,*,*,*,*,*,*,*,*,*,*,*,*,*,*,*,*,*,*,*,*,*
2024-25,S,30,66431,140707,Orange,Anaheim Union High,Cambridge Virtual Academy,No,No,RP,*,*,*,*,*,*,*,*,*,*,*,*,*,*,*,*,*,*,*,*,*,*,*,*,*
2024-25,S,30,66431,140707,Orange,Anaheim Union High,Cambridge Virtual Academy,No,No,RT,*,*,*,*,*,*,*,*,*,*,*,*,*,*,*,*,*,*,*,*,*,*,*,*,*
2024-25,S,30,66431,140707,Orange,Anaheim Union High,Cambridge Virtual Academy,No,No,RW,*,*,*,*,*,*,*,*,*,*,*,*,*,*,*,*,*,*,*,*,*,*,*,*,*
2024-25,S,30,66431,140707,Orange,Anaheim Union High,Cambridge Virtual Academy,No,No,SD,*,*,*,*,*,*,*,*,*,*,*,*,*,*,*,*,*,*,*,*,*,*,*,*,*
2024-25,S,30,66431,140707,Orange,Anaheim Union High,Cambridge Virtual Academy,No,No,SE,*,*,*,*,*,*,*,*,*,*,*,*,*,*,*,*,*,*,*,*,*,*,*,*,*
2024-25,S,30,66431,140707,Orange,Anaheim Union High,Cambridge Virtual Academy,No,No,SH,*,*,*,*,*,*,*,*,*,*,*,*,*,*,*,*,*,*,*,*,*,*,*,*,*
2024-25,S,30,66431,140707,Orange,Anaheim Union High,Cambridge Virtual Academy,No,No,SS,34,33,97.1,27,81.8,10,30.3,8,24.2,0,0.0,1,2.9,0,0.0,0,0.0,0,0.0,0,0.0,0,0.0,0,0.0
2024-25,S,30,66431,140707,Orange,Anaheim Union High,Cambridge Virtual Academy,No,No,TA,37,36,97.3,29,80.6,10,27.8,8,22.2,0,0.0,1,2.7,0,0.0,0,0.0,0,0.0,0,0.0,0,0.0,0,0.0
2024-25,S,30,66431,3030038,Orange,Anaheim Union High,Cypress High,No,No,GF,326,317,97.2,266,83.9,149,47.0,186,58.7,0,0.0,5,1.5,0,0.0,1,0.3,0,0.0,0,0.0,3,0.9,0,0.0
2024-25,S,30,66431,3030038,Orange,Anaheim Union High,Cypress High,No,No,GM,346,329,95.1,223,67.8,76,23.1,150,45.6,0,0.0,7,2.0,0,0.0,1,0.3,0,0.0,0,0.0,9,2.6,0,0.0
2024-25,S,30,66431,3030038,Orange,Anaheim Union High,Cypress High,No,No,GX,*,*,*,*,*,*,*,*,*,*,*,*,*,*,*,*,*,*,*,*,*,*,*,*,*
2024-25,S,30,66431,3030038,Orange,Anaheim Union High,Cypress High,No,No,RA,248,237,95.6,216,91.1,112,47.3,180,75.9,0,0.0,6,2.4,0,0.0,1,0.4,0,0.0,0,0.0,4,1.6,0,0.0
2024-25,S,30,66431,3030038,Orange,Anaheim Union High,Cypress High,No,No,RB,15,15,100.0,12,80.0,2,13.3,4,26.7,0,0.0,0,0.0,0,0.0,0,0.0,0,0.0,0,0.0,0,0.0,0,0.0
2024-25,S,30,66431,3030038,Orange,Anaheim Union High,Cypress High,No,No,RD,*,*,*,*,*,*,*,*,*,*,*,*,*,*,*,*,*,*,*,*,*,*,*,*,*
2024-25,S,30,66431,3030038,Orange,Anaheim Union High,Cypress High,No,No,RF,38,38,100.0,33,86.8,12,31.6,29,76.3,0,0.0,0,0.0,0,0.0,0,0.0,0,0.0,0,0.0,0,0.0,0,0.0
2024-25,S,30,66431,3030038,Orange,Anaheim Union High,Cypress High,No,No,RH,197,190,96.4,112,58.9,64,33.7,56,29.5,0,0.0,3,1.5,0,0.0,0,0.0,0,0.0,0,0.0,4,2.0,0,0.0
2024-25,S,30,66431,3030038,Orange,Anaheim Union High,Cypress High,No,No,RI,*,*,*,*,*,*,*,*,*,*,*,*,*,*,*,*,*,*,*,*,*,*,*,*,*
2024-25,S,30,66431,3030038,Orange,Anaheim Union High,Cypress High,No,No,RP,*,*,*,*,*,*,*,*,*,*,*,*,*,*,*,*,*,*,*,*,*,*,*,*,*
2024-25,S,30,66431,3030038,Orange,Anaheim Union High,Cypress High,No,No,RT,30,30,100.0,23,76.7,10,33.3,13,43.3,0,0.0,0,0.0,0,0.0,0,0.0,0,0.0,0,0.0,0,0.0,0,0.0
2024-25,S,30,66431,3030038,Orange,Anaheim Union High,Cypress High,No,No,RW,137,130,94.9,90,69.2,24,18.5,53,40.8,0,0.0,3,2.2,0,0.0,1,0.7,0,0.0,0,0.0,3,2.2,0,0.0
2024-25,S,30,66431,3030038,Orange,Anaheim Union High,Cypress High,No,No,SD,48,39,81.3,14,35.9,3,7.7,7,17.9,0,0.0,0,0.0,0,0.0,2,4.2,0,0.0,0,0.0,7,14.6,0,0.0
2024-25,S,30,66431,3030038,Orange,Anaheim Union High,Cypress High,No,No,SE,41,39,95.1,17,43.6,8,20.5,4,10.3,0,0.0,0,0.0,0,0.0,1,2.4,0,0.0,0,0.0,1,2.4,0,0.0
2024-25,S,30,66431,3030038,Orange,Anaheim Union High,Cypress High,No,No,SF,*,*,*,*,*,*,*,*,*,*,*,*,*,*,*,*,*,*,*,*,*,*,*,*,*
2024-25,S,30,66431,3030038,Orange,Anaheim Union High,Cypress High,No,No,SH,32,29,90.6,10,34.5,6,20.7,4,13.8,0,0.0,0,0.0,0,0.0,1,3.1,0,0.0,0,0.0,2,6.3,0,0.0
2024-25,S,30,66431,3030038,Orange,Anaheim Union High,Cypress High,No,No,SS,475,457,96.2,325,71.1,156,34.1,199,43.5,0,0.0,7,1.5,0,0.0,2,0.4,0,0.0,0,0.0,9,1.9,0,0.0
2024-25,S,30,66431,3030038,Orange,Anaheim Union High,Cypress High,No,No,TA,673,647,96.1,489,75.6,225,34.8,336,51.9,0,0.0,12,1.8,0,0.0,2,0.3,0,0.0,0,0.0,12,1.8,0,0.0
2024-25,S,30,66431,3030228,Orange,Anaheim Union High,Anaheim High,No,No,GF,292,282,96.6,237,84.0,108,38.3,77,27.3,0,0.0,0,0.0,0,0.0,5,1.7,0,0.0,0,0.0,5,1.7,0,0.0
2024-25,S,30,66431,3030228,Orange,Anaheim Union High,Anaheim High,No,No,GM,312,284,91.0,188,66.2,77,27.1,64,22.5,0,0.0,0,0.0,0,0.0,15,4.8,0,0.0,0,0.0,13,4.2,0,0.0
2024-25,S,30,66431,3030228,Orange,Anaheim Union High,Anaheim High,No,No,RA,*,*,*,*,*,*,*,*,*,*,*,*,*,*,*,*,*,*,*,*,*,*,*,*,*
2024-25,S,30,66431,3030228,Orange,Anaheim Union High,Anaheim High,No,No,RB,*,*,*,*,*,*,*,*,*,*,*,*,*,*,*,*,*,*,*,*,*,*,*,*,*
2024-25,S,30,66431,3030228,Orange,Anaheim Union High,Anaheim High,No,No,RD,*,*,*,*,*,*,*,*,*,*,*,*,*,*,*,*,*,*,*,*,*,*,*,*,*
2024-25,S,30,66431,3030228,Orange,Anaheim Union High,Anaheim High,No,No,RF,*,*,*,*,*,*,*,*,*,*,*,*,*,*,*,*,*,*,*,*,*,*,*,*,*
2024-25,S,30,66431,3030228,Orange,Anaheim Union High,Anaheim High,No,No,RH,563,529,94.0,396,74.9,177,33.5,127,24.0,0,0.0,0,0.0,0,0.0,17,3.0,0,0.0,0,0.0,17,3.0,0,0.0
2024-25,S,30,66431,3030228,Orange,Anaheim Union High,Anaheim High,No,No,RI,*,*,*,*,*,*,*,*,*,*,*,*,*,*,*,*,*,*,*,*,*,*,*,*,*
2024-25,S,30,66431,3030228,Orange,Anaheim Union High,Anaheim High,No,No,RP,*,*,*,*,*,*,*,*,*,*,*,*,*,*,*,*,*,*,*,*,*,*,*,*,*
2024-25,S,30,66431,3030228,Orange,Anaheim Union High,Anaheim High,No,No,RT,*,*,*,*,*,*,*,*,*,*,*,*,*,*,*,*,*,*,*,*,*,*,*,*,*
2024-25,S,30,66431,3030228,Orange,Anaheim Union High,Anaheim High,No,No,RW,19,17,89.5,15,88.2,3,17.6,5,29.4,0,0.0,0,0.0,0,0.0,1,5.3,0,0.0,0,0.0,1,5.3,0,0.0
2024-25,S,30,66431,3030228,Orange,Anaheim Union High,Anaheim High,No,No,SD,100,74,74.0,36,48.6,8,10.8,7,9.5,0,0.0,0,0.0,0,0.0,20,20.0,0,0.0,0,0.0,6,6.0,0,0.0
2024-25,S,30,66431,3030228,Orange,Anaheim Union High,Anaheim High,No,No,SE,206,179,86.9,112,62.6,14,7.8,12,6.7,0,0.0,0,0.0,0,0.0,15,7.3,0,0.0,0,0.0,12,5.8,0,0.0
2024-25,S,30,66431,3030228,Orange,Anaheim Union High,Anaheim High,No,No,SF,*,*,*,*,*,*,*,*,*,*,*,*,*,*,*,*,*,*,*,*,*,*,*,*,*
2024-25,S,30,66431,3030228,Orange,Anaheim Union High,Anaheim High,No,No,SH,84,75,89.3,50,66.7,17,22.7,12,16.0,0,0.0,0,0.0,0,0.0,2,2.4,0,0.0,0,0.0,7,8.3,0,0.0
2024-25,S,30,66431,3030228,Orange,Anaheim Union High,Anaheim High,No,No,SS,590,554,93.9,415,74.9,180,32.5,137,24.7,0,0.0,0,0.0,0,0.0,20,3.4,0,0.0,0,0.0,16,2.7,0,0.0
2024-25,S,30,66431,3030228,Orange,Anaheim Union High,Anaheim High,No,No,TA,604,566,93.7,425,75.1,185,32.7,141,24.9,0,0.0,0,0.0,0,0.0,20,3.3,0,0.0,0,0.0,18,3.0,0,0.0
2024-25,S,30,66431,3030384,Orange,Anaheim Union High,Polaris High,No,No,GF,230,214,93.0,67,31.3,11,5.1,12,5.6,10,4.7,1,0.4,0,0.0,0,0.0,0,0.0,0,0.0,15,6.5,0,0.0
2024-25,S,30,66431,3030384,Orange,Anaheim Union High,Polaris High,No,No,GM,200,186,93.0,24,12.9,4,2.2,3,1.6,17,9.1,0,0.0,0,0.0,0,0.0,0,0.0,0,0.0,14,7.0,0,0.0
2024-25,S,30,66431,3030384,Orange,Anaheim Union High,Polaris High,No,No,GX,*,*,*,*,*,*,*,*,*,*,*,*,*,*,*,*,*,*,*,*,*,*,*,*,*
2024-25,S,30,66431,3030384,Orange,Anaheim Union High,Polaris High,No,No,RA,*,*,*,*,*,*,*,*,*,*,*,*,*,*,*,*,*,*,*,*,*,*,*,*,*
2024-25,S,30,66431,3030384,Orange,Anaheim Union High,Polaris High,No,No,RB,*,*,*,*,*,*,*,*,*,*,*,*,*,*,*,*,*,*,*,*,*,*,*,*,*
2024-25,S,30,66431,3030384,Orange,Anaheim Union High,Polaris High,No,No,RD,*,*,*,*,*,*,*,*,*,*,*,*,*,*,*,*,*,*,*,*,*,*,*,*,*
2024-25,S,30,66431,3030384,Orange,Anaheim Union High,Polaris High,No,No,RF,*,*,*,*,*,*,*,*,*,*,*,*,*,*,*,*,*,*,*,*,*,*,*,*,*
2024-25,S,30,66431,3030384,Orange,Anaheim Union High,Polaris High,No,No,RH,367,338,92.1,67,19.8,15,4.4,8,2.4,24,7.1,0,0.0,0,0.0,0,0.0,0,0.0,0,0.0,29,7.9,0,0.0
2024-25,S,30,66431,3030384,Orange,Anaheim Union High,Polaris High,No,No,RI,*,*,*,*,*,*,*,*,*,*,*,*,*,*,*,*,*,*,*,*,*,*,*,*,*
2024-25,S,30,66431,3030384,Orange,Anaheim Union High,Polaris High,No,No,RP,*,*,*,*,*,*,*,*,*,*,*,*,*,*,*,*,*,*,*,*,*,*,*,*,*
2024-25,S,30,66431,3030384,Orange,Anaheim Union High,Polaris High,No,No,RT,*,*,*,*,*,*,*,*,*,*,*,*,*,*,*,*,*,*,*,*,*,*,*,*,*
2024-25,S,30,66431,3030384,Orange,Anaheim Union High,Polaris High,No,No,RW,31,30,96.8,12,40.0,0,0.0,5,16.7,0,0.0,1,3.2,0,0.0,0,0.0,0,0.0,0,0.0,0,0.0,0,0.0
2024-25,S,30,66431,3030384,Orange,Anaheim Union High,Polaris High,No,No,SD,29,28,96.6,7,25.0,0,0.0,1,3.6,0,0.0,0,0.0,0,0.0,0,0.0,0,0.0,0,0.0,1,3.4,0,0.0
2024-25,S,30,66431,3030384,Orange,Anaheim Union High,Polaris High,No,No,SE,156,138,88.5,10,7.2,0,0.0,1,0.7,14,10.1,0,0.0,0,0.0,0,0.0,0,0.0,0,0.0,18,11.5,0,0.0
2024-25,S,30,66431,3030384,Orange,Anaheim Union High,Polaris High,No,No,SF,12,8,66.7,0,0.0,0,0.0,0,0.0,1,12.5,0,0.0,0,0.0,0,0.0,0,0.0,0,0.0,4,33.3,0,0.0
2024-25,S,30,66431,3030384,Orange,Anaheim Union High,Polaris High,No,No,SH,99,93,93.9,15,16.1,2,2.2,1,1.1,18,19.4,0,0.0,0,0.0,0,0.0,0,0.0,0,0.0,6,6.1,0,0.0
2024-25,S,30,66431,3030384,Orange,Anaheim Union High,Polaris High,No,No,SM,*,*,*,*,*,*,*,*,*,*,*,*,*,*,*,*,*,*,*,*,*,*,*,*,*
2024-25,S,30,66431,3030384,Orange,Anaheim Union High,Polaris High,No,No,SS,413,383,92.7,80,20.9,15,3.9,11,2.9,27,7.0,1,0.2,0,0.0,0,0.0,0,0.0,0,0.0,29,7.0,0,0.0
2024-25,S,30,66431,3030384,Orange,Anaheim Union High,Polaris High,No,No,TA,432,402,93.1,92,22.9,15,3.7,15,3.7,27,6.7,1,0.2,0,0.0,0,0.0,0,0.0,0,0.0,29,6.7,0,0.0
2024-25,S,30,66431,3030616,Orange,Anaheim Union High,Oxford Academy,No,No,GF,118,116,98.3,115,99.1,106,91.4,105,90.5,0,0.0,2,1.7,0,0.0,0,0.0,0,0.0,0,0.0,0,0.0,0,0.0
2024-25,S,30,66431,3030616,Orange,Anaheim Union High,Oxford Academy,No,No,GM,88,85,96.6,85,100.0,71,83.5,80,94.1,0,0.0,2,2.3,0,0.0,0,0.0,1,1.1,0,0.0,0,0.0,0,0.0
2024-25,S,30,66431,3030616,Orange,Anaheim Union High,Oxford Academy,No,No,RA,127,122,96.1,121,99.2,112,91.8,118,96.7,0,0.0,4,3.1,0,0.0,0,0.0,1,0.8,0,0.0,0,0.0,0,0.0
2024-25,S,30,66431,3030616,Orange,Anaheim Union High,Oxford Academy,No,No,RB,*,*,*,*,*,*,*,*,*,*,*,*,*,*,*,*,*,*,*,*,*,*,*,*,*
2024-25,S,30,66431,3030616,Orange,Anaheim Union High,Oxford Academy,No,No,RD,*,*,*,*,*,*,*,*,*,*,*,*,*,*,*,*,*,*,*,*,*,*,*,*,*
2024-25,S,30,66431,3030616,Orange,Anaheim Union High,Oxford Academy,No,No,RF,15,15,100.0,15,100.0,13,86.7,14,93.3,0,0.0,0,0.0,0,0.0,0,0.0,0,0.0,0,0.0,0,0.0,0,0.0
2024-25,S,30,66431,3030616,Orange,Anaheim Union High,Oxford Academy,No,No,RH,50,50,100.0,50,100.0,44,88.0,39,78.0,0,0.0,0,0.0,0,0.0,0,0.0,0,0.0,0,0.0,0,0.0,0,0.0
2024-25,S,30,66431,3030616,Orange,Anaheim Union High,Oxford Academy,No,No,RI,*,*,*,*,*,*,*,*,*,*,*,*,*,*,*,*,*,*,*,*,*,*,*,*,*
2024-25,S,30,66431,3030616,Orange,Anaheim Union High,Oxford Academy,No,No,RP,*,*,*,*,*,*,*,*,*,*,*,*,*,*,*,*,*,*,*,*,*,*,*,*,*
2024-25,S,30,66431,3030616,Orange,Anaheim Union High,Oxford Academy,No,No,RT,*,*,*,*,*,*,*,*,*,*,*,*,*,*,*,*,*,*,*,*,*,*,*,*,*
2024-25,S,30,66431,3030616,Orange,Anaheim Union High,Oxford Academy,No,No,RW,*,*,*,*,*,*,*,*,*,*,*,*,*,*,*,*,*,*,*,*,*,*,*,*,*
2024-25,S,30,66431,3030616,Orange,Anaheim Union High,Oxford Academy,No,No,SD,*,*,*,*,*,*,*,*,*,*,*,*,*,*,*,*,*,*,*,*,*,*,*,*,*
2024-25,S,30,66431,3030616,Orange,Anaheim Union High,Oxford Academy,No,No,SE,*,*,*,*,*,*,*,*,*,*,*,*,*,*,*,*,*,*,*,*,*,*,*,*,*
2024-25,S,30,66431,3030616,Orange,Anaheim Union High,Oxford Academy,No,No,SF,*,*,*,*,*,*,*,*,*,*,*,*,*,*,*,*,*,*,*,*,*,*,*,*,*
2024-25,S,30,66431,3030616,Orange,Anaheim Union High,Oxford Academy,No,No,SH,*,*,*,*,*,*,*,*,*,*,*,*,*,*,*,*,*,*,*,*,*,*,*,*,*
2024-25,S,30,66431,3030616,Orange,Anaheim Union High,Oxford Academy,No,No,SS,138,137,99.3,136,99.3,115,83.9,126,92.0,0,0.0,1,0.7,0,0.0,0,0.0,0,0.0,0,0.0,0,0.0,0,0.0
2024-25,S,30,66431,3030616,Orange,Anaheim Union High,Oxford Academy,No,No,TA,206,201,97.6,200,99.5,177,88.1,185,92.0,0,0.0,4,1.9,0,0.0,0,0.0,1,0.5,0,0.0,0,0.0,0,0.0
2024-25,S,30,66431,3032786,Orange,Anaheim Union High,Gilbert High (Continuation),No,Yes,GF,132,112,84.8,2,1.8,3,2.7,0,0.0,3,2.7,0,0.0,0,0.0,0,0.0,0,0.0,0,0.0,20,15.2,0,0.0
2024-25,S,30,66431,3032786,Orange,Anaheim Union High,Gilbert High (Continuation),No,Yes,GM,178,139,78.1,1,0.7,2,1.4,0,0.0,6,4.3,0,0.0,0,0.0,0,0.0,0,0.0,1,0.6,38,21.3,0,0.0
2024-25,S,30,66431,3032786,Orange,Anaheim Union High,Gilbert High (Continuation),No,Yes,GX,*,*,*,*,*,*,*,*,*,*,*,*,*,*,*,*,*,*,*,*,*,*,*,*,*
2024-25,S,30,66431,3032786,Orange,Anaheim Union High,Gilbert High (Continuation),No,Yes,RA,*,*,*,*,*,*,*,*,*,*,*,*,*,*,*,*,*,*,*,*,*,*,*,*,*
2024-25,S,30,66431,3032786,Orange,Anaheim Union High,Gilbert High (Continuation),No,Yes,RB,*,*,*,*,*,*,*,*,*,*,*,*,*,*,*,*,*,*,*,*,*,*,*,*,*
2024-25,S,30,66431,3032786,Orange,Anaheim Union High,Gilbert High (Continuation),No,Yes,RD,*,*,*,*,*,*,*,*,*,*,*,*,*,*,*,*,*,*,*,*,*,*,*,*,*
2024-25,S,30,66431,3032786,Orange,Anaheim Union High,Gilbert High (Continuation),No,Yes,RF,*,*,*,*,*,*,*,*,*,*,*,*,*,*,*,*,*,*,*,*,*,*,*,*,*
2024-25,S,30,66431,3032786,Orange,Anaheim Union High,Gilbert High (Continuation),No,Yes,RH,271,220,81.2,3,1.4,6,2.7,0,0.0,8,3.6,0,0.0,0,0.0,0,0.0,0,0.0,1,0.4,50,18.5,0,0.0
2024-25,S,30,66431,3032786,Orange,Anaheim Union High,Gilbert High (Continuation),No,Yes,RI,*,*,*,*,*,*,*,*,*,*,*,*,*,*,*,*,*,*,*,*,*,*,*,*,*
2024-25,S,30,66431,3032786,Orange,Anaheim Union High,Gilbert High (Continuation),No,Yes,RP,*,*,*,*,*,*,*,*,*,*,*,*,*,*,*,*,*,*,*,*,*,*,*,*,*
2024-25,S,30,66431,3032786,Orange,Anaheim Union High,Gilbert High (Continuation),No,Yes,RT,*,*,*,*,*,*,*,*,*,*,*,*,*,*,*,*,*,*,*,*,*,*,*,*,*
2024-25,S,30,66431,3032786,Orange,Anaheim Union High,Gilbert High (Continuation),No,Yes,RW,19,14,73.7,0,0.0,0,0.0,0,0.0,1,7.1,0,0.0,0,0.0,0,0.0,0,0.0,0,0.0,5,26.3,0,0.0
2024-25,S,30,66431,3032786,Orange,Anaheim Union High,Gilbert High (Continuation),No,Yes,SD,91,71,78.0,0,0.0,2,2.8,0,0.0,6,8.5,0,0.0,0,0.0,0,0.0,0,0.0,0,0.0,20,22.0,0,0.0
2024-25,S,30,66431,3032786,Orange,Anaheim Union High,Gilbert High (Continuation),No,Yes,SE,127,103,81.1,0,0.0,0,0.0,0,0.0,4,3.9,0,0.0,0,0.0,0,0.0,0,0.0,1,0.8,23,18.1,0,0.0
2024-25,S,30,66431,3032786,Orange,Anaheim Union High,Gilbert High (Continuation),No,Yes,SF,*,*,*,*,*,*,*,*,*,*,*,*,*,*,*,*,*,*,*,*,*,*,*,*,*
2024-25,S,30,66431,3032786,Orange,Anaheim Union High,Gilbert High (Continuation),No,Yes,SH,81,61,75.3,0,0.0,0,0.0,0,0.0,3,4.9,0,0.0,0,0.0,0,0.0,0,0.0,0,0.0,20,24.7,0,0.0
2024-25,S,30,66431,3032786,Orange,Anaheim Union High,Gilbert High (Continuation),No,Yes,SM,*,*,*,*,*,*,*,*,*,*,*,*,*,*,*,*,*,*,*,*,*,*,*,*,*
2024-25,S,30,66431,3032786,Orange,Anaheim Union High,Gilbert High (Continuation),No,Yes,SS,307,249,81.1,3,1.2,6,2.4,0,0.0,9,3.6,0,0.0,0,0.0,0,0.0,0,0.0,1,0.3,57,18.6,0,0.0
2024-25,S,30,66431,3032786,Orange,Anaheim Union High,Gilbert High (Continuation),No,Yes,TA,312,253,81.1,3,1.2,6,2.4,0,0.0,9,3.6,0,0.0,0,0.0,0,0.0,0,0.0,1,0.3,58,18.6,0,0.0
2024-25,S,30,66431,3033057,Orange,Anaheim Union High,Katella High,No,No,GF,274,265,96.7,178,67.2,77,29.1,52,19.6,4,1.5,0,0.0,0,0.0,1,0.4,0,0.0,1,0.4,7,2.6,0,0.0
2024-25,S,30,66431,3033057,Orange,Anaheim Union High,Katella High,No,No,GM,283,274,96.8,144,52.6,54,19.7,53,19.3,1,0.4,0,0.0,0,0.0,1,0.4,0,0.0,0,0.0,8,2.8,0,0.0
2024-25,S,30,66431,3033057,Orange,Anaheim Union High,Katella High,No,No,RA,17,17,100.0,16,94.1,5,29.4,11,64.7,0,0.0,0,0.0,0,0.0,0,0.0,0,0.0,0,0.0,0,0.0,0,0.0
2024-25,S,30,66431,3033057,Orange,Anaheim Union High,Katella High,No,No,RB,*,*,*,*,*,*,*,*,*,*,*,*,*,*,*,*,*,*,*,*,*,*,*,*,*
2024-25,S,30,66431,3033057,Orange,Anaheim Union High,Katella High,No,No,RD,*,*,*,*,*,*,*,*,*,*,*,*,*,*,*,*,*,*,*,*,*,*,*,*,*
2024-25,S,30,66431,3033057,Orange,Anaheim Union High,Katella High,No,No,RF,*,*,*,*,*,*,*,*,*,*,*,*,*,*,*,*,*,*,*,*,*,*,*,*,*
2024-25,S,30,66431,3033057,Orange,Anaheim Union High,Katella High,No,No,RH,508,491,96.7,285,58.0,123,25.1,82,16.7,5,1.0,0,0.0,0,0.0,2,0.4,0,0.0,1,0.2,14,2.8,0,0.0
2024-25,S,30,66431,3033057,Orange,Anaheim Union High,Katella High,No,No,RI,*,*,*,*,*,*,*,*,*,*,*,*,*,*,*,*,*,*,*,*,*,*,*,*,*
2024-25,S,30,66431,3033057,Orange,Anaheim Union High,Katella High,No,No,RP,*,*,*,*,*,*,*,*,*,*,*,*,*,*,*,*,*,*,*,*,*,*,*,*,*
2024-25,S,30,66431,3033057,Orange,Anaheim Union High,Katella High,No,No,RT,*,*,*,*,*,*,*,*,*,*,*,*,*,*,*,*,*,*,*,*,*,*,*,*,*
2024-25,S,30,66431,3033057,Orange,Anaheim Union High,Katella High,No,No,RW,12,12,100.0,7,58.3,0,0.0,3,25.0,0,0.0,0,0.0,0,0.0,0,0.0,0,0.0,0,0.0,0,0.0,0,0.0
2024-25,S,30,66431,3033057,Orange,Anaheim Union High,Katella High,No,No,SD,73,67,91.8,14,20.9,1,1.5,2,3.0,0,0.0,0,0.0,0,0.0,2,2.7,0,0.0,0,0.0,4,5.5,0,0.0
2024-25,S,30,66431,3033057,Orange,Anaheim Union High,Katella High,No,No,SE,186,173,93.0,65,37.6,14,8.1,5,2.9,5,2.9,0,0.0,0,0.0,1,0.5,0,0.0,0,0.0,12,6.5,0,0.0
2024-25,S,30,66431,3033057,Orange,Anaheim Union High,Katella High,No,No,SF,*,*,*,*,*,*,*,*,*,*,*,*,*,*,*,*,*,*,*,*,*,*,*,*,*
2024-25,S,30,66431,3033057,Orange,Anaheim Union High,Katella High,No,No,SH,76,73,96.1,33,45.2,16,21.9,5,6.8,3,4.1,0,0.0,0,0.0,0,0.0,0,0.0,0,0.0,3,3.9,0,0.0
2024-25,S,30,66431,3033057,Orange,Anaheim Union High,Katella High,No,No,SS,542,525,96.9,311,59.2,126,24.0,96,18.3,5,1.0,0,0.0,0,0.0,2,0.4,0,0.0,1,0.2,14,2.6,0,0.0
2024-25,S,30,66431,3033057,Orange,Anaheim Union High,Katella High,No,No,TA,557,539,96.8,322,59.7,131,24.3,105,19.5,5,0.9,0,0.0,0,0.0,2,0.4,0,0.0,1,0.2,15,2.7,0,0.0
2024-25,S,30,66431,3033115,Orange,Anaheim Union High,John F. Kennedy High,No,No,GF,240,239,99.6,172,72.0,68,28.5,120,50.2,1,0.4,1,0.4,0,0.0,0,0.0,0,0.0,0,0.0,0,0.0,0,0.0
2024-25,S,30,66431,3033115,Orange,Anaheim Union High,John F. Kennedy High,No,No,GM,253,252,99.6,139,55.2,53,21.0,106,42.1,0,0.0,1,0.4,0,0.0,0,0.0,0,0.0,0,0.0,0,0.0,0,0.0
2024-25,S,30,66431,3033115,Orange,Anaheim Union High,John F. Kennedy High,No,No,RA,107,106,99.1,81,76.4,48,45.3,65,61.3,0,0.0,1,0.9,0,0.0,0,0.0,0,0.0,0,0.0,0,0.0,0,0.0
2024-25,S,30,66431,3033115,Orange,Anaheim Union High,John F. Kennedy High,No,No,RB,25,25,100.0,13,52.0,4,16.0,6,24.0,0,0.0,0,0.0,0,0.0,0,0.0,0,0.0,0,0.0,0,0.0,0,0.0
2024-25,S,30,66431,3033115,Orange,Anaheim Union High,John F. Kennedy High,No,No,RD,*,*,*,*,*,*,*,*,*,*,*,*,*,*,*,*,*,*,*,*,*,*,*,*,*
2024-25,S,30,66431,3033115,Orange,Anaheim Union High,John F. Kennedy High,No,No,RF,71,71,100.0,57,80.3,13,18.3,54,76.1,0,0.0,0,0.0,0,0.0,0,0.0,0,0.0,0,0.0,0,0.0,0,0.0
2024-25,S,30,66431,3033115,Orange,Anaheim Union High,John F. Kennedy High,No,No,RH,200,200,100.0,102,51.0,46,23.0,58,29.0,1,0.5,0,0.0,0,0.0,0,0.0,0,0.0,0,0.0,0,0.0,0,0.0
2024-25,S,30,66431,3033115,Orange,Anaheim Union High,John F. Kennedy High,No,No,RI,*,*,*,*,*,*,*,*,*,*,*,*,*,*,*,*,*,*,*,*,*,*,*,*,*
2024-25,S,30,66431,3033115,Orange,Anaheim Union High,John F. Kennedy High,No,No,RP,*,*,*,*,*,*,*,*,*,*,*,*,*,*,*,*,*,*,*,*,*,*,*,*,*
2024-25,S,30,66431,3033115,Orange,Anaheim Union High,John F. Kennedy High,No,No,RT,18,18,100.0,11,61.1,4,22.2,10,55.6,0,0.0,0,0.0,0,0.0,0,0.0,0,0.0,0,0.0,0,0.0,0,0.0
2024-25,S,30,66431,3033115,Orange,Anaheim Union High,John F. Kennedy High,No,No,RW,70,69,98.6,46,66.7,6,8.7,33,47.8,0,0.0,1,1.4,0,0.0,0,0.0,0,0.0,0,0.0,0,0.0,0,0.0
2024-25,S,30,66431,3033115,Orange,Anaheim Union High,John F. Kennedy High,No,No,SD,47,47,100.0,12,25.5,4,8.5,5,10.6,0,0.0,0,0.0,0,0.0,0,0.0,0,0.0,0,0.0,0,0.0,0,0.0
2024-25,S,30,66431,3033115,Orange,Anaheim Union High,John F. Kennedy High,No,No,SE,43,43,100.0,16,37.2,8,18.6,7,16.3,1,2.3,0,0.0,0,0.0,0,0.0,0,0.0,0,0.0,0,0.0,0,0.0
2024-25,S,30,66431,3033115,Orange,Anaheim Union High,John F. Kennedy High,No,No,SF,*,*,*,*,*,*,*,*,*,*,*,*,*,*,*,*,*,*,*,*,*,*,*,*,*
2024-25,S,30,66431,3033115,Orange,Anaheim Union High,John F. Kennedy High,No,No,SH,45,45,100.0,24,53.3,7,15.6,18,40.0,0,0.0,0,0.0,0,0.0,0,0.0,0,0.0,0,0.0,0,0.0,0,0.0
2024-25,S,30,66431,3033115,Orange,Anaheim Union High,John F. Kennedy High,No,No,SS,394,392,99.5,231,58.9,98,25.0,169,43.1,1,0.3,2,0.5,0,0.0,0,0.0,0,0.0,0,0.0,0,0.0,0,0.0
2024-25,S,30,66431,3033115,Orange,Anaheim Union High,John F. Kennedy High,No,No,TA,493,491,99.6,311,63.3,121,24.6,226,46.0,1,0.2,2,0.4,0,0.0,0,0.0,0,0.0,0,0.0,0,0.0,0,0.0
2024-25,S,30,66431,3033784,Orange,Anaheim Union High,Loara High,No,No,GF,178,175,98.3,95,54.3,59,33.7,45,25.7,0,0.0,1,0.6,0,0.0,2,1.1,0,0.0,0,0.0,0,0.0,0,0.0
2024-25,S,30,66431,3033784,Orange,Anaheim Union High,Loara High,No,No,GM,179,172,96.1,63,36.6,27,15.7,28,16.3,1,0.6,0,0.0,0,0.0,6,3.4,0,0.0,0,0.0,1,0.6,0,0.0
2024-25,S,30,66431,3033784,Orange,Anaheim Union High,Loara High,No,No,RA,33,32,97.0,19,59.4,19,59.4,19,59.4,0,0.0,0,0.0,0,0.0,1,3.0,0,0.0,0,0.0,0,0.0,0,0.0
2024-25,S,30,66431,3033784,Orange,Anaheim Union High,Loara High,No,No,RB,*,*,*,*,*,*,*,*,*,*,*,*,*,*,*,*,*,*,*,*,*,*,*,*,*
2024-25,S,30,66431,3033784,Orange,Anaheim Union High,Loara High,No,No,RD,*,*,*,*,*,*,*,*,*,*,*,*,*,*,*,*,*,*,*,*,*,*,*,*,*
2024-25,S,30,66431,3033784,Orange,Anaheim Union High,Loara High,No,No,RF,*,*,*,*,*,*,*,*,*,*,*,*,*,*,*,*,*,*,*,*,*,*,*,*,*
2024-25,S,30,66431,3033784,Orange,Anaheim Union High,Loara High,No,No,RH,294,286,97.3,122,42.7,66,23.1,47,16.4,1,0.3,1,0.3,0,0.0,6,2.0,0,0.0,0,0.0,1,0.3,0,0.0
2024-25,S,30,66431,3033784,Orange,Anaheim Union High,Loara High,No,No,RI,*,*,*,*,*,*,*,*,*,*,*,*,*,*,*,*,*,*,*,*,*,*,*,*,*
2024-25,S,30,66431,3033784,Orange,Anaheim Union High,Loara High,No,No,RP,*,*,*,*,*,*,*,*,*,*,*,*,*,*,*,*,*,*,*,*,*,*,*,*,*
2024-25,S,30,66431,3033784,Orange,Anaheim Union High,Loara High,No,No,RT,*,*,*,*,*,*,*,*,*,*,*,*,*,*,*,*,*,*,*,*,*,*,*,*,*
2024-25,S,30,66431,3033784,Orange,Anaheim Union High,Loara High,No,No,RW,14,14,100.0,7,50.0,0,0.0,2,14.3,0,0.0,0,0.0,0,0.0,0,0.0,0,0.0,0,0.0,0,0.0,0,0.0
2024-25,S,30,66431,3033784,Orange,Anaheim Union High,Loara High,No,No,SD,47,38,80.9,8,21.1,4,10.5,3,7.9,0,0.0,1,2.1,0,0.0,8,17.0,0,0.0,0,0.0,0,0.0,0,0.0
2024-25,S,30,66431,3033784,Orange,Anaheim Union High,Loara High,No,No,SE,122,114,93.4,32,28.1,13,11.4,7,6.1,1,0.9,0,0.0,0,0.0,7,5.7,0,0.0,0,0.0,1,0.8,0,0.0
2024-25,S,30,66431,3033784,Orange,Anaheim Union High,Loara High,No,No,SF,*,*,*,*,*,*,*,*,*,*,*,*,*,*,*,*,*,*,*,*,*,*,*,*,*
2024-25,S,30,66431,3033784,Orange,Anaheim Union High,Loara High,No,No,SH,50,49,98.0,17,34.7,10,20.4,7,14.3,1,2.0,0,0.0,0,0.0,1,2.0,0,0.0,0,0.0,0,0.0,0,0.0
2024-25,S,30,66431,3033784,Orange,Anaheim Union High,Loara High,No,No,SS,348,338,97.1,154,45.6,85,25.1,71,21.0,1,0.3,1,0.3,0,0.0,8,2.3,0,0.0,0,0.0,1,0.3,0,0.0
2024-25,S,30,66431,3033784,Orange,Anaheim Union High,Loara High,No,No,TA,357,347,97.2,158,45.5,86,24.8,73,21.0,1,0.3,1,0.3,0,0.0,8,2.2,0,0.0,0,0.0,1,0.3,0,0.0
2024-25,S,30,66431,3034204,Orange,Anaheim Union High,Magnolia High,No,No,GF,165,155,93.9,107,69.0,50,32.3,43,27.7,0,0.0,0,0.0,0,0.0,3,1.8,0,0.0,0,0.0,7,4.2,0,0.0
2024-25,S,30,66431,3034204,Orange,Anaheim Union High,Magnolia High,No,No,GM,204,190,93.1,100,52.6,36,18.9,34,17.9,0,0.0,0,0.0,0,0.0,6,2.9,0,0.0,0,0.0,8,3.9,0,0.0
2024-25,S,30,66431,3034204,Orange,Anaheim Union High,Magnolia High,No,No,RA,66,64,97.0,53,82.8,20,31.3,31,48.4,0,0.0,0,0.0,0,0.0,1,1.5,0,0.0,0,0.0,1,1.5,0,0.0
2024-25,S,30,66431,3034204,Orange,Anaheim Union High,Magnolia High,No,No,RB,*,*,*,*,*,*,*,*,*,*,*,*,*,*,*,*,*,*,*,*,*,*,*,*,*
2024-25,S,30,66431,3034204,Orange,Anaheim Union High,Magnolia High,No,No,RD,*,*,*,*,*,*,*,*,*,*,*,*,*,*,*,*,*,*,*,*,*,*,*,*,*
2024-25,S,30,66431,3034204,Orange,Anaheim Union High,Magnolia High,No,No,RF,11,7,63.6,3,42.9,3,42.9,3,42.9,0,0.0,0,0.0,0,0.0,1,9.1,0,0.0,0,0.0,3,27.3,0,0.0
2024-25,S,30,66431,3034204,Orange,Anaheim Union High,Magnolia High,No,No,RH,261,245,93.9,140,57.1,60,24.5,38,15.5,0,0.0,0,0.0,0,0.0,7,2.7,0,0.0,0,0.0,9,3.4,0,0.0
2024-25,S,30,66431,3034204,Orange,Anaheim Union High,Magnolia High,No,No,RI,*,*,*,*,*,*,*,*,*,*,*,*,*,*,*,*,*,*,*,*,*,*,*,*,*
2024-25,S,30,66431,3034204,Orange,Anaheim Union High,Magnolia High,No,No,RP,*,*,*,*,*,*,*,*,*,*,*,*,*,*,*,*,*,*,*,*,*,*,*,*,*
2024-25,S,30,66431,3034204,Orange,Anaheim Union High,Magnolia High,No,No,RT,*,*,*,*,*,*,*,*,*,*,*,*,*,*,*,*,*,*,*,*,*,*,*,*,*
2024-25,S,30,66431,3034204,Orange,Anaheim Union High,Magnolia High,No,No,RW,15,13,86.7,9,69.2,1,7.7,4,30.8,0,0.0,0,0.0,0,0.0,0,0.0,0,0.0,0,0.0,2,13.3,0,0.0
2024-25,S,30,66431,3034204,Orange,Anaheim Union High,Magnolia High,No,No,SD,58,44,75.9,12,27.3,4,9.1,3,6.8,0,0.0,0,0.0,0,0.0,9,15.5,0,0.0,0,0.0,5,8.6,0,0.0
2024-25,S,30,66431,3034204,Orange,Anaheim Union High,Magnolia High,No,No,SE,105,89,84.8,37,41.6,6,6.7,6,6.7,0,0.0,0,0.0,0,0.0,7,6.7,0,0.0,0,0.0,9,8.6,0,0.0
2024-25,S,30,66431,3034204,Orange,Anaheim Union High,Magnolia High,No,No,SF,*,*,*,*,*,*,*,*,*,*,*,*,*,*,*,*,*,*,*,*,*,*,*,*,*
2024-25,S,30,66431,3034204,Orange,Anaheim Union High,Magnolia High,No,No,SH,69,66,95.7,32,48.5,17,25.8,12,18.2,0,0.0,0,0.0,0,0.0,0,0.0,0,0.0,0,0.0,3,4.3,0,0.0
2024-25,S,30,66431,3034204,Orange,Anaheim Union High,Magnolia High,No,No,SS,350,331,94.6,197,59.5,85,25.7,74,22.4,0,0.0,0,0.0,0,0.0,8,2.3,0,0.0,0,0.0,11,3.1,0,0.0
2024-25,S,30,66431,3034204,Orange,Anaheim Union High,Magnolia High,No,No,TA,369,345,93.5,207,60.0,86,24.9,77,22.3,0,0.0,0,0.0,0,0.0,9,2.4,0,0.0,0,0.0,15,4.1,0,0.0
2024-25,S,30,66431,3036712,Orange,Anaheim Union High,Savanna High,No,No,GF,188,181,96.3,83,45.9,52,28.7,31,17.1,0,0.0,0,0.0,0,0.0,5,2.7,0,0.0,0,0.0,2,1.1,0,0.0
2024-25,S,30,66431,3036712,Orange,Anaheim Union High,Savanna High,No,No,GM,181,171,94.5,60,35.1,24,14.0,24,14.0,0,0.0,0,0.0,0,0.0,1,0.6,0,0.0,2,1.1,7,3.9,0,0.0
2024-25,S,30,66431,3036712,Orange,Anaheim Union High,Savanna High,No,No,RA,18,15,83.3,10,66.7,5,33.3,7,46.7,0,0.0,0,0.0,0,0.0,1,5.6,0,0.0,0,0.0,2,11.1,0,0.0
2024-25,S,30,66431,3036712,Orange,Anaheim Union High,Savanna High,No,No,RB,*,*,*,*,*,*,*,*,*,*,*,*,*,*,*,*,*,*,*,*,*,*,*,*,*
2024-25,S,30,66431,3036712,Orange,Anaheim Union High,Savanna High,No,No,RD,*,*,*,*,*,*,*,*,*,*,*,*,*,*,*,*,*,*,*,*,*,*,*,*,*
2024-25,S,30,66431,3036712,Orange,Anaheim Union High,Savanna High,No,No,RF,16,16,100.0,9,56.3,4,25.0,5,31.3,0,0.0,0,0.0,0,0.0,0,0.0,0,0.0,0,0.0,0,0.0,0,0.0
2024-25,S,30,66431,3036712,Orange,Anaheim Union High,Savanna High,No,No,RH,299,288,96.3,117,40.6,64,22.2,38,13.2,0,0.0,0,0.0,0,0.0,4,1.3,0,0.0,1,0.3,6,2.0,0,0.0
2024-25,S,30,66431,3036712,Orange,Anaheim Union High,Savanna High,No,No,RI,*,*,*,*,*,*,*,*,*,*,*,*,*,*,*,*,*,*,*,*,*,*,*,*,*
2024-25,S,30,66431,3036712,Orange,Anaheim Union High,Savanna High,No,No,RP,*,*,*,*,*,*,*,*,*,*,*,*,*,*,*,*,*,*,*,*,*,*,*,*,*
2024-25,S,30,66431,3036712,Orange,Anaheim Union High,Savanna High,No,No,RT,*,*,*,*,*,*,*,*,*,*,*,*,*,*,*,*,*,*,*,*,*,*,*,*,*
2024-25,S,30,66431,3036712,Orange,Anaheim Union High,Savanna High,No,No,RW,18,17,94.4,3,17.6,2,11.8,2,11.8,0,0.0,0,0.0,0,0.0,0,0.0,0,0.0,0,0.0,1,5.6,0,0.0
2024-25,S,30,66431,3036712,Orange,Anaheim Union High,Savanna High,No,No,SD,52,45,86.5,7,15.6,1,2.2,4,8.9,0,0.0,0,0.0,0,0.0,6,11.5,0,0.0,0,0.0,1,1.9,0,0.0
2024-25,S,30,66431,3036712,Orange,Anaheim Union High,Savanna High,No,No,SE,112,101,90.2,21,20.8,9,8.9,8,7.9,0,0.0,0,0.0,0,0.0,4,3.6,0,0.0,2,1.8,5,4.5,0,0.0
2024-25,S,30,66431,3036712,Orange,Anaheim Union High,Savanna High,No,No,SF,*,*,*,*,*,*,*,*,*,*,*,*,*,*,*,*,*,*,*,*,*,*,*,*,*
2024-25,S,30,66431,3036712,Orange,Anaheim Union High,Savanna High,No,No,SH,48,46,95.8,16,34.8,9,19.6,5,10.9,0,0.0,0,0.0,0,0.0,0,0.0,0,0.0,0,0.0,2,4.2,0,0.0
2024-25,S,30,66431,3036712,Orange,Anaheim Union High,Savanna High,No,No,SS,348,333,95.7,132,39.6,72,21.6,51,15.3,0,0.0,0,0.0,0,0.0,6,1.7,0,0.0,2,0.6,7,2.0,0,0.0
2024-25,S,30,66431,3036712,Orange,Anaheim Union High,Savanna High,No,No,TA,369,352,95.4,143,40.6,76,21.6,55,15.6,0,0.0,0,0.0,0,0.0,6,1.6,0,0.0,2,0.5,9,2.4,0,0.0
2024-25,S,30,66431,3038239,Orange,Anaheim Union High,Western High,No,No,GF,163,161,98.8,96,59.6,36,22.4,35,21.7,3,1.9,0,0.0,0,0.0,1,0.6,0,0.0,0,0.0,1,0.6,0,0.0
2024-25,S,30,66431,3038239,Orange,Anaheim Union High,Western High,No,No,GM,169,163,96.4,84,51.5,24,14.7,30,18.4,5,3.1,0,0.0,0,0.0,3,1.8,0,0.0,0,0.0,3,1.8,0,0.0
2024-25,S,30,66431,3038239,Orange,Anaheim Union High,Western High,No,No,RA,29,29,100.0,20,69.0,7,24.1,12,41.4,0,0.0,0,0.0,0,0.0,0,0.0,0,0.0,0,0.0,0,0.0,0,0.0
2024-25,S,30,66431,3038239,Orange,Anaheim Union High,Western High,No,No,RB,*,*,*,*,*,*,*,*,*,*,*,*,*,*,*,*,*,*,*,*,*,*,*,*,*
2024-25,S,30,66431,3038239,Orange,Anaheim Union High,Western High,No,No,RD,*,*,*,*,*,*,*,*,*,*,*,*,*,*,*,*,*,*,*,*,*,*,*,*,*
2024-25,S,30,66431,3038239,Orange,Anaheim Union High,Western High,No,No,RF,21,20,95.2,14,70.0,7,35.0,8,40.0,0,0.0,0,0.0,0,0.0,1,4.8,0,0.0,0,0.0,0,0.0,0,0.0
2024-25,S,30,66431,3038239,Orange,Anaheim Union High,Western High,No,No,RH,247,241,97.6,122,50.6,40,16.6,37,15.4,8,3.3,0,0.0,0,0.0,3,1.2,0,0.0,0,0.0,3,1.2,0,0.0
2024-25,S,30,66431,3038239,Orange,Anaheim Union High,Western High,No,No,RI,*,*,*,*,*,*,*,*,*,*,*,*,*,*,*,*,*,*,*,*,*,*,*,*,*
2024-25,S,30,66431,3038239,Orange,Anaheim Union High,Western High,No,No,RP,*,*,*,*,*,*,*,*,*,*,*,*,*,*,*,*,*,*,*,*,*,*,*,*,*
2024-25,S,30,66431,3038239,Orange,Anaheim Union High,Western High,No,No,RT,*,*,*,*,*,*,*,*,*,*,*,*,*,*,*,*,*,*,*,*,*,*,*,*,*
2024-25,S,30,66431,3038239,Orange,Anaheim Union High,Western High,No,No,RW,20,19,95.0,15,78.9,3,15.8,5,26.3,0,0.0,0,0.0,0,0.0,0,0.0,0,0.0,0,0.0,1,5.0,0,0.0
2024-25,S,30,66431,3038239,Orange,Anaheim Union High,Western High,No,No,SD,48,43,89.6,9,20.9,1,2.3,5,11.6,2,4.7,0,0.0,0,0.0,4,8.3,0,0.0,0,0.0,1,2.1,0,0.0
2024-25,S,30,66431,3038239,Orange,Anaheim Union High,Western High,No,No,SE,103,98,95.1,32,32.7,8,8.2,7,7.1,6,6.1,0,0.0,0,0.0,3,2.9,0,0.0,0,0.0,2,1.9,0,0.0
2024-25,S,30,66431,3038239,Orange,Anaheim Union High,Western High,No,No,SF,*,*,*,*,*,*,*,*,*,*,*,*,*,*,*,*,*,*,*,*,*,*,*,*,*
2024-25,S,30,66431,3038239,Orange,Anaheim Union High,Western High,No,No,SH,71,69,97.2,29,42.0,8,11.6,14,20.3,7,10.1,0,0.0,0,0.0,0,0.0,0,0.0,0,0.0,2,2.8,0,0.0
2024-25,S,30,66431,3038239,Orange,Anaheim Union High,Western High,No,No,SS,325,317,97.5,176,55.5,57,18.0,61,19.2,8,2.5,0,0.0,0,0.0,4,1.2,0,0.0,0,0.0,4,1.2,0,0.0
2024-25,S,30,66431,3038239,Orange,Anaheim Union High,Western High,No,No,TA,332,324,97.6,180,55.6,60,18.5,65,20.1,8,2.5,0,0.0,0,0.0,4,1.2,0,0.0,0,0.0,4,1.2,0,0.0
2024-25,S,30,66431,6066815,Orange,Anaheim Union High,Hope,No,Yes,GF,*,*,*,*,*,*,*,*,*,*,*,*,*,*,*,*,*,*,*,*,*,*,*,*,*
2024-25,S,30,66431,6066815,Orange,Anaheim Union High,Hope,No,Yes,GM,18,0,0.0,0,0.0,0,0.0,0,0.0,0,0.0,0,0.0,0,0.0,18,100.0,0,0.0,0,0.0,0,0.0,0,0.0
2024-25,S,30,66431,6066815,Orange,Anaheim Union High,Hope,No,Yes,RA,*,*,*,*,*,*,*,*,*,*,*,*,*,*,*,*,*,*,*,*,*,*,*,*,*
2024-25,S,30,66431,6066815,Orange,Anaheim Union High,Hope,No,Yes,RB,*,*,*,*,*,*,*,*,*,*,*,*,*,*,*,*,*,*,*,*,*,*,*,*,*
2024-25,S,30,66431,6066815,Orange,Anaheim Union High,Hope,No,Yes,RD,*,*,*,*,*,*,*,*,*,*,*,*,*,*,*,*,*,*,*,*,*,*,*,*,*
2024-25,S,30,66431,6066815,Orange,Anaheim Union High,Hope,No,Yes,RF,*,*,*,*,*,*,*,*,*,*,*,*,*,*,*,*,*,*,*,*,*,*,*,*,*
2024-25,S,30,66431,6066815,Orange,Anaheim Union High,Hope,No,Yes,RH,12,0,0.0,0,0.0,0,0.0,0,0.0,0,0.0,0,0.0,0,0.0,12,100.0,0,0.0,0,0.0,0,0.0,0,0.0
2024-25,S,30,66431,6066815,Orange,Anaheim Union High,Hope,No,Yes,RI,*,*,*,*,*,*,*,*,*,*,*,*,*,*,*,*,*,*,*,*,*,*,*,*,*
2024-25,S,30,66431,6066815,Orange,Anaheim Union High,Hope,No,Yes,RP,*,*,*,*,*,*,*,*,*,*,*,*,*,*,*,*,*,*,*,*,*,*,*,*,*
2024-25,S,30,66431,6066815,Orange,Anaheim Union High,Hope,No,Yes,RT,*,*,*,*,*,*,*,*,*,*,*,*,*,*,*,*,*,*,*,*,*,*,*,*,*
2024-25,S,30,66431,6066815,Orange,Anaheim Union High,Hope,No,Yes,RW,*,*,*,*,*,*,*,*,*,*,*,*,*,*,*,*,*,*,*,*,*,*,*,*,*
2024-25,S,30,66431,6066815,Orange,Anaheim Union High,Hope,No,Yes,SD,28,0,0.0,0,0.0,0,0.0,0,0.0,0,0.0,0,0.0,0,0.0,28,100.0,0,0.0,0,0.0,0,0.0,0,0.0
2024-25,S,30,66431,6066815,Orange,Anaheim Union High,Hope,No,Yes,SE,*,*,*,*,*,*,*,*,*,*,*,*,*,*,*,*,*,*,*,*,*,*,*,*,*
2024-25,S,30,66431,6066815,Orange,Anaheim Union High,Hope,No,Yes,SH,*,*,*,*,*,*,*,*,*,*,*,*,*,*,*,*,*,*,*,*,*,*,*,*,*
2024-25,S,30,66431,6066815,Orange,Anaheim Union High,Hope,No,Yes,SS,25,0,0.0,0,0.0,0,0.0,0,0.0,0,0.0,0,0.0,0,0.0,25,100.0,0,0.0,0,0.0,0,0.0,0,0.0
2024-25,S,30,66431,6066815,Orange,Anaheim Union High,Hope,No,Yes,TA,28,0,0.0,0,0.0,0,0.0,0,0.0,0,0.0,0,0.0,0,0.0,28,100.0,0,0.0,0,0.0,0,0.0,0,0.0
2024-25,S,30,66449,3030624,Orange,Brea-Olinda Unified,Brea Canyon High (Continuation),No,Yes,GF,*,*,*,*,*,*,*,*,*,*,*,*,*,*,*,*,*,*,*,*,*,*,*,*,*
2024-25,S,30,66449,3030624,Orange,Brea-Olinda Unified,Brea Canyon High (Continuation),No,Yes,GM,12,10,83.3,0,0.0,0,0.0,0,0.0,0,0.0,0,0.0,0,0.0,0,0.0,0,0.0,1,8.3,1,8.3,0,0.0
2024-25,S,30,66449,3030624,Orange,Brea-Olinda Unified,Brea Canyon High (Continuation),No,Yes,RA,*,*,*,*,*,*,*,*,*,*,*,*,*,*,*,*,*,*,*,*,*,*,*,*,*
2024-25,S,30,66449,3030624,Orange,Brea-Olinda Unified,Brea Canyon High (Continuation),No,Yes,RB,*,*,*,*,*,*,*,*,*,*,*,*,*,*,*,*,*,*,*,*,*,*,*,*,*
2024-25,S,30,66449,3030624,Orange,Brea-Olinda Unified,Brea Canyon High (Continuation),No,Yes,RD,*,*,*,*,*,*,*,*,*,*,*,*,*,*,*,*,*,*,*,*,*,*,*,*,*
2024-25,S,30,66449,3030624,Orange,Brea-Olinda Unified,Brea Canyon High (Continuation),No,Yes,RF,*,*,*,*,*,*,*,*,*,*,*,*,*,*,*,*,*,*,*,*,*,*,*,*,*
2024-25,S,30,66449,3030624,Orange,Brea-Olinda Unified,Brea Canyon High (Continuation),No,Yes,RH,*,*,*,*,*,*,*,*,*,*,*,*,*,*,*,*,*,*,*,*,*,*,*,*,*
2024-25,S,30,66449,3030624,Orange,Brea-Olinda Unified,Brea Canyon High (Continuation),No,Yes,RI,*,*,*,*,*,*,*,*,*,*,*,*,*,*,*,*,*,*,*,*,*,*,*,*,*
2024-25,S,30,66449,3030624,Orange,Brea-Olinda Unified,Brea Canyon High (Continuation),No,Yes,RP,*,*,*,*,*,*,*,*,*,*,*,*,*,*,*,*,*,*,*,*,*,*,*,*,*
2024-25,S,30,66449,3030624,Orange,Brea-Olinda Unified,Brea Canyon High (Continuation),No,Yes,RT,*,*,*,*,*,*,*,*,*,*,*,*,*,*,*,*,*,*,*,*,*,*,*,*,*
2024-25,S,30,66449,3030624,Orange,Brea-Olinda Unified,Brea Canyon High (Continuation),No,Yes,RW,*,*,*,*,*,*,*,*,*,*,*,*,*,*,*,*,*,*,*,*,*,*,*,*,*
2024-25,S,30,66449,3030624,Orange,Brea-Olinda Unified,Brea Canyon High (Continuation),No,Yes,SD,*,*,*,*,*,*,*,*,*,*,*,*,*,*,*,*,*,*,*,*,*,*,*,*,*
2024-25,S,30,66449,3030624,Orange,Brea-Olinda Unified,Brea Canyon High (Continuation),No,Yes,SE,*,*,*,*,*,*,*,*,*,*,*,*,*,*,*,*,*,*,*,*,*,*,*,*,*
2024-25,S,30,66449,3030624,Orange,Brea-Olinda Unified,Brea Canyon High (Continuation),No,Yes,SH,*,*,*,*,*,*,*,*,*,*,*,*,*,*,*,*,*,*,*,*,*,*,*,*,*
2024-25,S,30,66449,3030624,Orange,Brea-Olinda Unified,Brea Canyon High (Continuation),No,Yes,SS,15,13,86.7,0,0.0,0,0.0,0,0.0,0,0.0,0,0.0,0,0.0,0,0.0,0,0.0,1,6.7,1,6.7,0,0.0
2024-25,S,30,66449,3030624,Orange,Brea-Olinda Unified,Brea Canyon High (Continuation),No,Yes,TA,19,16,84.2,0,0.0,0,0.0,0,0.0,0,0.0,0,0.0,0,0.0,0,0.0,0,0.0,1,5.3,2,10.5,0,0.0
2024-25,S,30,66449,3030640,Orange,Brea-Olinda Unified,Brea Olinda High,No,No,GF,204,194,95.1,126,64.9,48,24.7,98,50.5,1,0.5,0,0.0,0,0.0,3,1.5,0,0.0,0,0.0,7,3.4,0,0.0
2024-25,S,30,66449,3030640,Orange,Brea-Olinda Unified,Brea Olinda High,No,No,GM,246,230,93.5,134,58.3,46,20.0,98,42.6,0,0.0,0,0.0,0,0.0,4,1.6,0,0.0,0,0.0,12,4.9,0,0.0
2024-25,S,30,66449,3030640,Orange,Brea-Olinda Unified,Brea Olinda High,No,No,RA,131,125,95.4,100,80.0,61,48.8,87,69.6,0,0.0,0,0.0,0,0.0,0,0.0,0,0.0,0,0.0,6,4.6,0,0.0
2024-25,S,30,66449,3030640,Orange,Brea-Olinda Unified,Brea Olinda High,No,No,RB,*,*,*,*,*,*,*,*,*,*,*,*,*,*,*,*,*,*,*,*,*,*,*,*,*
2024-25,S,30,66449,3030640,Orange,Brea-Olinda Unified,Brea Olinda High,No,No,RD,*,*,*,*,*,*,*,*,*,*,*,*,*,*,*,*,*,*,*,*,*,*,*,*,*
2024-25,S,30,66449,3030640,Orange,Brea-Olinda Unified,Brea Olinda High,No,No,RF,18,18,100.0,15,83.3,0,0.0,10,55.6,0,0.0,0,0.0,0,0.0,0,0.0,0,0.0,0,0.0,0,0.0,0,0.0
2024-25,S,30,66449,3030640,Orange,Brea-Olinda Unified,Brea Olinda High,No,No,RH,167,155,92.8,73,47.1,21,13.5,41,26.5,0,0.0,0,0.0,0,0.0,5,3.0,0,0.0,0,0.0,7,4.2,0,0.0
2024-25,S,30,66449,3030640,Orange,Brea-Olinda Unified,Brea Olinda High,No,No,RI,*,*,*,*,*,*,*,*,*,*,*,*,*,*,*,*,*,*,*,*,*,*,*,*,*
2024-25,S,30,66449,3030640,Orange,Brea-Olinda Unified,Brea Olinda High,No,No,RP,*,*,*,*,*,*,*,*,*,*,*,*,*,*,*,*,*,*,*,*,*,*,*,*,*
2024-25,S,30,66449,3030640,Orange,Brea-Olinda Unified,Brea Olinda High,No,No,RT,20,20,100.0,10,50.0,5,25.0,11,55.0,0,0.0,0,0.0,0,0.0,0,0.0,0,0.0,0,0.0,0,0.0,0,0.0
2024-25,S,30,66449,3030640,Orange,Brea-Olinda Unified,Brea Olinda High,No,No,RW,107,100,93.5,58,58.0,6,6.0,45,45.0,1,1.0,0,0.0,0,0.0,2,1.9,0,0.0,0,0.0,5,4.7,0,0.0
2024-25,S,30,66449,3030640,Orange,Brea-Olinda Unified,Brea Olinda High,No,No,SD,56,47,83.9,11,23.4,1,2.1,7,14.9,0,0.0,0,0.0,0,0.0,7,12.5,0,0.0,0,0.0,2,3.6,0,0.0
2024-25,S,30,66449,3030640,Orange,Brea-Olinda Unified,Brea Olinda High,No,No,SE,22,19,86.4,5,26.3,3,15.8,1,5.3,0,0.0,0,0.0,0,0.0,0,0.0,0,0.0,0,0.0,3,13.6,0,0.0
2024-25,S,30,66449,3030640,Orange,Brea-Olinda Unified,Brea Olinda High,No,No,SF,*,*,*,*,*,*,*,*,*,*,*,*,*,*,*,*,*,*,*,*,*,*,*,*,*
2024-25,S,30,66449,3030640,Orange,Brea-Olinda Unified,Brea Olinda High,No,No,SH,15,12,80.0,5,41.7,1,8.3,5,41.7,0,0.0,0,0.0,0,0.0,1,6.7,0,0.0,0,0.0,2,13.3,0,0.0
2024-25,S,30,66449,3030640,Orange,Brea-Olinda Unified,Brea Olinda High,No,No,SS,252,236,93.7,126,53.4,45,19.1,88,37.3,0,0.0,0,0.0,0,0.0,5,2.0,0,0.0,0,0.0,11,4.4,0,0.0
2024-25,S,30,66449,3030640,Orange,Brea-Olinda Unified,Brea Olinda High,No,No,TA,450,424,94.2,260,61.3,94,22.2,196,46.2,1,0.2,0,0.0,0,0.0,7,1.6,0,0.0,0,0.0,19,4.2,0,0.0
2024-25,S,30,66464,1,Orange,Capistrano Unified,"Nonpublic, Nonsectarian Schools",No,No,GF,*,*,*,*,*,*,*,*,*,*,*,*,*,*,*,*,*,*,*,*,*,*,*,*,*
2024-25,S,30,66464,1,Orange,Capistrano Unified,"Nonpublic, Nonsectarian Schools",No,No,GM,*,*,*,*,*,*,*,*,*,*,*,*,*,*,*,*,*,*,*,*,*,*,*,*,*
2024-25,S,30,66464,1,Orange,Capistrano Unified,"Nonpublic, Nonsectarian Schools",No,No,RA,*,*,*,*,*,*,*,*,*,*,*,*,*,*,*,*,*,*,*,*,*,*,*,*,*
2024-25,S,30,66464,1,Orange,Capistrano Unified,"Nonpublic, Nonsectarian Schools",No,No,RB,*,*,*,*,*,*,*,*,*,*,*,*,*,*,*,*,*,*,*,*,*,*,*,*,*
2024-25,S,30,66464,1,Orange,Capistrano Unified,"Nonpublic, Nonsectarian Schools",No,No,RD,*,*,*,*,*,*,*,*,*,*,*,*,*,*,*,*,*,*,*,*,*,*,*,*,*
2024-25,S,30,66464,1,Orange,Capistrano Unified,"Nonpublic, Nonsectarian Schools",No,No,RF,*,*,*,*,*,*,*,*,*,*,*,*,*,*,*,*,*,*,*,*,*,*,*,*,*
2024-25,S,30,66464,1,Orange,Capistrano Unified,"Nonpublic, Nonsectarian Schools",No,No,RH,*,*,*,*,*,*,*,*,*,*,*,*,*,*,*,*,*,*,*,*,*,*,*,*,*
2024-25,S,30,66464,1,Orange,Capistrano Unified,"Nonpublic, Nonsectarian Schools",No,No,RI,*,*,*,*,*,*,*,*,*,*,*,*,*,*,*,*,*,*,*,*,*,*,*,*,*
2024-25,S,30,66464,1,Orange,Capistrano Unified,"Nonpublic, Nonsectarian Schools",No,No,RP,*,*,*,*,*,*,*,*,*,*,*,*,*,*,*,*,*,*,*,*,*,*,*,*,*
2024-25,S,30,66464,1,Orange,Capistrano Unified,"Nonpublic, Nonsectarian Schools",No,No,RT,*,*,*,*,*,*,*,*,*,*,*,*,*,*,*,*,*,*,*,*,*,*,*,*,*
2024-25,S,30,66464,1,Orange,Capistrano Unified,"Nonpublic, Nonsectarian Schools",No,No,RW,*,*,*,*,*,*,*,*,*,*,*,*,*,*,*,*,*,*,*,*,*,*,*,*,*
2024-25,S,30,66464,1,Orange,Capistrano Unified,"Nonpublic, Nonsectarian Schools",No,No,SD,*,*,*,*,*,*,*,*,*,*,*,*,*,*,*,*,*,*,*,*,*,*,*,*,*
2024-25,S,30,66464,1,Orange,Capistrano Unified,"Nonpublic, Nonsectarian Schools",No,No,SE,*,*,*,*,*,*,*,*,*,*,*,*,*,*,*,*,*,*,*,*,*,*,*,*,*
2024-25,S,30,66464,1,Orange,Capistrano Unified,"Nonpublic, Nonsectarian Schools",No,No,SS,*,*,*,*,*,*,*,*,*,*,*,*,*,*,*,*,*,*,*,*,*,*,*,*,*
2024-25,S,30,66464,1,Orange,Capistrano Unified,"Nonpublic, Nonsectarian Schools",No,No,TA,*,*,*,*,*,*,*,*,*,*,*,*,*,*,*,*,*,*,*,*,*,*,*,*,*
2024-25,S,30,66464,106765,Orange,Capistrano Unified,California Online Public Schools Southern California,Yes,No,GF,392,326,83.2,119,36.5,18,5.5,0,0.0,0,0.0,1,0.3,0,0.0,1,0.3,1,0.3,0,0.0,63,16.1,0,0.0
2024-25,S,30,66464,106765,Orange,Capistrano Unified,California Online Public Schools Southern California,Yes,No,GM,383,288,75.2,83,28.8,15,5.2,0,0.0,0,0.0,0,0.0,0,0.0,1,0.3,1,0.3,1,0.3,92,24.0,0,0.0
2024-25,S,30,66464,106765,Orange,Capistrano Unified,California Online Public Schools Southern California,Yes,No,GX,13,7,53.8,0,0.0,0,0.0,0,0.0,0,0.0,0,0.0,0,0.0,0,0.0,0,0.0,0,0.0,6,46.2,0,0.0
2024-25,S,30,66464,106765,Orange,Capistrano Unified,California Online Public Schools Southern California,Yes,No,RA,33,26,78.8,13,50.0,1,3.8,0,0.0,0,0.0,0,0.0,0,0.0,0,0.0,0,0.0,0,0.0,7,21.2,0,0.0
2024-25,S,30,66464,106765,Orange,Capistrano Unified,California Online Public Schools Southern California,Yes,No,RB,59,48,81.4,17,35.4,3,6.3,0,0.0,0,0.0,0,0.0,0,0.0,0,0.0,0,0.0,1,1.7,10,16.9,0,0.0
2024-25,S,30,66464,106765,Orange,Capistrano Unified,California Online Public Schools Southern California,Yes,No,RD,*,*,*,*,*,*,*,*,*,*,*,*,*,*,*,*,*,*,*,*,*,*,*,*,*
2024-25,S,30,66464,106765,Orange,Capistrano Unified,California Online Public Schools Southern California,Yes,No,RF,*,*,*,*,*,*,*,*,*,*,*,*,*,*,*,*,*,*,*,*,*,*,*,*,*
2024-25,S,30,66464,106765,Orange,Capistrano Unified,California Online Public Schools Southern California,Yes,No,RH,279,213,76.3,71,33.3,18,8.5,0,0.0,0,0.0,0,0.0,0,0.0,0,0.0,0,0.0,0,0.0,66,23.7,0,0.0
2024-25,S,30,66464,106765,Orange,Capistrano Unified,California Online Public Schools Southern California,Yes,No,RI,*,*,*,*,*,*,*,*,*,*,*,*,*,*,*,*,*,*,*,*,*,*,*,*,*
2024-25,S,30,66464,106765,Orange,Capistrano Unified,California Online Public Schools Southern California,Yes,No,RP,*,*,*,*,*,*,*,*,*,*,*,*,*,*,*,*,*,*,*,*,*,*,*,*,*
2024-25,S,30,66464,106765,Orange,Capistrano Unified,California Online Public Schools Southern California,Yes,No,RT,88,64,72.7,23,35.9,3,4.7,0,0.0,0,0.0,0,0.0,0,0.0,0,0.0,0,0.0,0,0.0,24,27.3,0,0.0
2024-25,S,30,66464,106765,Orange,Capistrano Unified,California Online Public Schools Southern California,Yes,No,RW,315,257,81.6,73,28.4,7,2.7,0,0.0,0,0.0,1,0.3,0,0.0,2,0.6,2,0.6,0,0.0,53,16.8,0,0.0
2024-25,S,30,66464,106765,Orange,Capistrano Unified,California Online Public Schools Southern California,Yes,No,SD,144,92,63.9,11,12.0,0,0.0,0,0.0,0,0.0,0,0.0,0,0.0,2,1.4,0,0.0,0,0.0,50,34.7,0,0.0
2024-25,S,30,66464,106765,Orange,Capistrano Unified,California Online Public Schools Southern California,Yes,No,SE,51,40,78.4,6,15.0,1,2.5,0,0.0,0,0.0,0,0.0,0,0.0,0,0.0,0,0.0,0,0.0,11,21.6,0,0.0
2024-25,S,30,66464,106765,Orange,Capistrano Unified,California Online Public Schools Southern California,Yes,No,SF,*,*,*,*,*,*,*,*,*,*,*,*,*,*,*,*,*,*,*,*,*,*,*,*,*
2024-25,S,30,66464,106765,Orange,Capistrano Unified,California Online Public Schools Southern California,Yes,No,SH,52,37,71.2,9,24.3,0,0.0,0,0.0,0,0.0,0,0.0,0,0.0,1,1.9,0,0.0,0,0.0,14,26.9,0,0.0
2024-25,S,30,66464,106765,Orange,Capistrano Unified,California Online Public Schools Southern California,Yes,No,SM,*,*,*,*,*,*,*,*,*,*,*,*,*,*,*,*,*,*,*,*,*,*,*,*,*
2024-25,S,30,66464,106765,Orange,Capistrano Unified,California Online Public Schools Southern California,Yes,No,SS,513,391,76.2,101,25.8,16,4.1,0,0.0,0,0.0,1,0.2,0,0.0,1,0.2,1,0.2,1,0.2,118,23.0,0,0.0
2024-25,S,30,66464,106765,Orange,Capistrano Unified,California Online Public Schools Southern California,Yes,No,TA,788,621,78.8,202,32.5,33,5.3,0,0.0,0,0.0,1,0.1,0,0.0,2,0.3,2,0.3,1,0.1,161,20.4,0,0.0
2024-25,S,30,66464,113381,Orange,Capistrano Unified,San Juan Hills High,No,No,GF,322,310,96.3,247,79.7,91,29.4,167,53.9,0,0.0,1,0.3,0,0.0,4,1.2,0,0.0,0,0.0,7,2.2,0,0.0
2024-25,S,30,66464,113381,Orange,Capistrano Unified,San Juan Hills High,No,No,GM,369,355,96.2,245,69.0,74,20.8,176,49.6,0,0.0,1,0.3,0,0.0,7,1.9,2,0.5,0,0.0,4,1.1,0,0.0
2024-25,S,30,66464,113381,Orange,Capistrano Unified,San Juan Hills High,No,No,GX,*,*,*,*,*,*,*,*,*,*,*,*,*,*,*,*,*,*,*,*,*,*,*,*,*
2024-25,S,30,66464,113381,Orange,Capistrano Unified,San Juan Hills High,No,No,RA,32,31,96.9,31,100.0,10,32.3,27,87.1,0,0.0,0,0.0,0,0.0,1,3.1,0,0.0,0,0.0,0,0.0,0,0.0
2024-25,S,30,66464,113381,Orange,Capistrano Unified,San Juan Hills High,No,No,RB,*,*,*,*,*,*,*,*,*,*,*,*,*,*,*,*,*,*,*,*,*,*,*,*,*
2024-25,S,30,66464,113381,Orange,Capistrano Unified,San Juan Hills High,No,No,RD,18,16,88.9,13,81.3,2,12.5,8,50.0,0,0.0,0,0.0,0,0.0,1,5.6,0,0.0,0,0.0,1,5.6,0,0.0
2024-25,S,30,66464,113381,Orange,Capistrano Unified,San Juan Hills High,No,No,RF,*,*,*,*,*,*,*,*,*,*,*,*,*,*,*,*,*,*,*,*,*,*,*,*,*
2024-25,S,30,66464,113381,Orange,Capistrano Unified,San Juan Hills High,No,No,RH,229,220,96.1,115,52.3,88,40.0,62,28.2,0,0.0,1,0.4,0,0.0,6,2.6,0,0.0,0,0.0,2,0.9,0,0.0
2024-25,S,30,66464,113381,Orange,Capistrano Unified,San Juan Hills High,No,No,RI,*,*,*,*,*,*,*,*,*,*,*,*,*,*,*,*,*,*,*,*,*,*,*,*,*
2024-25,S,30,66464,113381,Orange,Capistrano Unified,San Juan Hills High,No,No,RP,*,*,*,*,*,*,*,*,*,*,*,*,*,*,*,*,*,*,*,*,*,*,*,*,*
2024-25,S,30,66464,113381,Orange,Capistrano Unified,San Juan Hills High,No,No,RT,52,51,98.1,44,86.3,9,17.6,34,66.7,0,0.0,0,0.0,0,0.0,1,1.9,0,0.0,0,0.0,0,0.0,0,0.0
2024-25,S,30,66464,113381,Orange,Capistrano Unified,San Juan Hills High,No,No,RW,352,340,96.6,283,83.2,54,15.9,210,61.8,0,0.0,1,0.3,0,0.0,2,0.6,2,0.6,0,0.0,7,2.0,0,0.0
2024-25,S,30,66464,113381,Orange,Capistrano Unified,San Juan Hills High,No,No,SD,79,67,84.8,25,37.3,1,1.5,15,22.4,0,0.0,0,0.0,0,0.0,11,13.9,0,0.0,0,0.0,1,1.3,0,0.0
2024-25,S,30,66464,113381,Orange,Capistrano Unified,San Juan Hills High,No,No,SE,64,61,95.3,15,24.6,14,23.0,4,6.6,0,0.0,0,0.0,0,0.0,1,1.6,0,0.0,0,0.0,2,3.1,0,0.0
2024-25,S,30,66464,113381,Orange,Capistrano Unified,San Juan Hills High,No,No,SF,*,*,*,*,*,*,*,*,*,*,*,*,*,*,*,*,*,*,*,*,*,*,*,*,*
2024-25,S,30,66464,113381,Orange,Capistrano Unified,San Juan Hills High,No,No,SH,109,105,96.3,35,33.3,36,34.3,12,11.4,0,0.0,0,0.0,0,0.0,2,1.8,0,0.0,0,0.0,2,1.8,0,0.0
2024-25,S,30,66464,113381,Orange,Capistrano Unified,San Juan Hills High,No,No,SS,308,297,96.4,171,57.6,89,30.0,104,35.0,0,0.0,1,0.3,0,0.0,7,2.3,0,0.0,0,0.0,3,1.0,0,0.0
2024-25,S,30,66464,113381,Orange,Capistrano Unified,San Juan Hills High,No,No,TA,693,667,96.2,493,73.9,165,24.7,344,51.6,0,0.0,2,0.3,0,0.0,11,1.6,2,0.3,0,0.0,11,1.6,0,0.0
2024-25,S,30,66464,124131,Orange,Capistrano Unified,California Preparatory Academy,No,No,GF,42,40,95.2,25,62.5,6,15.0,17,42.5,0,0.0,0,0.0,0,0.0,0,0.0,0,0.0,0,0.0,2,4.8,0,0.0
2024-25,S,30,66464,124131,Orange,Capistrano Unified,California Preparatory Academy,No,No,GM,29,28,96.6,13,46.4,1,3.6,11,39.3,0,0.0,0,0.0,0,0.0,0,0.0,0,0.0,0,0.0,1,3.4,0,0.0
2024-25,S,30,66464,124131,Orange,Capistrano Unified,California Preparatory Academy,No,No,RA,*,*,*,*,*,*,*,*,*,*,*,*,*,*,*,*,*,*,*,*,*,*,*,*,*
2024-25,S,30,66464,124131,Orange,Capistrano Unified,California Preparatory Academy,No,No,RB,*,*,*,*,*,*,*,*,*,*,*,*,*,*,*,*,*,*,*,*,*,*,*,*,*
2024-25,S,30,66464,124131,Orange,Capistrano Unified,California Preparatory Academy,No,No,RD,*,*,*,*,*,*,*,*,*,*,*,*,*,*,*,*,*,*,*,*,*,*,*,*,*
2024-25,S,30,66464,124131,Orange,Capistrano Unified,California Preparatory Academy,No,No,RF,*,*,*,*,*,*,*,*,*,*,*,*,*,*,*,*,*,*,*,*,*,*,*,*,*
2024-25,S,30,66464,124131,Orange,Capistrano Unified,California Preparatory Academy,No,No,RH,*,*,*,*,*,*,*,*,*,*,*,*,*,*,*,*,*,*,*,*,*,*,*,*,*
2024-25,S,30,66464,124131,Orange,Capistrano Unified,California Preparatory Academy,No,No,RI,*,*,*,*,*,*,*,*,*,*,*,*,*,*,*,*,*,*,*,*,*,*,*,*,*
2024-25,S,30,66464,124131,Orange,Capistrano Unified,California Preparatory Academy,No,No,RP,*,*,*,*,*,*,*,*,*,*,*,*,*,*,*,*,*,*,*,*,*,*,*,*,*
2024-25,S,30,66464,124131,Orange,Capistrano Unified,California Preparatory Academy,No,No,RT,*,*,*,*,*,*,*,*,*,*,*,*,*,*,*,*,*,*,*,*,*,*,*,*,*
2024-25,S,30,66464,124131,Orange,Capistrano Unified,California Preparatory Academy,No,No,RW,49,46,93.9,27,58.7,3,6.5,17,37.0,0,0.0,0,0.0,0,0.0,0,0.0,0,0.0,0,0.0,3,6.1,0,0.0
2024-25,S,30,66464,124131,Orange,Capistrano Unified,California Preparatory Academy,No,No,SD,*,*,*,*,*,*,*,*,*,*,*,*,*,*,*,*,*,*,*,*,*,*,*,*,*
2024-25,S,30,66464,124131,Orange,Capistrano Unified,California Preparatory Academy,No,No,SE,*,*,*,*,*,*,*,*,*,*,*,*,*,*,*,*,*,*,*,*,*,*,*,*,*
2024-25,S,30,66464,124131,Orange,Capistrano Unified,California Preparatory Academy,No,No,SS,24,23,95.8,8,34.8,4,17.4,8,34.8,0,0.0,0,0.0,0,0.0,0,0.0,0,0.0,0,0.0,1,4.2,0,0.0
2024-25,S,30,66464,124131,Orange,Capistrano Unified,California Preparatory Academy,No,No,TA,71,68,95.8,38,55.9,7,10.3,28,41.2,0,0.0,0,0.0,0,0.0,0,0.0,0,0.0,0,0.0,3,4.2,0,0.0
2024-25,S,30,66464,140061,Orange,Capistrano Unified,OCASA College Prep,Yes,No,GF,*,*,*,*,*,*,*,*,*,*,*,*,*,*,*,*,*,*,*,*,*,*,*,*,*
2024-25,S,30,66464,140061,Orange,Capistrano Unified,OCASA College Prep,Yes,No,GM,*,*,*,*,*,*,*,*,*,*,*,*,*,*,*,*,*,*,*,*,*,*,*,*,*
2024-25,S,30,66464,140061,Orange,Capistrano Unified,OCASA College Prep,Yes,No,RA,*,*,*,*,*,*,*,*,*,*,*,*,*,*,*,*,*,*,*,*,*,*,*,*,*
2024-25,S,30,66464,140061,Orange,Capistrano Unified,OCASA College Prep,Yes,No,RB,*,*,*,*,*,*,*,*,*,*,*,*,*,*,*,*,*,*,*,*,*,*,*,*,*
2024-25,S,30,66464,140061,Orange,Capistrano Unified,OCASA College Prep,Yes,No,RD,*,*,*,*,*,*,*,*,*,*,*,*,*,*,*,*,*,*,*,*,*,*,*,*,*
2024-25,S,30,66464,140061,Orange,Capistrano Unified,OCASA College Prep,Yes,No,RF,*,*,*,*,*,*,*,*,*,*,*,*,*,*,*,*,*,*,*,*,*,*,*,*,*
2024-25,S,30,66464,140061,Orange,Capistrano Unified,OCASA College Prep,Yes,No,RH,*,*,*,*,*,*,*,*,*,*,*,*,*,*,*,*,*,*,*,*,*,*,*,*,*
2024-25,S,30,66464,140061,Orange,Capistrano Unified,OCASA College Prep,Yes,No,RI,*,*,*,*,*,*,*,*,*,*,*,*,*,*,*,*,*,*,*,*,*,*,*,*,*
2024-25,S,30,66464,140061,Orange,Capistrano Unified,OCASA College Prep,Yes,No,RP,*,*,*,*,*,*,*,*,*,*,*,*,*,*,*,*,*,*,*,*,*,*,*,*,*
2024-25,S,30,66464,140061,Orange,Capistrano Unified,OCASA College Prep,Yes,No,RT,*,*,*,*,*,*,*,*,*,*,*,*,*,*,*,*,*,*,*,*,*,*,*,*,*
2024-25,S,30,66464,140061,Orange,Capistrano Unified,OCASA College Prep,Yes,No,RW,*,*,*,*,*,*,*,*,*,*,*,*,*,*,*,*,*,*,*,*,*,*,*,*,*
2024-25,S,30,66464,140061,Orange,Capistrano Unified,OCASA College Prep,Yes,No,SD,*,*,*,*,*,*,*,*,*,*,*,*,*,*,*,*,*,*,*,*,*,*,*,*,*
2024-25,S,30,66464,140061,Orange,Capistrano Unified,OCASA College Prep,Yes,No,SE,*,*,*,*,*,*,*,*,*,*,*,*,*,*,*,*,*,*,*,*,*,*,*,*,*
2024-25,S,30,66464,140061,Orange,Capistrano Unified,OCASA College Prep,Yes,No,SS,*,*,*,*,*,*,*,*,*,*,*,*,*,*,*,*,*,*,*,*,*,*,*,*,*
2024-25,S,30,66464,140061,Orange,Capistrano Unified,OCASA College Prep,Yes,No,TA,*,*,*,*,*,*,*,*,*,*,*,*,*,*,*,*,*,*,*,*,*,*,*,*,*
2024-25,S,30,66464,3030210,Orange,Capistrano Unified,Capistrano Valley High,No,No,GF,205,197,96.1,135,68.5,52,26.4,98,49.7,0,0.0,0,0.0,0,0.0,0,0.0,0,0.0,0,0.0,6,2.9,2,1.0
2024-25,S,30,66464,3030210,Orange,Capistrano Unified,Capistrano Valley High,No,No,GM,280,268,95.7,153,57.1,53,19.8,112,41.8,0,0.0,0,0.0,0,0.0,0,0.0,1,0.4,0,0.0,6,2.1,5,1.8
2024-25,S,30,66464,3030210,Orange,Capistrano Unified,Capistrano Valley High,No,No,GX,*,*,*,*,*,*,*,*,*,*,*,*,*,*,*,*,*,*,*,*,*,*,*,*,*
2024-25,S,30,66464,3030210,Orange,Capistrano Unified,Capistrano Valley High,No,No,RA,35,34,97.1,30,88.2,19,55.9,29,85.3,0,0.0,0,0.0,0,0.0,0,0.0,0,0.0,0,0.0,1,2.9,0,0.0
2024-25,S,30,66464,3030210,Orange,Capistrano Unified,Capistrano Valley High,No,No,RB,*,*,*,*,*,*,*,*,*,*,*,*,*,*,*,*,*,*,*,*,*,*,*,*,*
2024-25,S,30,66464,3030210,Orange,Capistrano Unified,Capistrano Valley High,No,No,RD,14,13,92.9,8,61.5,1,7.7,5,38.5,0,0.0,0,0.0,0,0.0,0,0.0,0,0.0,0,0.0,0,0.0,1,7.1
2024-25,S,30,66464,3030210,Orange,Capistrano Unified,Capistrano Valley High,No,No,RF,*,*,*,*,*,*,*,*,*,*,*,*,*,*,*,*,*,*,*,*,*,*,*,*,*
2024-25,S,30,66464,3030210,Orange,Capistrano Unified,Capistrano Valley High,No,No,RH,164,158,96.3,57,36.1,39,24.7,33,20.9,0,0.0,0,0.0,0,0.0,0,0.0,0,0.0,0,0.0,4,2.4,2,1.2
2024-25,S,30,66464,3030210,Orange,Capistrano Unified,Capistrano Valley High,No,No,RI,*,*,*,*,*,*,*,*,*,*,*,*,*,*,*,*,*,*,*,*,*,*,*,*,*
2024-25,S,30,66464,3030210,Orange,Capistrano Unified,Capistrano Valley High,No,No,RP,*,*,*,*,*,*,*,*,*,*,*,*,*,*,*,*,*,*,*,*,*,*,*,*,*
2024-25,S,30,66464,3030210,Orange,Capistrano Unified,Capistrano Valley High,No,No,RT,44,42,95.5,32,76.2,8,19.0,23,54.8,0,0.0,0,0.0,0,0.0,0,0.0,0,0.0,0,0.0,1,2.3,1,2.3
2024-25,S,30,66464,3030210,Orange,Capistrano Unified,Capistrano Valley High,No,No,RW,218,208,95.4,155,74.5,33,15.9,115,55.3,0,0.0,0,0.0,0,0.0,0,0.0,1,0.5,0,0.0,6,2.8,3,1.4
2024-25,S,30,66464,3030210,Orange,Capistrano Unified,Capistrano Valley High,No,No,SD,64,55,85.9,11,20.0,1,1.8,6,10.9,0,0.0,0,0.0,0,0.0,0,0.0,1,1.6,0,0.0,1,1.6,7,10.9
2024-25,S,30,66464,3030210,Orange,Capistrano Unified,Capistrano Valley High,No,No,SE,47,42,89.4,8,19.0,7,16.7,5,11.9,0,0.0,0,0.0,0,0.0,0,0.0,0,0.0,0,0.0,4,8.5,1,2.1
2024-25,S,30,66464,3030210,Orange,Capistrano Unified,Capistrano Valley High,No,No,SH,87,82,94.3,23,28.0,19,23.2,11,13.4,0,0.0,0,0.0,0,0.0,0,0.0,0,0.0,0,0.0,3,3.4,2,2.3
2024-25,S,30,66464,3030210,Orange,Capistrano Unified,Capistrano Valley High,No,No,SS,264,251,95.1,117,46.6,52,20.7,82,32.7,0,0.0,0,0.0,0,0.0,0,0.0,0,0.0,0,0.0,7,2.7,6,2.3
2024-25,S,30,66464,3030210,Orange,Capistrano Unified,Capistrano Valley High,No,No,TA,486,466,95.9,289,62.0,105,22.5,211,45.3,0,0.0,0,0.0,0,0.0,0,0.0,1,0.2,0,0.0,12,2.5,7,1.4
2024-25,S,30,66464,3030574,Orange,Capistrano Unified,Aliso Niguel High,No,No,GF,323,317,98.1,214,67.5,82,25.9,165,52.1,0,0.0,0,0.0,0,0.0,0,0.0,2,0.6,0,0.0,3,0.9,1,0.3
2024-25,S,30,66464,3030574,Orange,Capistrano Unified,Aliso Niguel High,No,No,GM,328,310,94.5,195,62.9,62,20.0,139,44.8,0,0.0,4,1.2,0,0.0,0,0.0,1,0.3,1,0.3,9,2.7,3,0.9
2024-25,S,30,66464,3030574,Orange,Capistrano Unified,Aliso Niguel High,No,No,RA,92,91,98.9,79,86.8,29,31.9,66,72.5,0,0.0,0,0.0,0,0.0,0,0.0,1,1.1,0,0.0,0,0.0,0,0.0
2024-25,S,30,66464,3030574,Orange,Capistrano Unified,Aliso Niguel High,No,No,RB,*,*,*,*,*,*,*,*,*,*,*,*,*,*,*,*,*,*,*,*,*,*,*,*,*
2024-25,S,30,66464,3030574,Orange,Capistrano Unified,Aliso Niguel High,No,No,RD,16,16,100.0,9,56.3,4,25.0,7,43.8,0,0.0,0,0.0,0,0.0,0,0.0,0,0.0,0,0.0,0,0.0,0,0.0
2024-25,S,30,66464,3030574,Orange,Capistrano Unified,Aliso Niguel High,No,No,RF,21,21,100.0,11,52.4,3,14.3,7,33.3,0,0.0,0,0.0,0,0.0,0,0.0,0,0.0,0,0.0,0,0.0,0,0.0
2024-25,S,30,66464,3030574,Orange,Capistrano Unified,Aliso Niguel High,No,No,RH,140,135,96.4,59,43.7,28,20.7,38,28.1,0,0.0,0,0.0,0,0.0,0,0.0,0,0.0,0,0.0,3,2.1,2,1.4
2024-25,S,30,66464,3030574,Orange,Capistrano Unified,Aliso Niguel High,No,No,RI,*,*,*,*,*,*,*,*,*,*,*,*,*,*,*,*,*,*,*,*,*,*,*,*,*
2024-25,S,30,66464,3030574,Orange,Capistrano Unified,Aliso Niguel High,No,No,RP,*,*,*,*,*,*,*,*,*,*,*,*,*,*,*,*,*,*,*,*,*,*,*,*,*
2024-25,S,30,66464,3030574,Orange,Capistrano Unified,Aliso Niguel High,No,No,RT,47,46,97.9,36,78.3,13,28.3,28,60.9,0,0.0,1,2.1,0,0.0,0,0.0,0,0.0,0,0.0,0,0.0,0,0.0
2024-25,S,30,66464,3030574,Orange,Capistrano Unified,Aliso Niguel High,No,No,RW,328,311,94.8,212,68.2,66,21.2,157,50.5,0,0.0,3,0.9,0,0.0,0,0.0,2,0.6,1,0.3,9,2.7,2,0.6
2024-25,S,30,66464,3030574,Orange,Capistrano Unified,Aliso Niguel High,No,No,SD,73,61,83.6,10,16.4,1,1.6,7,11.5,0,0.0,0,0.0,0,0.0,0,0.0,0,0.0,1,1.4,7,9.6,4,5.5
2024-25,S,30,66464,3030574,Orange,Capistrano Unified,Aliso Niguel High,No,No,SE,42,40,95.2,6,15.0,2,5.0,3,7.5,0,0.0,0,0.0,0,0.0,0,0.0,0,0.0,0,0.0,1,2.4,1,2.4
2024-25,S,30,66464,3030574,Orange,Capistrano Unified,Aliso Niguel High,No,No,SF,*,*,*,*,*,*,*,*,*,*,*,*,*,*,*,*,*,*,*,*,*,*,*,*,*
2024-25,S,30,66464,3030574,Orange,Capistrano Unified,Aliso Niguel High,No,No,SH,51,49,96.1,19,38.8,12,24.5,12,24.5,0,0.0,0,0.0,0,0.0,0,0.0,0,0.0,0,0.0,1,2.0,1,2.0
2024-25,S,30,66464,3030574,Orange,Capistrano Unified,Aliso Niguel High,No,No,SS,285,273,95.8,140,51.3,56,20.5,93,34.1,0,0.0,2,0.7,0,0.0,0,0.0,0,0.0,0,0.0,7,2.5,3,1.1
2024-25,S,30,66464,3030574,Orange,Capistrano Unified,Aliso Niguel High,No,No,TA,651,627,96.3,409,65.2,144,23.0,304,48.5,0,0.0,4,0.6,0,0.0,0,0.0,3,0.5,1,0.2,12,1.8,4,0.6
2024-25,S,30,66464,3030756,Orange,Capistrano Unified,Tesoro High,No,No,GF,259,252,97.3,208,82.5,35,13.9,161,63.9,0,0.0,0,0.0,0,0.0,3,1.2,0,0.0,0,0.0,4,1.5,0,0.0
2024-25,S,30,66464,3030756,Orange,Capistrano Unified,Tesoro High,No,No,GM,286,271,94.8,184,67.9,27,10.0,139,51.3,0,0.0,0,0.0,0,0.0,7,2.4,0,0.0,1,0.3,7,2.4,0,0.0
2024-25,S,30,66464,3030756,Orange,Capistrano Unified,Tesoro High,No,No,GX,*,*,*,*,*,*,*,*,*,*,*,*,*,*,*,*,*,*,*,*,*,*,*,*,*
2024-25,S,30,66464,3030756,Orange,Capistrano Unified,Tesoro High,No,No,RA,68,66,97.1,58,87.9,12,18.2,54,81.8,0,0.0,0,0.0,0,0.0,0,0.0,0,0.0,0,0.0,2,2.9,0,0.0
2024-25,S,30,66464,3030756,Orange,Capistrano Unified,Tesoro High,No,No,RB,*,*,*,*,*,*,*,*,*,*,*,*,*,*,*,*,*,*,*,*,*,*,*,*,*
2024-25,S,30,66464,3030756,Orange,Capistrano Unified,Tesoro High,No,No,RD,*,*,*,*,*,*,*,*,*,*,*,*,*,*,*,*,*,*,*,*,*,*,*,*,*
2024-25,S,30,66464,3030756,Orange,Capistrano Unified,Tesoro High,No,No,RF,13,13,100.0,12,92.3,4,30.8,9,69.2,0,0.0,0,0.0,0,0.0,0,0.0,0,0.0,0,0.0,0,0.0,0,0.0
2024-25,S,30,66464,3030756,Orange,Capistrano Unified,Tesoro High,No,No,RH,94,87,92.6,51,58.6,18,20.7,32,36.8,0,0.0,0,0.0,0,0.0,3,3.2,0,0.0,1,1.1,3,3.2,0,0.0
2024-25,S,30,66464,3030756,Orange,Capistrano Unified,Tesoro High,No,No,RI,*,*,*,*,*,*,*,*,*,*,*,*,*,*,*,*,*,*,*,*,*,*,*,*,*
2024-25,S,30,66464,3030756,Orange,Capistrano Unified,Tesoro High,No,No,RP,*,*,*,*,*,*,*,*,*,*,*,*,*,*,*,*,*,*,*,*,*,*,*,*,*
2024-25,S,30,66464,3030756,Orange,Capistrano Unified,Tesoro High,No,No,RT,25,25,100.0,21,84.0,0,0.0,17,68.0,0,0.0,0,0.0,0,0.0,0,0.0,0,0.0,0,0.0,0,0.0,0,0.0
2024-25,S,30,66464,3030756,Orange,Capistrano Unified,Tesoro High,No,No,RW,330,317,96.1,239,75.4,27,8.5,181,57.1,0,0.0,0,0.0,0,0.0,7,2.1,0,0.0,0,0.0,6,1.8,0,0.0
2024-25,S,30,66464,3030756,Orange,Capistrano Unified,Tesoro High,No,No,SD,69,58,84.1,8,13.8,0,0.0,5,8.6,0,0.0,0,0.0,0,0.0,10,14.5,0,0.0,0,0.0,1,1.4,0,0.0
2024-25,S,30,66464,3030756,Orange,Capistrano Unified,Tesoro High,No,No,SE,16,12,75.0,7,58.3,1,8.3,2,16.7,0,0.0,0,0.0,0,0.0,1,6.3,0,0.0,0,0.0,3,18.8,0,0.0
2024-25,S,30,66464,3030756,Orange,Capistrano Unified,Tesoro High,No,No,SF,*,*,*,*,*,*,*,*,*,*,*,*,*,*,*,*,*,*,*,*,*,*,*,*,*
2024-25,S,30,66464,3030756,Orange,Capistrano Unified,Tesoro High,No,No,SH,19,18,94.7,11,61.1,3,16.7,4,22.2,0,0.0,0,0.0,0,0.0,1,5.3,0,0.0,0,0.0,0,0.0,0,0.0
2024-25,S,30,66464,3030756,Orange,Capistrano Unified,Tesoro High,No,No,SS,199,192,96.5,129,67.2,27,14.1,88,45.8,0,0.0,0,0.0,0,0.0,4,2.0,0,0.0,1,0.5,2,1.0,0,0.0
2024-25,S,30,66464,3030756,Orange,Capistrano Unified,Tesoro High,No,No,TA,546,524,96.0,393,75.0,62,11.8,300,57.3,0,0.0,0,0.0,0,0.0,10,1.8,0,0.0,1,0.2,11,2.0,0,0.0
2024-25,S,30,66464,3030798,Orange,Capistrano Unified,Bridges Community Day,No,Yes,GF,*,*,*,*,*,*,*,*,*,*,*,*,*,*,*,*,*,*,*,*,*,*,*,*,*
2024-25,S,30,66464,3030798,Orange,Capistrano Unified,Bridges Community Day,No,Yes,GM,*,*,*,*,*,*,*,*,*,*,*,*,*,*,*,*,*,*,*,*,*,*,*,*,*
2024-25,S,30,66464,3030798,Orange,Capistrano Unified,Bridges Community Day,No,Yes,RA,*,*,*,*,*,*,*,*,*,*,*,*,*,*,*,*,*,*,*,*,*,*,*,*,*
2024-25,S,30,66464,3030798,Orange,Capistrano Unified,Bridges Community Day,No,Yes,RB,*,*,*,*,*,*,*,*,*,*,*,*,*,*,*,*,*,*,*,*,*,*,*,*,*
2024-25,S,30,66464,3030798,Orange,Capistrano Unified,Bridges Community Day,No,Yes,RD,*,*,*,*,*,*,*,*,*,*,*,*,*,*,*,*,*,*,*,*,*,*,*,*,*
2024-25,S,30,66464,3030798,Orange,Capistrano Unified,Bridges Community Day,No,Yes,RF,*,*,*,*,*,*,*,*,*,*,*,*,*,*,*,*,*,*,*,*,*,*,*,*,*
2024-25,S,30,66464,3030798,Orange,Capistrano Unified,Bridges Community Day,No,Yes,RH,*,*,*,*,*,*,*,*,*,*,*,*,*,*,*,*,*,*,*,*,*,*,*,*,*
2024-25,S,30,66464,3030798,Orange,Capistrano Unified,Bridges Community Day,No,Yes,RI,*,*,*,*,*,*,*,*,*,*,*,*,*,*,*,*,*,*,*,*,*,*,*,*,*
2024-25,S,30,66464,3030798,Orange,Capistrano Unified,Bridges Community Day,No,Yes,RP,*,*,*,*,*,*,*,*,*,*,*,*,*,*,*,*,*,*,*,*,*,*,*,*,*
2024-25,S,30,66464,3030798,Orange,Capistrano Unified,Bridges Community Day,No,Yes,RT,*,*,*,*,*,*,*,*,*,*,*,*,*,*,*,*,*,*,*,*,*,*,*,*,*
2024-25,S,30,66464,3030798,Orange,Capistrano Unified,Bridges Community Day,No,Yes,RW,*,*,*,*,*,*,*,*,*,*,*,*,*,*,*,*,*,*,*,*,*,*,*,*,*
2024-25,S,30,66464,3030798,Orange,Capistrano Unified,Bridges Community Day,No,Yes,SD,*,*,*,*,*,*,*,*,*,*,*,*,*,*,*,*,*,*,*,*,*,*,*,*,*
2024-25,S,30,66464,3030798,Orange,Capistrano Unified,Bridges Community Day,No,Yes,SS,*,*,*,*,*,*,*,*,*,*,*,*,*,*,*,*,*,*,*,*,*,*,*,*,*
2024-25,S,30,66464,3030798,Orange,Capistrano Unified,Bridges Community Day,No,Yes,TA,*,*,*,*,*,*,*,*,*,*,*,*,*,*,*,*,*,*,*,*,*,*,*,*,*
2024-25,S,30,66464,3035987,Orange,Capistrano Unified,Capistrano Union High,No,Yes,GF,28,26,92.9,0,0.0,0,0.0,0,0.0,0,0.0,0,0.0,0,0.0,0,0.0,0,0.0,0,0.0,2,7.1,0,0.0
2024-25,S,30,66464,3035987,Orange,Capistrano Unified,Capistrano Union High,No,Yes,GM,32,29,90.6,0,0.0,0,0.0,0,0.0,1,3.4,0,0.0,0,0.0,0,0.0,0,0.0,0,0.0,2,6.3,1,3.1
2024-25,S,30,66464,3035987,Orange,Capistrano Unified,Capistrano Union High,No,Yes,GX,*,*,*,*,*,*,*,*,*,*,*,*,*,*,*,*,*,*,*,*,*,*,*,*,*
2024-25,S,30,66464,3035987,Orange,Capistrano Unified,Capistrano Union High,No,Yes,RA,*,*,*,*,*,*,*,*,*,*,*,*,*,*,*,*,*,*,*,*,*,*,*,*,*
2024-25,S,30,66464,3035987,Orange,Capistrano Unified,Capistrano Union High,No,Yes,RB,*,*,*,*,*,*,*,*,*,*,*,*,*,*,*,*,*,*,*,*,*,*,*,*,*
2024-25,S,30,66464,3035987,Orange,Capistrano Unified,Capistrano Union High,No,Yes,RD,*,*,*,*,*,*,*,*,*,*,*,*,*,*,*,*,*,*,*,*,*,*,*,*,*
2024-25,S,30,66464,3035987,Orange,Capistrano Unified,Capistrano Union High,No,Yes,RF,*,*,*,*,*,*,*,*,*,*,*,*,*,*,*,*,*,*,*,*,*,*,*,*,*
2024-25,S,30,66464,3035987,Orange,Capistrano Unified,Capistrano Union High,No,Yes,RH,36,32,88.9,0,0.0,1,3.1,0,0.0,1,3.1,0,0.0,0,0.0,0,0.0,0,0.0,0,0.0,3,8.3,1,2.8
2024-25,S,30,66464,3035987,Orange,Capistrano Unified,Capistrano Union High,No,Yes,RI,*,*,*,*,*,*,*,*,*,*,*,*,*,*,*,*,*,*,*,*,*,*,*,*,*
2024-25,S,30,66464,3035987,Orange,Capistrano Unified,Capistrano Union High,No,Yes,RP,*,*,*,*,*,*,*,*,*,*,*,*,*,*,*,*,*,*,*,*,*,*,*,*,*
2024-25,S,30,66464,3035987,Orange,Capistrano Unified,Capistrano Union High,No,Yes,RT,*,*,*,*,*,*,*,*,*,*,*,*,*,*,*,*,*,*,*,*,*,*,*,*,*
2024-25,S,30,66464,3035987,Orange,Capistrano Unified,Capistrano Union High,No,Yes,RW,18,18,100.0,0,0.0,0,0.0,0,0.0,0,0.0,0,0.0,0,0.0,0,0.0,0,0.0,0,0.0,0,0.0,0,0.0
2024-25,S,30,66464,3035987,Orange,Capistrano Unified,Capistrano Union High,No,Yes,SD,*,*,*,*,*,*,*,*,*,*,*,*,*,*,*,*,*,*,*,*,*,*,*,*,*
2024-25,S,30,66464,3035987,Orange,Capistrano Unified,Capistrano Union High,No,Yes,SE,21,19,90.5,0,0.0,0,0.0,0,0.0,0,0.0,0,0.0,0,0.0,0,0.0,0,0.0,0,0.0,2,9.5,0,0.0
2024-25,S,30,66464,3035987,Orange,Capistrano Unified,Capistrano Union High,No,Yes,SH,27,25,92.6,0,0.0,1,4.0,0,0.0,0,0.0,0,0.0,0,0.0,0,0.0,0,0.0,0,0.0,1,3.7,1,3.7
2024-25,S,30,66464,3035987,Orange,Capistrano Unified,Capistrano Union High,No,Yes,SS,49,44,89.8,0,0.0,1,2.3,0,0.0,1,2.3,0,0.0,0,0.0,0,0.0,0,0.0,0,0.0,4,8.2,1,2.0
2024-25,S,30,66464,3035987,Orange,Capistrano Unified,Capistrano Union High,No,Yes,TA,61,56,91.8,0,0.0,1,1.8,0,0.0,1,1.8,0,0.0,0,0.0,0,0.0,0,0.0,0,0.0,4,6.6,1,1.6
2024-25,S,30,66464,3036001,Orange,Capistrano Unified,San Clemente High,No,No,GF,363,353,97.2,254,72.0,77,21.8,173,49.0,0,0.0,0,0.0,0,0.0,1,0.3,1,0.3,1,0.3,7,1.9,0,0.0
2024-25,S,30,66464,3036001,Orange,Capistrano Unified,San Clemente High,No,No,GM,361,338,93.6,208,61.5,31,9.2,134,39.6,0,0.0,0,0.0,0,0.0,5,1.4,0,0.0,1,0.3,17,4.7,0,0.0
2024-25,S,30,66464,3036001,Orange,Capistrano Unified,San Clemente High,No,No,GX,*,*,*,*,*,*,*,*,*,*,*,*,*,*,*,*,*,*,*,*,*,*,*,*,*
2024-25,S,30,66464,3036001,Orange,Capistrano Unified,San Clemente High,No,No,RA,13,12,92.3,9,75.0,1,8.3,7,58.3,0,0.0,0,0.0,0,0.0,1,7.7,0,0.0,0,0.0,0,0.0,0,0.0
2024-25,S,30,66464,3036001,Orange,Capistrano Unified,San Clemente High,No,No,RB,*,*,*,*,*,*,*,*,*,*,*,*,*,*,*,*,*,*,*,*,*,*,*,*,*
2024-25,S,30,66464,3036001,Orange,Capistrano Unified,San Clemente High,No,No,RD,17,15,88.2,11,73.3,2,13.3,7,46.7,0,0.0,0,0.0,0,0.0,0,0.0,0,0.0,0,0.0,2,11.8,0,0.0
2024-25,S,30,66464,3036001,Orange,Capistrano Unified,San Clemente High,No,No,RF,*,*,*,*,*,*,*,*,*,*,*,*,*,*,*,*,*,*,*,*,*,*,*,*,*
2024-25,S,30,66464,3036001,Orange,Capistrano Unified,San Clemente High,No,No,RH,203,189,93.1,83,43.9,40,21.2,38,20.1,0,0.0,0,0.0,0,0.0,3,1.5,1,0.5,1,0.5,9,4.4,0,0.0
2024-25,S,30,66464,3036001,Orange,Capistrano Unified,San Clemente High,No,No,RI,*,*,*,*,*,*,*,*,*,*,*,*,*,*,*,*,*,*,*,*,*,*,*,*,*
2024-25,S,30,66464,3036001,Orange,Capistrano Unified,San Clemente High,No,No,RP,*,*,*,*,*,*,*,*,*,*,*,*,*,*,*,*,*,*,*,*,*,*,*,*,*
2024-25,S,30,66464,3036001,Orange,Capistrano Unified,San Clemente High,No,No,RT,50,48,96.0,40,83.3,6,12.5,27,56.3,0,0.0,0,0.0,0,0.0,1,2.0,0,0.0,0,0.0,1,2.0,0,0.0
2024-25,S,30,66464,3036001,Orange,Capistrano Unified,San Clemente High,No,No,RW,430,415,96.5,311,74.9,57,13.7,222,53.5,0,0.0,0,0.0,0,0.0,1,0.2,0,0.0,1,0.2,13,3.0,0,0.0
2024-25,S,30,66464,3036001,Orange,Capistrano Unified,San Clemente High,No,No,SD,117,105,89.7,27,25.7,6,5.7,11,10.5,0,0.0,0,0.0,0,0.0,6,5.1,0,0.0,0,0.0,6,5.1,0,0.0
2024-25,S,30,66464,3036001,Orange,Capistrano Unified,San Clemente High,No,No,SE,61,55,90.2,11,20.0,5,9.1,5,9.1,0,0.0,0,0.0,0,0.0,2,3.3,0,0.0,0,0.0,4,6.6,0,0.0
2024-25,S,30,66464,3036001,Orange,Capistrano Unified,San Clemente High,No,No,SF,*,*,*,*,*,*,*,*,*,*,*,*,*,*,*,*,*,*,*,*,*,*,*,*,*
2024-25,S,30,66464,3036001,Orange,Capistrano Unified,San Clemente High,No,No,SH,99,94,94.9,32,34.0,18,19.1,14,14.9,0,0.0,0,0.0,0,0.0,1,1.0,0,0.0,0,0.0,4,4.0,0,0.0
2024-25,S,30,66464,3036001,Orange,Capistrano Unified,San Clemente High,No,No,SS,358,345,96.4,171,49.6,55,15.9,96,27.8,0,0.0,0,0.0,0,0.0,4,1.1,0,0.0,1,0.3,8,2.2,0,0.0
2024-25,S,30,66464,3036001,Orange,Capistrano Unified,San Clemente High,No,No,TA,727,693,95.3,462,66.7,108,15.6,307,44.3,0,0.0,0,0.0,0,0.0,6,0.8,1,0.1,2,0.3,25,3.4,0,0.0
2024-25,S,30,66464,3038569,Orange,Capistrano Unified,Dana Hills High,No,No,GF,190,182,95.8,113,62.1,24,13.2,73,40.1,0,0.0,0,0.0,0,0.0,7,3.7,0,0.0,0,0.0,1,0.5,0,0.0
2024-25,S,30,66464,3038569,Orange,Capistrano Unified,Dana Hills High,No,No,GM,245,228,93.1,125,54.8,16,7.0,92,40.4,0,0.0,0,0.0,0,0.0,10,4.1,0,0.0,0,0.0,6,2.4,1,0.4
2024-25,S,30,66464,3038569,Orange,Capistrano Unified,Dana Hills High,No,No,GX,*,*,*,*,*,*,*,*,*,*,*,*,*,*,*,*,*,*,*,*,*,*,*,*,*
2024-25,S,30,66464,3038569,Orange,Capistrano Unified,Dana Hills High,No,No,RA,11,10,90.9,8,80.0,1,10.0,7,70.0,0,0.0,0,0.0,0,0.0,1,9.1,0,0.0,0,0.0,0,0.0,0,0.0
2024-25,S,30,66464,3038569,Orange,Capistrano Unified,Dana Hills High,No,No,RB,*,*,*,*,*,*,*,*,*,*,*,*,*,*,*,*,*,*,*,*,*,*,*,*,*
2024-25,S,30,66464,3038569,Orange,Capistrano Unified,Dana Hills High,No,No,RD,*,*,*,*,*,*,*,*,*,*,*,*,*,*,*,*,*,*,*,*,*,*,*,*,*
2024-25,S,30,66464,3038569,Orange,Capistrano Unified,Dana Hills High,No,No,RF,*,*,*,*,*,*,*,*,*,*,*,*,*,*,*,*,*,*,*,*,*,*,*,*,*
2024-25,S,30,66464,3038569,Orange,Capistrano Unified,Dana Hills High,No,No,RH,149,141,94.6,52,36.9,21,14.9,28,19.9,0,0.0,0,0.0,0,0.0,4,2.7,0,0.0,0,0.0,3,2.0,1,0.7
2024-25,S,30,66464,3038569,Orange,Capistrano Unified,Dana Hills High,No,No,RI,*,*,*,*,*,*,*,*,*,*,*,*,*,*,*,*,*,*,*,*,*,*,*,*,*
2024-25,S,30,66464,3038569,Orange,Capistrano Unified,Dana Hills High,No,No,RP,*,*,*,*,*,*,*,*,*,*,*,*,*,*,*,*,*,*,*,*,*,*,*,*,*
2024-25,S,30,66464,3038569,Orange,Capistrano Unified,Dana Hills High,No,No,RT,36,34,94.4,23,67.6,3,8.8,18,52.9,0,0.0,0,0.0,0,0.0,1,2.8,0,0.0,0,0.0,1,2.8,0,0.0
2024-25,S,30,66464,3038569,Orange,Capistrano Unified,Dana Hills High,No,No,RW,223,213,95.5,147,69.0,13,6.1,105,49.3,0,0.0,0,0.0,0,0.0,7,3.1,0,0.0,0,0.0,3,1.3,0,0.0
2024-25,S,30,66464,3038569,Orange,Capistrano Unified,Dana Hills High,No,No,SD,77,58,75.3,6,10.3,2,3.4,6,10.3,0,0.0,0,0.0,0,0.0,17,22.1,0,0.0,0,0.0,1,1.3,1,1.3
2024-25,S,30,66464,3038569,Orange,Capistrano Unified,Dana Hills High,No,No,SE,33,27,81.8,2,7.4,1,3.7,1,3.7,0,0.0,0,0.0,0,0.0,1,3.0,0,0.0,0,0.0,4,12.1,1,3.0
2024-25,S,30,66464,3038569,Orange,Capistrano Unified,Dana Hills High,No,No,SF,*,*,*,*,*,*,*,*,*,*,*,*,*,*,*,*,*,*,*,*,*,*,*,*,*
2024-25,S,30,66464,3038569,Orange,Capistrano Unified,Dana Hills High,No,No,SH,65,62,95.4,17,27.4,8,12.9,12,19.4,0,0.0,0,0.0,0,0.0,2,3.1,0,0.0,0,0.0,0,0.0,1,1.5
2024-25,S,30,66464,3038569,Orange,Capistrano Unified,Dana Hills High,No,No,SS,233,216,92.7,93,43.1,24,11.1,60,27.8,0,0.0,0,0.0,0,0.0,11,4.7,0,0.0,0,0.0,5,2.1,1,0.4
2024-25,S,30,66464,3038569,Orange,Capistrano Unified,Dana Hills High,No,No,TA,436,411,94.3,238,57.9,40,9.7,165,40.1,0,0.0,0,0.0,0,0.0,17,3.9,0,0.0,0,0.0,7,1.6,1,0.2
2024-25,S,30,66464,6120356,Orange,Capistrano Unified,Opportunities for Learning - Capistrano,Yes,Yes,GF,61,26,42.6,11,42.3,0,0.0,1,3.8,0,0.0,0,0.0,0,0.0,0,0.0,0,0.0,0,0.0,13,21.3,22,36.1
2024-25,S,30,66464,6120356,Orange,Capistrano Unified,Opportunities for Learning - Capistrano,Yes,Yes,GM,51,26,51.0,12,46.2,1,3.8,2,7.7,0,0.0,0,0.0,0,0.0,0,0.0,0,0.0,2,3.9,12,23.5,11,21.6
2024-25,S,30,66464,6120356,Orange,Capistrano Unified,Opportunities for Learning - Capistrano,Yes,Yes,GX,*,*,*,*,*,*,*,*,*,*,*,*,*,*,*,*,*,*,*,*,*,*,*,*,*
2024-25,S,30,66464,6120356,Orange,Capistrano Unified,Opportunities for Learning - Capistrano,Yes,Yes,RA,*,*,*,*,*,*,*,*,*,*,*,*,*,*,*,*,*,*,*,*,*,*,*,*,*
2024-25,S,30,66464,6120356,Orange,Capistrano Unified,Opportunities for Learning - Capistrano,Yes,Yes,RB,*,*,*,*,*,*,*,*,*,*,*,*,*,*,*,*,*,*,*,*,*,*,*,*,*
2024-25,S,30,66464,6120356,Orange,Capistrano Unified,Opportunities for Learning - Capistrano,Yes,Yes,RD,*,*,*,*,*,*,*,*,*,*,*,*,*,*,*,*,*,*,*,*,*,*,*,*,*
2024-25,S,30,66464,6120356,Orange,Capistrano Unified,Opportunities for Learning - Capistrano,Yes,Yes,RF,*,*,*,*,*,*,*,*,*,*,*,*,*,*,*,*,*,*,*,*,*,*,*,*,*
2024-25,S,30,66464,6120356,Orange,Capistrano Unified,Opportunities for Learning - Capistrano,Yes,Yes,RH,37,13,35.1,3,23.1,1,7.7,1,7.7,0,0.0,0,0.0,0,0.0,0,0.0,0,0.0,0,0.0,8,21.6,16,43.2
2024-25,S,30,66464,6120356,Orange,Capistrano Unified,Opportunities for Learning - Capistrano,Yes,Yes,RI,*,*,*,*,*,*,*,*,*,*,*,*,*,*,*,*,*,*,*,*,*,*,*,*,*
2024-25,S,30,66464,6120356,Orange,Capistrano Unified,Opportunities for Learning - Capistrano,Yes,Yes,RP,*,*,*,*,*,*,*,*,*,*,*,*,*,*,*,*,*,*,*,*,*,*,*,*,*
2024-25,S,30,66464,6120356,Orange,Capistrano Unified,Opportunities for Learning - Capistrano,Yes,Yes,RT,*,*,*,*,*,*,*,*,*,*,*,*,*,*,*,*,*,*,*,*,*,*,*,*,*
2024-25,S,30,66464,6120356,Orange,Capistrano Unified,Opportunities for Learning - Capistrano,Yes,Yes,RW,59,28,47.5,13,46.4,0,0.0,2,7.1,0,0.0,0,0.0,0,0.0,0,0.0,0,0.0,2,3.4,13,22.0,16,27.1
2024-25,S,30,66464,6120356,Orange,Capistrano Unified,Opportunities for Learning - Capistrano,Yes,Yes,SD,24,12,50.0,1,8.3,0,0.0,0,0.0,0,0.0,0,0.0,0,0.0,0,0.0,0,0.0,0,0.0,8,33.3,4,16.7
2024-25,S,30,66464,6120356,Orange,Capistrano Unified,Opportunities for Learning - Capistrano,Yes,Yes,SE,*,*,*,*,*,*,*,*,*,*,*,*,*,*,*,*,*,*,*,*,*,*,*,*,*
2024-25,S,30,66464,6120356,Orange,Capistrano Unified,Opportunities for Learning - Capistrano,Yes,Yes,SF,*,*,*,*,*,*,*,*,*,*,*,*,*,*,*,*,*,*,*,*,*,*,*,*,*
2024-25,S,30,66464,6120356,Orange,Capistrano Unified,Opportunities for Learning - Capistrano,Yes,Yes,SH,13,4,30.8,2,50.0,0,0.0,0,0.0,0,0.0,0,0.0,0,0.0,0,0.0,0,0.0,0,0.0,2,15.4,7,53.8
2024-25,S,30,66464,6120356,Orange,Capistrano Unified,Opportunities for Learning - Capistrano,Yes,Yes,SS,76,32,42.1,13,40.6,1,3.1,2,6.3,0,0.0,0,0.0,0,0.0,0,0.0,0,0.0,1,1.3,15,19.7,28,36.8
2024-25,S,30,66464,6120356,Orange,Capistrano Unified,Opportunities for Learning - Capistrano,Yes,Yes,TA,116,52,44.8,23,44.2,1,1.9,3,5.8,0,0.0,0,0.0,0,0.0,0,0.0,0,0.0,2,1.7,26,22.4,36,31.0
2024-25,S,30,66514,1,Orange,Fullerton Joint Union High,"Nonpublic, Nonsectarian Schools",No,No,GF,*,*,*,*,*,*,*,*,*,*,*,*,*,*,*,*,*,*,*,*,*,*,*,*,*
2024-25,S,30,66514,1,Orange,Fullerton Joint Union High,"Nonpublic, Nonsectarian Schools",No,No,GM,*,*,*,*,*,*,*,*,*,*,*,*,*,*,*,*,*,*,*,*,*,*,*,*,*
2024-25,S,30,66514,1,Orange,Fullerton Joint Union High,"Nonpublic, Nonsectarian Schools",No,No,GX,*,*,*,*,*,*,*,*,*,*,*,*,*,*,*,*,*,*,*,*,*,*,*,*,*
2024-25,S,30,66514,1,Orange,Fullerton Joint Union High,"Nonpublic, Nonsectarian Schools",No,No,RA,*,*,*,*,*,*,*,*,*,*,*,*,*,*,*,*,*,*,*,*,*,*,*,*,*
2024-25,S,30,66514,1,Orange,Fullerton Joint Union High,"Nonpublic, Nonsectarian Schools",No,No,RB,*,*,*,*,*,*,*,*,*,*,*,*,*,*,*,*,*,*,*,*,*,*,*,*,*
2024-25,S,30,66514,1,Orange,Fullerton Joint Union High,"Nonpublic, Nonsectarian Schools",No,No,RD,*,*,*,*,*,*,*,*,*,*,*,*,*,*,*,*,*,*,*,*,*,*,*,*,*
2024-25,S,30,66514,1,Orange,Fullerton Joint Union High,"Nonpublic, Nonsectarian Schools",No,No,RF,*,*,*,*,*,*,*,*,*,*,*,*,*,*,*,*,*,*,*,*,*,*,*,*,*
2024-25,S,30,66514,1,Orange,Fullerton Joint Union High,"Nonpublic, Nonsectarian Schools",No,No,RH,*,*,*,*,*,*,*,*,*,*,*,*,*,*,*,*,*,*,*,*,*,*,*,*,*
2024-25,S,30,66514,1,Orange,Fullerton Joint Union High,"Nonpublic, Nonsectarian Schools",No,No,RI,*,*,*,*,*,*,*,*,*,*,*,*,*,*,*,*,*,*,*,*,*,*,*,*,*
2024-25,S,30,66514,1,Orange,Fullerton Joint Union High,"Nonpublic, Nonsectarian Schools",No,No,RP,*,*,*,*,*,*,*,*,*,*,*,*,*,*,*,*,*,*,*,*,*,*,*,*,*
2024-25,S,30,66514,1,Orange,Fullerton Joint Union High,"Nonpublic, Nonsectarian Schools",No,No,RT,*,*,*,*,*,*,*,*,*,*,*,*,*,*,*,*,*,*,*,*,*,*,*,*,*
2024-25,S,30,66514,1,Orange,Fullerton Joint Union High,"Nonpublic, Nonsectarian Schools",No,No,RW,*,*,*,*,*,*,*,*,*,*,*,*,*,*,*,*,*,*,*,*,*,*,*,*,*
2024-25,S,30,66514,1,Orange,Fullerton Joint Union High,"Nonpublic, Nonsectarian Schools",No,No,SD,11,3,27.3,0,0.0,0,0.0,0,0.0,0,0.0,0,0.0,0,0.0,0,0.0,0,0.0,0,0.0,8,72.7,0,0.0
2024-25,S,30,66514,1,Orange,Fullerton Joint Union High,"Nonpublic, Nonsectarian Schools",No,No,SF,*,*,*,*,*,*,*,*,*,*,*,*,*,*,*,*,*,*,*,*,*,*,*,*,*
2024-25,S,30,66514,1,Orange,Fullerton Joint Union High,"Nonpublic, Nonsectarian Schools",No,No,SH,*,*,*,*,*,*,*,*,*,*,*,*,*,*,*,*,*,*,*,*,*,*,*,*,*
2024-25,S,30,66514,1,Orange,Fullerton Joint Union High,"Nonpublic, Nonsectarian Schools",No,No,SS,*,*,*,*,*,*,*,*,*,*,*,*,*,*,*,*,*,*,*,*,*,*,*,*,*
2024-25,S,30,66514,1,Orange,Fullerton Joint Union High,"Nonpublic, Nonsectarian Schools",No,No,TA,11,3,27.3,0,0.0,0,0.0,0,0.0,0,0.0,0,0.0,0,0.0,0,0.0,0,0.0,0,0.0,8,72.7,0,0.0
2024-25,S,30,66514,3030335,Orange,Fullerton Joint Union High,La Sierra High (Alternative),No,Yes,GF,*,*,*,*,*,*,*,*,*,*,*,*,*,*,*,*,*,*,*,*,*,*,*,*,*
2024-25,S,30,66514,3030335,Orange,Fullerton Joint Union High,La Sierra High (Alternative),No,Yes,GM,*,*,*,*,*,*,*,*,*,*,*,*,*,*,*,*,*,*,*,*,*,*,*,*,*
2024-25,S,30,66514,3030335,Orange,Fullerton Joint Union High,La Sierra High (Alternative),No,Yes,GX,*,*,*,*,*,*,*,*,*,*,*,*,*,*,*,*,*,*,*,*,*,*,*,*,*
2024-25,S,30,66514,3030335,Orange,Fullerton Joint Union High,La Sierra High (Alternative),No,Yes,RA,*,*,*,*,*,*,*,*,*,*,*,*,*,*,*,*,*,*,*,*,*,*,*,*,*
2024-25,S,30,66514,3030335,Orange,Fullerton Joint Union High,La Sierra High (Alternative),No,Yes,RB,*,*,*,*,*,*,*,*,*,*,*,*,*,*,*,*,*,*,*,*,*,*,*,*,*
2024-25,S,30,66514,3030335,Orange,Fullerton Joint Union High,La Sierra High (Alternative),No,Yes,RD,*,*,*,*,*,*,*,*,*,*,*,*,*,*,*,*,*,*,*,*,*,*,*,*,*
2024-25,S,30,66514,3030335,Orange,Fullerton Joint Union High,La Sierra High (Alternative),No,Yes,RF,*,*,*,*,*,*,*,*,*,*,*,*,*,*,*,*,*,*,*,*,*,*,*,*,*
2024-25,S,30,66514,3030335,Orange,Fullerton Joint Union High,La Sierra High (Alternative),No,Yes,RH,*,*,*,*,*,*,*,*,*,*,*,*,*,*,*,*,*,*,*,*,*,*,*,*,*
2024-25,S,30,66514,3030335,Orange,Fullerton Joint Union High,La Sierra High (Alternative),No,Yes,RI,*,*,*,*,*,*,*,*,*,*,*,*,*,*,*,*,*,*,*,*,*,*,*,*,*
2024-25,S,30,66514,3030335,Orange,Fullerton Joint Union High,La Sierra High (Alternative),No,Yes,RP,*,*,*,*,*,*,*,*,*,*,*,*,*,*,*,*,*,*,*,*,*,*,*,*,*
2024-25,S,30,66514,3030335,Orange,Fullerton Joint Union High,La Sierra High (Alternative),No,Yes,RT,*,*,*,*,*,*,*,*,*,*,*,*,*,*,*,*,*,*,*,*,*,*,*,*,*
2024-25,S,30,66514,3030335,Orange,Fullerton Joint Union High,La Sierra High (Alternative),No,Yes,RW,*,*,*,*,*,*,*,*,*,*,*,*,*,*,*,*,*,*,*,*,*,*,*,*,*
2024-25,S,30,66514,3030335,Orange,Fullerton Joint Union High,La Sierra High (Alternative),No,Yes,SE,*,*,*,*,*,*,*,*,*,*,*,*,*,*,*,*,*,*,*,*,*,*,*,*,*
2024-25,S,30,66514,3030335,Orange,Fullerton Joint Union High,La Sierra High (Alternative),No,Yes,SH,*,*,*,*,*,*,*,*,*,*,*,*,*,*,*,*,*,*,*,*,*,*,*,*,*
2024-25,S,30,66514,3030335,Orange,Fullerton Joint Union High,La Sierra High (Alternative),No,Yes,SS,*,*,*,*,*,*,*,*,*,*,*,*,*,*,*,*,*,*,*,*,*,*,*,*,*
2024-25,S,30,66514,3030335,Orange,Fullerton Joint Union High,La Sierra High (Alternative),No,Yes,TA,16,14,87.5,6,42.9,0,0.0,0,0.0,0,0.0,1,6.3,0,0.0,0,0.0,0,0.0,0,0.0,1,6.3,0,0.0
2024-25,S,30,66514,3030855,Orange,Fullerton Joint Union High,Buena Park High,No,No,GF,212,207,97.6,102,49.3,23,11.1,48,23.2,0,0.0,1,0.5,0,0.0,0,0.0,0,0.0,0,0.0,4,1.9,0,0.0
2024-25,S,30,66514,3030855,Orange,Fullerton Joint Union High,Buena Park High,No,No,GM,212,204,96.2,71,34.8,12,5.9,43,21.1,0,0.0,0,0.0,0,0.0,2,0.9,0,0.0,2,0.9,4,1.9,0,0.0
2024-25,S,30,66514,3030855,Orange,Fullerton Joint Union High,Buena Park High,No,No,GX,*,*,*,*,*,*,*,*,*,*,*,*,*,*,*,*,*,*,*,*,*,*,*,*,*
2024-25,S,30,66514,3030855,Orange,Fullerton Joint Union High,Buena Park High,No,No,RA,24,24,100.0,17,70.8,0,0.0,10,41.7,0,0.0,0,0.0,0,0.0,0,0.0,0,0.0,0,0.0,0,0.0,0,0.0
2024-25,S,30,66514,3030855,Orange,Fullerton Joint Union High,Buena Park High,No,No,RB,11,11,100.0,4,36.4,0,0.0,1,9.1,0,0.0,0,0.0,0,0.0,0,0.0,0,0.0,0,0.0,0,0.0,0,0.0
2024-25,S,30,66514,3030855,Orange,Fullerton Joint Union High,Buena Park High,No,No,RD,*,*,*,*,*,*,*,*,*,*,*,*,*,*,*,*,*,*,*,*,*,*,*,*,*
2024-25,S,30,66514,3030855,Orange,Fullerton Joint Union High,Buena Park High,No,No,RF,13,13,100.0,9,69.2,0,0.0,3,23.1,0,0.0,0,0.0,0,0.0,0,0.0,0,0.0,0,0.0,0,0.0,0,0.0
2024-25,S,30,66514,3030855,Orange,Fullerton Joint Union High,Buena Park High,No,No,RH,354,342,96.6,133,38.9,35,10.2,70,20.5,0,0.0,0,0.0,0,0.0,2,0.6,0,0.0,2,0.6,8,2.3,0,0.0
2024-25,S,30,66514,3030855,Orange,Fullerton Joint Union High,Buena Park High,No,No,RI,*,*,*,*,*,*,*,*,*,*,*,*,*,*,*,*,*,*,*,*,*,*,*,*,*
2024-25,S,30,66514,3030855,Orange,Fullerton Joint Union High,Buena Park High,No,No,RP,*,*,*,*,*,*,*,*,*,*,*,*,*,*,*,*,*,*,*,*,*,*,*,*,*
2024-25,S,30,66514,3030855,Orange,Fullerton Joint Union High,Buena Park High,No,No,RT,*,*,*,*,*,*,*,*,*,*,*,*,*,*,*,*,*,*,*,*,*,*,*,*,*
2024-25,S,30,66514,3030855,Orange,Fullerton Joint Union High,Buena Park High,No,No,RW,16,15,93.8,8,53.3,0,0.0,6,40.0,0,0.0,1,6.3,0,0.0,0,0.0,0,0.0,0,0.0,0,0.0,0,0.0
2024-25,S,30,66514,3030855,Orange,Fullerton Joint Union High,Buena Park High,No,No,SD,56,53,94.6,8,15.1,0,0.0,7,13.2,0,0.0,0,0.0,0,0.0,2,3.6,0,0.0,0,0.0,1,1.8,0,0.0
2024-25,S,30,66514,3030855,Orange,Fullerton Joint Union High,Buena Park High,No,No,SE,118,113,95.8,31,27.4,5,4.4,13,11.5,0,0.0,0,0.0,0,0.0,0,0.0,0,0.0,1,0.8,4,3.4,0,0.0
2024-25,S,30,66514,3030855,Orange,Fullerton Joint Union High,Buena Park High,No,No,SF,*,*,*,*,*,*,*,*,*,*,*,*,*,*,*,*,*,*,*,*,*,*,*,*,*
2024-25,S,30,66514,3030855,Orange,Fullerton Joint Union High,Buena Park High,No,No,SH,40,36,90.0,10,27.8,2,5.6,5,13.9,0,0.0,0,0.0,0,0.0,1,2.5,0,0.0,0,0.0,3,7.5,0,0.0
2024-25,S,30,66514,3030855,Orange,Fullerton Joint Union High,Buena Park High,No,No,SM,*,*,*,*,*,*,*,*,*,*,*,*,*,*,*,*,*,*,*,*,*,*,*,*,*
2024-25,S,30,66514,3030855,Orange,Fullerton Joint Union High,Buena Park High,No,No,SS,403,391,97.0,160,40.9,33,8.4,86,22.0,0,0.0,1,0.2,0,0.0,2,0.5,0,0.0,2,0.5,7,1.7,0,0.0
2024-25,S,30,66514,3030855,Orange,Fullerton Joint Union High,Buena Park High,No,No,TA,426,413,96.9,174,42.1,35,8.5,92,22.3,0,0.0,1,0.2,0,0.0,2,0.5,0,0.0,2,0.5,8,1.9,0,0.0
2024-25,S,30,66514,3032505,Orange,Fullerton Joint Union High,Fullerton Union High,No,No,GF,211,202,95.7,97,48.0,40,19.8,81,40.1,0,0.0,1,0.5,0,0.0,1,0.5,0,0.0,0,0.0,7,3.3,0,0.0
2024-25,S,30,66514,3032505,Orange,Fullerton Joint Union High,Fullerton Union High,No,No,GM,228,210,92.1,85,40.5,21,10.0,58,27.6,0,0.0,1,0.4,0,0.0,1,0.4,2,0.9,0,0.0,13,5.7,1,0.4
2024-25,S,30,66514,3032505,Orange,Fullerton Joint Union High,Fullerton Union High,No,No,GX,*,*,*,*,*,*,*,*,*,*,*,*,*,*,*,*,*,*,*,*,*,*,*,*,*
2024-25,S,30,66514,3032505,Orange,Fullerton Joint Union High,Fullerton Union High,No,No,RA,24,21,87.5,17,81.0,4,19.0,12,57.1,0,0.0,2,8.3,0,0.0,0,0.0,1,4.2,0,0.0,0,0.0,0,0.0
2024-25,S,30,66514,3032505,Orange,Fullerton Joint Union High,Fullerton Union High,No,No,RB,*,*,*,*,*,*,*,*,*,*,*,*,*,*,*,*,*,*,*,*,*,*,*,*,*
2024-25,S,30,66514,3032505,Orange,Fullerton Joint Union High,Fullerton Union High,No,No,RD,*,*,*,*,*,*,*,*,*,*,*,*,*,*,*,*,*,*,*,*,*,*,*,*,*
2024-25,S,30,66514,3032505,Orange,Fullerton Joint Union High,Fullerton Union High,No,No,RF,*,*,*,*,*,*,*,*,*,*,*,*,*,*,*,*,*,*,*,*,*,*,*,*,*
2024-25,S,30,66514,3032505,Orange,Fullerton Joint Union High,Fullerton Union High,No,No,RH,292,277,94.9,101,36.5,46,16.6,78,28.2,0,0.0,0,0.0,0,0.0,1,0.3,0,0.0,0,0.0,14,4.8,0,0.0
2024-25,S,30,66514,3032505,Orange,Fullerton Joint Union High,Fullerton Union High,No,No,RI,*,*,*,*,*,*,*,*,*,*,*,*,*,*,*,*,*,*,*,*,*,*,*,*,*
2024-25,S,30,66514,3032505,Orange,Fullerton Joint Union High,Fullerton Union High,No,No,RP,*,*,*,*,*,*,*,*,*,*,*,*,*,*,*,*,*,*,*,*,*,*,*,*,*
2024-25,S,30,66514,3032505,Orange,Fullerton Joint Union High,Fullerton Union High,No,No,RT,25,24,96.0,14,58.3,1,4.2,11,45.8,0,0.0,0,0.0,0,0.0,0,0.0,0,0.0,0,0.0,1,4.0,0,0.0
2024-25,S,30,66514,3032505,Orange,Fullerton Joint Union High,Fullerton Union High,No,No,RW,85,82,96.5,45,54.9,9,11.0,35,42.7,0,0.0,0,0.0,0,0.0,0,0.0,1,1.2,0,0.0,2,2.4,0,0.0
2024-25,S,30,66514,3032505,Orange,Fullerton Joint Union High,Fullerton Union High,No,No,SD,67,56,83.6,10,17.9,0,0.0,12,21.4,0,0.0,0,0.0,0,0.0,2,3.0,0,0.0,0,0.0,9,13.4,0,0.0
2024-25,S,30,66514,3032505,Orange,Fullerton Joint Union High,Fullerton Union High,No,No,SE,74,60,81.1,10,16.7,2,3.3,10,16.7,0,0.0,1,1.4,0,0.0,0,0.0,0,0.0,0,0.0,12,16.2,1,1.4
2024-25,S,30,66514,3032505,Orange,Fullerton Joint Union High,Fullerton Union High,No,No,SF,*,*,*,*,*,*,*,*,*,*,*,*,*,*,*,*,*,*,*,*,*,*,*,*,*
2024-25,S,30,66514,3032505,Orange,Fullerton Joint Union High,Fullerton Union High,No,No,SH,25,17,68.0,2,11.8,1,5.9,2,11.8,0,0.0,0,0.0,0,0.0,0,0.0,0,0.0,0,0.0,7,28.0,1,4.0
2024-25,S,30,66514,3032505,Orange,Fullerton Joint Union High,Fullerton Union High,No,No,SM,*,*,*,*,*,*,*,*,*,*,*,*,*,*,*,*,*,*,*,*,*,*,*,*,*
2024-25,S,30,66514,3032505,Orange,Fullerton Joint Union High,Fullerton Union High,No,No,SS,327,304,93.0,113,37.2,39,12.8,86,28.3,0,0.0,2,0.6,0,0.0,1,0.3,1,0.3,0,0.0,18,5.5,1,0.3
2024-25,S,30,66514,3032505,Orange,Fullerton Joint Union High,Fullerton Union High,No,No,TA,442,415,93.9,183,44.1,61,14.7,140,33.7,0,0.0,2,0.5,0,0.0,2,0.5,2,0.5,0,0.0,20,4.5,1,0.2
2024-25,S,30,66514,3033362,Orange,Fullerton Joint Union High,La Habra High,No,No,GF,215,211,98.1,133,63.0,50,23.7,70,33.2,0,0.0,0,0.0,0,0.0,0,0.0,0,0.0,0,0.0,4,1.9,0,0.0
2024-25,S,30,66514,3033362,Orange,Fullerton Joint Union High,La Habra High,No,No,GM,255,250,98.0,139,55.6,41,16.4,96,38.4,0,0.0,1,0.4,0,0.0,0,0.0,0,0.0,0,0.0,4,1.6,0,0.0
2024-25,S,30,66514,3033362,Orange,Fullerton Joint Union High,La Habra High,No,No,GX,*,*,*,*,*,*,*,*,*,*,*,*,*,*,*,*,*,*,*,*,*,*,*,*,*
2024-25,S,30,66514,3033362,Orange,Fullerton Joint Union High,La Habra High,No,No,RA,*,*,*,*,*,*,*,*,*,*,*,*,*,*,*,*,*,*,*,*,*,*,*,*,*
2024-25,S,30,66514,3033362,Orange,Fullerton Joint Union High,La Habra High,No,No,RB,*,*,*,*,*,*,*,*,*,*,*,*,*,*,*,*,*,*,*,*,*,*,*,*,*
2024-25,S,30,66514,3033362,Orange,Fullerton Joint Union High,La Habra High,No,No,RD,*,*,*,*,*,*,*,*,*,*,*,*,*,*,*,*,*,*,*,*,*,*,*,*,*
2024-25,S,30,66514,3033362,Orange,Fullerton Joint Union High,La Habra High,No,No,RF,*,*,*,*,*,*,*,*,*,*,*,*,*,*,*,*,*,*,*,*,*,*,*,*,*
2024-25,S,30,66514,3033362,Orange,Fullerton Joint Union High,La Habra High,No,No,RH,393,385,98.0,217,56.4,83,21.6,130,33.8,0,0.0,0,0.0,0,0.0,0,0.0,0,0.0,0,0.0,8,2.0,0,0.0
2024-25,S,30,66514,3033362,Orange,Fullerton Joint Union High,La Habra High,No,No,RI,*,*,*,*,*,*,*,*,*,*,*,*,*,*,*,*,*,*,*,*,*,*,*,*,*
2024-25,S,30,66514,3033362,Orange,Fullerton Joint Union High,La Habra High,No,No,RP,*,*,*,*,*,*,*,*,*,*,*,*,*,*,*,*,*,*,*,*,*,*,*,*,*
2024-25,S,30,66514,3033362,Orange,Fullerton Joint Union High,La Habra High,No,No,RT,*,*,*,*,*,*,*,*,*,*,*,*,*,*,*,*,*,*,*,*,*,*,*,*,*
2024-25,S,30,66514,3033362,Orange,Fullerton Joint Union High,La Habra High,No,No,RW,55,54,98.2,42,77.8,6,11.1,26,48.1,0,0.0,1,1.8,0,0.0,0,0.0,0,0.0,0,0.0,0,0.0,0,0.0
2024-25,S,30,66514,3033362,Orange,Fullerton Joint Union High,La Habra High,No,No,SD,61,59,96.7,10,16.9,2,3.4,12,20.3,0,0.0,0,0.0,0,0.0,0,0.0,0,0.0,0,0.0,2,3.3,0,0.0
2024-25,S,30,66514,3033362,Orange,Fullerton Joint Union High,La Habra High,No,No,SE,39,35,89.7,9,25.7,5,14.3,3,8.6,0,0.0,0,0.0,0,0.0,0,0.0,0,0.0,0,0.0,4,10.3,0,0.0
2024-25,S,30,66514,3033362,Orange,Fullerton Joint Union High,La Habra High,No,No,SF,*,*,*,*,*,*,*,*,*,*,*,*,*,*,*,*,*,*,*,*,*,*,*,*,*
2024-25,S,30,66514,3033362,Orange,Fullerton Joint Union High,La Habra High,No,No,SH,22,18,81.8,8,44.4,1,5.6,5,27.8,0,0.0,0,0.0,0,0.0,0,0.0,0,0.0,0,0.0,4,18.2,0,0.0
2024-25,S,30,66514,3033362,Orange,Fullerton Joint Union High,La Habra High,No,No,SS,368,361,98.1,188,52.1,73,20.2,109,30.2,0,0.0,1,0.3,0,0.0,0,0.0,0,0.0,0,0.0,6,1.6,0,0.0
2024-25,S,30,66514,3033362,Orange,Fullerton Joint Union High,La Habra High,No,No,TA,472,463,98.1,272,58.7,91,19.7,166,35.9,0,0.0,1,0.2,0,0.0,0,0.0,0,0.0,0,0.0,8,1.7,0,0.0
2024-25,S,30,66514,3033610,Orange,Fullerton Joint Union High,La Vista High (Continuation),No,Yes,GF,80,59,73.8,0,0.0,0,0.0,3,5.1,0,0.0,0,0.0,0,0.0,0,0.0,0,0.0,2,2.5,19,23.8,0,0.0
2024-25,S,30,66514,3033610,Orange,Fullerton Joint Union High,La Vista High (Continuation),No,Yes,GM,95,69,72.6,0,0.0,0,0.0,0,0.0,0,0.0,0,0.0,0,0.0,0,0.0,0,0.0,3,3.2,23,24.2,0,0.0
2024-25,S,30,66514,3033610,Orange,Fullerton Joint Union High,La Vista High (Continuation),No,Yes,GX,*,*,*,*,*,*,*,*,*,*,*,*,*,*,*,*,*,*,*,*,*,*,*,*,*
2024-25,S,30,66514,3033610,Orange,Fullerton Joint Union High,La Vista High (Continuation),No,Yes,RA,*,*,*,*,*,*,*,*,*,*,*,*,*,*,*,*,*,*,*,*,*,*,*,*,*
2024-25,S,30,66514,3033610,Orange,Fullerton Joint Union High,La Vista High (Continuation),No,Yes,RB,*,*,*,*,*,*,*,*,*,*,*,*,*,*,*,*,*,*,*,*,*,*,*,*,*
2024-25,S,30,66514,3033610,Orange,Fullerton Joint Union High,La Vista High (Continuation),No,Yes,RD,*,*,*,*,*,*,*,*,*,*,*,*,*,*,*,*,*,*,*,*,*,*,*,*,*
2024-25,S,30,66514,3033610,Orange,Fullerton Joint Union High,La Vista High (Continuation),No,Yes,RF,*,*,*,*,*,*,*,*,*,*,*,*,*,*,*,*,*,*,*,*,*,*,*,*,*
2024-25,S,30,66514,3033610,Orange,Fullerton Joint Union High,La Vista High (Continuation),No,Yes,RH,153,111,72.5,0,0.0,0,0.0,3,2.7,0,0.0,0,0.0,0,0.0,0,0.0,0,0.0,4,2.6,38,24.8,0,0.0
2024-25,S,30,66514,3033610,Orange,Fullerton Joint Union High,La Vista High (Continuation),No,Yes,RI,*,*,*,*,*,*,*,*,*,*,*,*,*,*,*,*,*,*,*,*,*,*,*,*,*
2024-25,S,30,66514,3033610,Orange,Fullerton Joint Union High,La Vista High (Continuation),No,Yes,RP,*,*,*,*,*,*,*,*,*,*,*,*,*,*,*,*,*,*,*,*,*,*,*,*,*
2024-25,S,30,66514,3033610,Orange,Fullerton Joint Union High,La Vista High (Continuation),No,Yes,RT,*,*,*,*,*,*,*,*,*,*,*,*,*,*,*,*,*,*,*,*,*,*,*,*,*
2024-25,S,30,66514,3033610,Orange,Fullerton Joint Union High,La Vista High (Continuation),No,Yes,RW,*,*,*,*,*,*,*,*,*,*,*,*,*,*,*,*,*,*,*,*,*,*,*,*,*
2024-25,S,30,66514,3033610,Orange,Fullerton Joint Union High,La Vista High (Continuation),No,Yes,SD,22,19,86.4,0,0.0,0,0.0,0,0.0,0,0.0,0,0.0,0,0.0,0,0.0,0,0.0,0,0.0,3,13.6,0,0.0
2024-25,S,30,66514,3033610,Orange,Fullerton Joint Union High,La Vista High (Continuation),No,Yes,SE,89,58,65.2,0,0.0,0,0.0,1,1.7,0,0.0,0,0.0,0,0.0,0,0.0,0,0.0,3,3.4,28,31.5,0,0.0
2024-25,S,30,66514,3033610,Orange,Fullerton Joint Union High,La Vista High (Continuation),No,Yes,SF,*,*,*,*,*,*,*,*,*,*,*,*,*,*,*,*,*,*,*,*,*,*,*,*,*
2024-25,S,30,66514,3033610,Orange,Fullerton Joint Union High,La Vista High (Continuation),No,Yes,SH,44,24,54.5,0,0.0,0,0.0,0,0.0,0,0.0,0,0.0,0,0.0,0,0.0,0,0.0,1,2.3,19,43.2,0,0.0
2024-25,S,30,66514,3033610,Orange,Fullerton Joint Union High,La Vista High (Continuation),No,Yes,SS,175,127,72.6,0,0.0,0,0.0,3,2.4,0,0.0,0,0.0,0,0.0,0,0.0,0,0.0,5,2.9,43,24.6,0,0.0
2024-25,S,30,66514,3033610,Orange,Fullerton Joint Union High,La Vista High (Continuation),No,Yes,TA,176,128,72.7,0,0.0,0,0.0,3,2.3,0,0.0,0,0.0,0,0.0,0,0.0,0,0.0,5,2.8,43,24.4,0,0.0
2024-25,S,30,66514,3037090,Orange,Fullerton Joint Union High,Sonora High,No,No,GF,244,239,98.0,162,67.8,92,38.5,107,44.8,0,0.0,0,0.0,0,0.0,2,0.8,0,0.0,0,0.0,3,1.2,0,0.0
2024-25,S,30,66514,3037090,Orange,Fullerton Joint Union High,Sonora High,No,No,GM,213,202,94.8,103,51.0,32,15.8,55,27.2,0,0.0,1,0.5,0,0.0,5,2.3,0,0.0,1,0.5,4,1.9,0,0.0
2024-25,S,30,66514,3037090,Orange,Fullerton Joint Union High,Sonora High,No,No,RA,38,36,94.7,30,83.3,17,47.2,27,75.0,0,0.0,0,0.0,0,0.0,1,2.6,0,0.0,0,0.0,1,2.6,0,0.0
2024-25,S,30,66514,3037090,Orange,Fullerton Joint Union High,Sonora High,No,No,RB,*,*,*,*,*,*,*,*,*,*,*,*,*,*,*,*,*,*,*,*,*,*,*,*,*
2024-25,S,30,66514,3037090,Orange,Fullerton Joint Union High,Sonora High,No,No,RD,*,*,*,*,*,*,*,*,*,*,*,*,*,*,*,*,*,*,*,*,*,*,*,*,*
2024-25,S,30,66514,3037090,Orange,Fullerton Joint Union High,Sonora High,No,No,RF,*,*,*,*,*,*,*,*,*,*,*,*,*,*,*,*,*,*,*,*,*,*,*,*,*
2024-25,S,30,66514,3037090,Orange,Fullerton Joint Union High,Sonora High,No,No,RH,323,314,97.2,164,52.2,88,28.0,86,27.4,0,0.0,0,0.0,0,0.0,6,1.9,0,0.0,1,0.3,2,0.6,0,0.0
2024-25,S,30,66514,3037090,Orange,Fullerton Joint Union High,Sonora High,No,No,RI,*,*,*,*,*,*,*,*,*,*,*,*,*,*,*,*,*,*,*,*,*,*,*,*,*
2024-25,S,30,66514,3037090,Orange,Fullerton Joint Union High,Sonora High,No,No,RP,*,*,*,*,*,*,*,*,*,*,*,*,*,*,*,*,*,*,*,*,*,*,*,*,*
2024-25,S,30,66514,3037090,Orange,Fullerton Joint Union High,Sonora High,No,No,RT,*,*,*,*,*,*,*,*,*,*,*,*,*,*,*,*,*,*,*,*,*,*,*,*,*
2024-25,S,30,66514,3037090,Orange,Fullerton Joint Union High,Sonora High,No,No,RW,68,67,98.5,50,74.6,15,22.4,38,56.7,0,0.0,0,0.0,0,0.0,0,0.0,0,0.0,0,0.0,1,1.5,0,0.0
2024-25,S,30,66514,3037090,Orange,Fullerton Joint Union High,Sonora High,No,No,SD,50,41,82.0,7,17.1,0,0.0,5,12.2,0,0.0,0,0.0,0,0.0,7,14.0,0,0.0,1,2.0,1,2.0,0,0.0
2024-25,S,30,66514,3037090,Orange,Fullerton Joint Union High,Sonora High,No,No,SE,51,48,94.1,13,27.1,3,6.3,9,18.8,0,0.0,0,0.0,0,0.0,0,0.0,0,0.0,0,0.0,3,5.9,0,0.0
2024-25,S,30,66514,3037090,Orange,Fullerton Joint Union High,Sonora High,No,No,SF,*,*,*,*,*,*,*,*,*,*,*,*,*,*,*,*,*,*,*,*,*,*,*,*,*
2024-25,S,30,66514,3037090,Orange,Fullerton Joint Union High,Sonora High,No,No,SH,12,9,75.0,2,22.2,1,11.1,2,22.2,0,0.0,0,0.0,0,0.0,1,8.3,0,0.0,1,8.3,1,8.3,0,0.0
2024-25,S,30,66514,3037090,Orange,Fullerton Joint Union High,Sonora High,No,No,SS,350,338,96.6,182,53.8,88,26.0,98,29.0,0,0.0,0,0.0,0,0.0,7,2.0,0,0.0,1,0.3,4,1.1,0,0.0
2024-25,S,30,66514,3037090,Orange,Fullerton Joint Union High,Sonora High,No,No,TA,457,441,96.5,265,60.1,124,28.1,162,36.7,0,0.0,1,0.2,0,0.0,7,1.5,0,0.0,1,0.2,7,1.5,0,0.0
2024-25,S,30,66514,3037348,Orange,Fullerton Joint Union High,Sunny Hills High,No,No,GF,306,301,98.4,236,78.4,67,22.3,186,61.8,0,0.0,2,0.7,0,0.0,0,0.0,0,0.0,1,0.3,2,0.7,0,0.0
2024-25,S,30,66514,3037348,Orange,Fullerton Joint Union High,Sunny Hills High,No,No,GM,305,301,98.7,214,71.1,46,15.3,189,62.8,0,0.0,1,0.3,0,0.0,0,0.0,0,0.0,0,0.0,3,1.0,0,0.0
2024-25,S,30,66514,3037348,Orange,Fullerton Joint Union High,Sunny Hills High,No,No,GX,*,*,*,*,*,*,*,*,*,*,*,*,*,*,*,*,*,*,*,*,*,*,*,*,*
2024-25,S,30,66514,3037348,Orange,Fullerton Joint Union High,Sunny Hills High,No,No,RA,275,272,98.9,242,89.0,73,26.8,215,79.0,0,0.0,1,0.4,0,0.0,0,0.0,0,0.0,0,0.0,2,0.7,0,0.0
2024-25,S,30,66514,3037348,Orange,Fullerton Joint Union High,Sunny Hills High,No,No,RB,13,13,100.0,9,69.2,0,0.0,7,53.8,0,0.0,0,0.0,0,0.0,0,0.0,0,0.0,0,0.0,0,0.0,0,0.0
2024-25,S,30,66514,3037348,Orange,Fullerton Joint Union High,Sunny Hills High,No,No,RD,*,*,*,*,*,*,*,*,*,*,*,*,*,*,*,*,*,*,*,*,*,*,*,*,*
2024-25,S,30,66514,3037348,Orange,Fullerton Joint Union High,Sunny Hills High,No,No,RF,23,23,100.0,19,82.6,1,4.3,12,52.2,0,0.0,0,0.0,0,0.0,0,0.0,0,0.0,0,0.0,0,0.0,0,0.0
2024-25,S,30,66514,3037348,Orange,Fullerton Joint Union High,Sunny Hills High,No,No,RH,194,192,99.0,107,55.7,28,14.6,73,38.0,0,0.0,0,0.0,0,0.0,0,0.0,0,0.0,1,0.5,1,0.5,0,0.0
2024-25,S,30,66514,3037348,Orange,Fullerton Joint Union High,Sunny Hills High,No,No,RI,*,*,*,*,*,*,*,*,*,*,*,*,*,*,*,*,*,*,*,*,*,*,*,*,*
2024-25,S,30,66514,3037348,Orange,Fullerton Joint Union High,Sunny Hills High,No,No,RP,*,*,*,*,*,*,*,*,*,*,*,*,*,*,*,*,*,*,*,*,*,*,*,*,*
2024-25,S,30,66514,3037348,Orange,Fullerton Joint Union High,Sunny Hills High,No,No,RT,32,32,100.0,23,71.9,5,15.6,23,71.9,0,0.0,0,0.0,0,0.0,0,0.0,0,0.0,0,0.0,0,0.0,0,0.0
2024-25,S,30,66514,3037348,Orange,Fullerton Joint Union High,Sunny Hills High,No,No,RW,67,63,94.0,43,68.3,4,6.3,38,60.3,0,0.0,2,3.0,0,0.0,0,0.0,0,0.0,0,0.0,2,3.0,0,0.0
2024-25,S,30,66514,3037348,Orange,Fullerton Joint Union High,Sunny Hills High,No,No,SD,36,35,97.2,4,11.4,0,0.0,6,17.1,0,0.0,0,0.0,0,0.0,0,0.0,0,0.0,0,0.0,1,2.8,0,0.0
2024-25,S,30,66514,3037348,Orange,Fullerton Joint Union High,Sunny Hills High,No,No,SE,78,76,97.4,38,50.0,3,3.9,20,26.3,0,0.0,0,0.0,0,0.0,0,0.0,0,0.0,1,1.3,1,1.3,0,0.0
2024-25,S,30,66514,3037348,Orange,Fullerton Joint Union High,Sunny Hills High,No,No,SH,19,19,100.0,9,47.4,3,15.8,6,31.6,0,0.0,0,0.0,0,0.0,0,0.0,0,0.0,0,0.0,0,0.0,0,0.0
2024-25,S,30,66514,3037348,Orange,Fullerton Joint Union High,Sunny Hills High,No,No,SS,404,398,98.5,272,68.3,65,16.3,217,54.5,0,0.0,3,0.7,0,0.0,0,0.0,0,0.0,1,0.2,2,0.5,0,0.0
2024-25,S,30,66514,3037348,Orange,Fullerton Joint Union High,Sunny Hills High,No,No,TA,613,604,98.5,451,74.7,113,18.7,375,62.1,0,0.0,3,0.5,0,0.0,0,0.0,0,0.0,1,0.2,5,0.8,0,0.0
2024-25,S,30,66514,3037496,Orange,Fullerton Joint Union High,Troy High,No,No,GF,323,308,95.4,251,81.5,49,15.9,224,72.7,0,0.0,3,0.9,0,0.0,7,2.2,0,0.0,0,0.0,5,1.5,0,0.0
2024-25,S,30,66514,3037496,Orange,Fullerton Joint Union High,Troy High,No,No,GM,333,316,94.9,239,75.6,43,13.6,232,73.4,0,0.0,5,1.5,0,0.0,10,3.0,0,0.0,0,0.0,2,0.6,0,0.0
2024-25,S,30,66514,3037496,Orange,Fullerton Joint Union High,Troy High,No,No,GX,*,*,*,*,*,*,*,*,*,*,*,*,*,*,*,*,*,*,*,*,*,*,*,*,*
2024-25,S,30,66514,3037496,Orange,Fullerton Joint Union High,Troy High,No,No,RA,305,292,95.7,274,93.8,63,21.6,263,90.1,0,0.0,5,1.6,0,0.0,3,1.0,0,0.0,0,0.0,5,1.6,0,0.0
2024-25,S,30,66514,3037496,Orange,Fullerton Joint Union High,Troy High,No,No,RB,*,*,*,*,*,*,*,*,*,*,*,*,*,*,*,*,*,*,*,*,*,*,*,*,*
2024-25,S,30,66514,3037496,Orange,Fullerton Joint Union High,Troy High,No,No,RD,14,13,92.9,12,92.3,3,23.1,10,76.9,0,0.0,0,0.0,0,0.0,1,7.1,0,0.0,0,0.0,0,0.0,0,0.0
2024-25,S,30,66514,3037496,Orange,Fullerton Joint Union High,Troy High,No,No,RF,36,35,97.2,33,94.3,4,11.4,32,91.4,0,0.0,0,0.0,0,0.0,1,2.8,0,0.0,0,0.0,0,0.0,0,0.0
2024-25,S,30,66514,3037496,Orange,Fullerton Joint Union High,Troy High,No,No,RH,201,187,93.0,97,51.9,15,8.0,83,44.4,0,0.0,1,0.5,0,0.0,11,5.5,0,0.0,0,0.0,2,1.0,0,0.0
2024-25,S,30,66514,3037496,Orange,Fullerton Joint Union High,Troy High,No,No,RI,*,*,*,*,*,*,*,*,*,*,*,*,*,*,*,*,*,*,*,*,*,*,*,*,*
2024-25,S,30,66514,3037496,Orange,Fullerton Joint Union High,Troy High,No,No,RP,*,*,*,*,*,*,*,*,*,*,*,*,*,*,*,*,*,*,*,*,*,*,*,*,*
2024-25,S,30,66514,3037496,Orange,Fullerton Joint Union High,Troy High,No,No,RT,26,26,100.0,21,80.8,2,7.7,21,80.8,0,0.0,0,0.0,0,0.0,0,0.0,0,0.0,0,0.0,0,0.0,0,0.0
2024-25,S,30,66514,3037496,Orange,Fullerton Joint Union High,Troy High,No,No,RW,66,63,95.5,46,73.0,3,4.8,44,69.8,0,0.0,2,3.0,0,0.0,1,1.5,0,0.0,0,0.0,0,0.0,0,0.0
2024-25,S,30,66514,3037496,Orange,Fullerton Joint Union High,Troy High,No,No,SD,42,24,57.1,7,29.2,0,0.0,7,29.2,0,0.0,0,0.0,0,0.0,18,42.9,0,0.0,0,0.0,0,0.0,0,0.0
2024-25,S,30,66514,3037496,Orange,Fullerton Joint Union High,Troy High,No,No,SE,38,38,100.0,12,31.6,3,7.9,10,26.3,0,0.0,0,0.0,0,0.0,0,0.0,0,0.0,0,0.0,0,0.0,0,0.0
2024-25,S,30,66514,3037496,Orange,Fullerton Joint Union High,Troy High,No,No,SF,*,*,*,*,*,*,*,*,*,*,*,*,*,*,*,*,*,*,*,*,*,*,*,*,*
2024-25,S,30,66514,3037496,Orange,Fullerton Joint Union High,Troy High,No,No,SH,*,*,*,*,*,*,*,*,*,*,*,*,*,*,*,*,*,*,*,*,*,*,*,*,*
2024-25,S,30,66514,3037496,Orange,Fullerton Joint Union High,Troy High,No,No,SS,356,334,93.8,227,68.0,43,12.9,205,61.4,0,0.0,4,1.1,0,0.0,16,4.5,0,0.0,0,0.0,2,0.6,0,0.0
2024-25,S,30,66514,3037496,Orange,Fullerton Joint Union High,Troy High,No,No,TA,660,627,95.0,493,78.6,92,14.7,459,73.2,0,0.0,8,1.2,0,0.0,18,2.7,0,0.0,0,0.0,7,1.1,0,0.0
2024-25,S,30,66522,1,Orange,Garden Grove Unified,"Nonpublic, Nonsectarian Schools",No,No,GM,*,*,*,*,*,*,*,*,*,*,*,*,*,*,*,*,*,*,*,*,*,*,*,*,*
2024-25,S,30,66522,1,Orange,Garden Grove Unified,"Nonpublic, Nonsectarian Schools",No,No,RA,*,*,*,*,*,*,*,*,*,*,*,*,*,*,*,*,*,*,*,*,*,*,*,*,*
2024-25,S,30,66522,1,Orange,Garden Grove Unified,"Nonpublic, Nonsectarian Schools",No,No,RB,*,*,*,*,*,*,*,*,*,*,*,*,*,*,*,*,*,*,*,*,*,*,*,*,*
2024-25,S,30,66522,1,Orange,Garden Grove Unified,"Nonpublic, Nonsectarian Schools",No,No,RD,*,*,*,*,*,*,*,*,*,*,*,*,*,*,*,*,*,*,*,*,*,*,*,*,*
2024-25,S,30,66522,1,Orange,Garden Grove Unified,"Nonpublic, Nonsectarian Schools",No,No,RF,*,*,*,*,*,*,*,*,*,*,*,*,*,*,*,*,*,*,*,*,*,*,*,*,*
2024-25,S,30,66522,1,Orange,Garden Grove Unified,"Nonpublic, Nonsectarian Schools",No,No,RH,*,*,*,*,*,*,*,*,*,*,*,*,*,*,*,*,*,*,*,*,*,*,*,*,*
2024-25,S,30,66522,1,Orange,Garden Grove Unified,"Nonpublic, Nonsectarian Schools",No,No,RI,*,*,*,*,*,*,*,*,*,*,*,*,*,*,*,*,*,*,*,*,*,*,*,*,*
2024-25,S,30,66522,1,Orange,Garden Grove Unified,"Nonpublic, Nonsectarian Schools",No,No,RP,*,*,*,*,*,*,*,*,*,*,*,*,*,*,*,*,*,*,*,*,*,*,*,*,*
2024-25,S,30,66522,1,Orange,Garden Grove Unified,"Nonpublic, Nonsectarian Schools",No,No,RT,*,*,*,*,*,*,*,*,*,*,*,*,*,*,*,*,*,*,*,*,*,*,*,*,*
2024-25,S,30,66522,1,Orange,Garden Grove Unified,"Nonpublic, Nonsectarian Schools",No,No,RW,*,*,*,*,*,*,*,*,*,*,*,*,*,*,*,*,*,*,*,*,*,*,*,*,*
2024-25,S,30,66522,1,Orange,Garden Grove Unified,"Nonpublic, Nonsectarian Schools",No,No,SD,*,*,*,*,*,*,*,*,*,*,*,*,*,*,*,*,*,*,*,*,*,*,*,*,*
2024-25,S,30,66522,1,Orange,Garden Grove Unified,"Nonpublic, Nonsectarian Schools",No,No,SM,*,*,*,*,*,*,*,*,*,*,*,*,*,*,*,*,*,*,*,*,*,*,*,*,*
2024-25,S,30,66522,1,Orange,Garden Grove Unified,"Nonpublic, Nonsectarian Schools",No,No,SS,*,*,*,*,*,*,*,*,*,*,*,*,*,*,*,*,*,*,*,*,*,*,*,*,*
2024-25,S,30,66522,1,Orange,Garden Grove Unified,"Nonpublic, Nonsectarian Schools",No,No,TA,*,*,*,*,*,*,*,*,*,*,*,*,*,*,*,*,*,*,*,*,*,*,*,*,*
2024-25,S,30,66522,3030103,Orange,Garden Grove Unified,Marie L. Hare High,No,Yes,GF,44,43,97.7,2,4.7,0,0.0,0,0.0,2,4.7,0,0.0,0,0.0,0,0.0,0,0.0,0,0.0,1,2.3,0,0.0
2024-25,S,30,66522,3030103,Orange,Garden Grove Unified,Marie L. Hare High,No,Yes,GM,44,34,77.3,0,0.0,0,0.0,0,0.0,3,8.8,0,0.0,0,0.0,0,0.0,0,0.0,0,0.0,10,22.7,0,0.0
2024-25,S,30,66522,3030103,Orange,Garden Grove Unified,Marie L. Hare High,No,Yes,GX,*,*,*,*,*,*,*,*,*,*,*,*,*,*,*,*,*,*,*,*,*,*,*,*,*
2024-25,S,30,66522,3030103,Orange,Garden Grove Unified,Marie L. Hare High,No,Yes,RA,*,*,*,*,*,*,*,*,*,*,*,*,*,*,*,*,*,*,*,*,*,*,*,*,*
2024-25,S,30,66522,3030103,Orange,Garden Grove Unified,Marie L. Hare High,No,Yes,RB,*,*,*,*,*,*,*,*,*,*,*,*,*,*,*,*,*,*,*,*,*,*,*,*,*
2024-25,S,30,66522,3030103,Orange,Garden Grove Unified,Marie L. Hare High,No,Yes,RD,*,*,*,*,*,*,*,*,*,*,*,*,*,*,*,*,*,*,*,*,*,*,*,*,*
2024-25,S,30,66522,3030103,Orange,Garden Grove Unified,Marie L. Hare High,No,Yes,RF,*,*,*,*,*,*,*,*,*,*,*,*,*,*,*,*,*,*,*,*,*,*,*,*,*
2024-25,S,30,66522,3030103,Orange,Garden Grove Unified,Marie L. Hare High,No,Yes,RH,69,60,87.0,2,3.3,0,0.0,0,0.0,2,3.3,0,0.0,0,0.0,0,0.0,0,0.0,0,0.0,9,13.0,0,0.0
2024-25,S,30,66522,3030103,Orange,Garden Grove Unified,Marie L. Hare High,No,Yes,RI,*,*,*,*,*,*,*,*,*,*,*,*,*,*,*,*,*,*,*,*,*,*,*,*,*
2024-25,S,30,66522,3030103,Orange,Garden Grove Unified,Marie L. Hare High,No,Yes,RP,*,*,*,*,*,*,*,*,*,*,*,*,*,*,*,*,*,*,*,*,*,*,*,*,*
2024-25,S,30,66522,3030103,Orange,Garden Grove Unified,Marie L. Hare High,No,Yes,RT,*,*,*,*,*,*,*,*,*,*,*,*,*,*,*,*,*,*,*,*,*,*,*,*,*
2024-25,S,30,66522,3030103,Orange,Garden Grove Unified,Marie L. Hare High,No,Yes,RW,*,*,*,*,*,*,*,*,*,*,*,*,*,*,*,*,*,*,*,*,*,*,*,*,*
2024-25,S,30,66522,3030103,Orange,Garden Grove Unified,Marie L. Hare High,No,Yes,SD,13,11,84.6,0,0.0,0,0.0,0,0.0,1,9.1,0,0.0,0,0.0,0,0.0,0,0.0,0,0.0,2,15.4,0,0.0
2024-25,S,30,66522,3030103,Orange,Garden Grove Unified,Marie L. Hare High,No,Yes,SE,41,32,78.0,1,3.1,0,0.0,0,0.0,0,0.0,0,0.0,0,0.0,0,0.0,0,0.0,0,0.0,9,22.0,0,0.0
2024-25,S,30,66522,3030103,Orange,Garden Grove Unified,Marie L. Hare High,No,Yes,SH,14,9,64.3,0,0.0,0,0.0,0,0.0,4,44.4,0,0.0,0,0.0,0,0.0,0,0.0,0,0.0,5,35.7,0,0.0
2024-25,S,30,66522,3030103,Orange,Garden Grove Unified,Marie L. Hare High,No,Yes,SS,88,77,87.5,2,2.6,0,0.0,0,0.0,5,6.5,0,0.0,0,0.0,0,0.0,0,0.0,0,0.0,11,12.5,0,0.0
2024-25,S,30,66522,3030103,Orange,Garden Grove Unified,Marie L. Hare High,No,Yes,TA,90,79,87.8,2,2.5,0,0.0,0,0.0,5,6.3,0,0.0,0,0.0,0,0.0,0,0.0,0,0.0,11,12.2,0,0.0
2024-25,S,30,66522,3030434,Orange,Garden Grove Unified,Bolsa Grande High,No,No,GF,209,194,92.8,142,73.2,59,30.4,100,51.5,0,0.0,0,0.0,0,0.0,0,0.0,0,0.0,0,0.0,15,7.2,0,0.0
2024-25,S,30,66522,3030434,Orange,Garden Grove Unified,Bolsa Grande High,No,No,GM,223,207,92.8,127,61.4,30,14.5,82,39.6,0,0.0,0,0.0,0,0.0,0,0.0,0,0.0,0,0.0,16,7.2,0,0.0
2024-25,S,30,66522,3030434,Orange,Garden Grove Unified,Bolsa Grande High,No,No,GX,*,*,*,*,*,*,*,*,*,*,*,*,*,*,*,*,*,*,*,*,*,*,*,*,*
2024-25,S,30,66522,3030434,Orange,Garden Grove Unified,Bolsa Grande High,No,No,RA,258,237,91.9,202,85.2,60,25.3,154,65.0,0,0.0,0,0.0,0,0.0,0,0.0,0,0.0,0,0.0,21,8.1,0,0.0
2024-25,S,30,66522,3030434,Orange,Garden Grove Unified,Bolsa Grande High,No,No,RB,*,*,*,*,*,*,*,*,*,*,*,*,*,*,*,*,*,*,*,*,*,*,*,*,*
2024-25,S,30,66522,3030434,Orange,Garden Grove Unified,Bolsa Grande High,No,No,RD,*,*,*,*,*,*,*,*,*,*,*,*,*,*,*,*,*,*,*,*,*,*,*,*,*
2024-25,S,30,66522,3030434,Orange,Garden Grove Unified,Bolsa Grande High,No,No,RF,*,*,*,*,*,*,*,*,*,*,*,*,*,*,*,*,*,*,*,*,*,*,*,*,*
2024-25,S,30,66522,3030434,Orange,Garden Grove Unified,Bolsa Grande High,No,No,RH,148,139,93.9,53,38.1,28,20.1,21,15.1,0,0.0,0,0.0,0,0.0,0,0.0,0,0.0,0,0.0,9,6.1,0,0.0
2024-25,S,30,66522,3030434,Orange,Garden Grove Unified,Bolsa Grande High,No,No,RI,*,*,*,*,*,*,*,*,*,*,*,*,*,*,*,*,*,*,*,*,*,*,*,*,*
2024-25,S,30,66522,3030434,Orange,Garden Grove Unified,Bolsa Grande High,No,No,RP,*,*,*,*,*,*,*,*,*,*,*,*,*,*,*,*,*,*,*,*,*,*,*,*,*
2024-25,S,30,66522,3030434,Orange,Garden Grove Unified,Bolsa Grande High,No,No,RT,*,*,*,*,*,*,*,*,*,*,*,*,*,*,*,*,*,*,*,*,*,*,*,*,*
2024-25,S,30,66522,3030434,Orange,Garden Grove Unified,Bolsa Grande High,No,No,RW,15,15,100.0,7,46.7,2,13.3,3,20.0,0,0.0,0,0.0,0,0.0,0,0.0,0,0.0,0,0.0,0,0.0,0,0.0
2024-25,S,30,66522,3030434,Orange,Garden Grove Unified,Bolsa Grande High,No,No,SD,47,46,97.9,5,10.9,0,0.0,2,4.3,0,0.0,0,0.0,0,0.0,0,0.0,0,0.0,0,0.0,1,2.1,0,0.0
2024-25,S,30,66522,3030434,Orange,Garden Grove Unified,Bolsa Grande High,No,No,SE,134,106,79.1,44,41.5,17,16.0,22,20.8,0,0.0,0,0.0,0,0.0,0,0.0,0,0.0,0,0.0,28,20.9,0,0.0
2024-25,S,30,66522,3030434,Orange,Garden Grove Unified,Bolsa Grande High,No,No,SF,*,*,*,*,*,*,*,*,*,*,*,*,*,*,*,*,*,*,*,*,*,*,*,*,*
2024-25,S,30,66522,3030434,Orange,Garden Grove Unified,Bolsa Grande High,No,No,SH,28,22,78.6,11,50.0,7,31.8,9,40.9,0,0.0,0,0.0,0,0.0,0,0.0,0,0.0,0,0.0,6,21.4,0,0.0
2024-25,S,30,66522,3030434,Orange,Garden Grove Unified,Bolsa Grande High,No,No,SS,409,381,93.2,253,66.4,85,22.3,172,45.1,0,0.0,0,0.0,0,0.0,0,0.0,0,0.0,0,0.0,28,6.8,0,0.0
2024-25,S,30,66522,3030434,Orange,Garden Grove Unified,Bolsa Grande High,No,No,TA,433,402,92.8,269,66.9,90,22.4,183,45.5,0,0.0,0,0.0,0,0.0,0,0.0,0,0.0,0,0.0,31,7.2,0,0.0
2024-25,S,30,66522,3032752,Orange,Garden Grove Unified,Garden Grove High,No,No,GF,256,245,95.7,184,75.1,65,26.5,102,41.6,0,0.0,0,0.0,0,0.0,0,0.0,0,0.0,0,0.0,11,4.3,0,0.0
2024-25,S,30,66522,3032752,Orange,Garden Grove Unified,Garden Grove High,No,No,GM,267,246,92.1,151,61.4,38,15.4,89,36.2,0,0.0,0,0.0,0,0.0,0,0.0,0,0.0,2,0.7,19,7.1,0,0.0
2024-25,S,30,66522,3032752,Orange,Garden Grove Unified,Garden Grove High,No,No,RA,217,201,92.6,176,87.6,43,21.4,133,66.2,0,0.0,0,0.0,0,0.0,0,0.0,0,0.0,0,0.0,16,7.4,0,0.0
2024-25,S,30,66522,3032752,Orange,Garden Grove Unified,Garden Grove High,No,No,RB,*,*,*,*,*,*,*,*,*,*,*,*,*,*,*,*,*,*,*,*,*,*,*,*,*
2024-25,S,30,66522,3032752,Orange,Garden Grove Unified,Garden Grove High,No,No,RD,*,*,*,*,*,*,*,*,*,*,*,*,*,*,*,*,*,*,*,*,*,*,*,*,*
2024-25,S,30,66522,3032752,Orange,Garden Grove Unified,Garden Grove High,No,No,RF,*,*,*,*,*,*,*,*,*,*,*,*,*,*,*,*,*,*,*,*,*,*,*,*,*
2024-25,S,30,66522,3032752,Orange,Garden Grove Unified,Garden Grove High,No,No,RH,252,236,93.7,122,51.7,56,23.7,41,17.4,0,0.0,0,0.0,0,0.0,0,0.0,0,0.0,2,0.8,14,5.6,0,0.0
2024-25,S,30,66522,3032752,Orange,Garden Grove Unified,Garden Grove High,No,No,RI,*,*,*,*,*,*,*,*,*,*,*,*,*,*,*,*,*,*,*,*,*,*,*,*,*
2024-25,S,30,66522,3032752,Orange,Garden Grove Unified,Garden Grove High,No,No,RP,*,*,*,*,*,*,*,*,*,*,*,*,*,*,*,*,*,*,*,*,*,*,*,*,*
2024-25,S,30,66522,3032752,Orange,Garden Grove Unified,Garden Grove High,No,No,RT,*,*,*,*,*,*,*,*,*,*,*,*,*,*,*,*,*,*,*,*,*,*,*,*,*
2024-25,S,30,66522,3032752,Orange,Garden Grove Unified,Garden Grove High,No,No,RW,30,30,100.0,20,66.7,2,6.7,7,23.3,0,0.0,0,0.0,0,0.0,0,0.0,0,0.0,0,0.0,0,0.0,0,0.0
2024-25,S,30,66522,3032752,Orange,Garden Grove Unified,Garden Grove High,No,No,SD,57,48,84.2,8,16.7,0,0.0,2,4.2,0,0.0,0,0.0,0,0.0,0,0.0,0,0.0,1,1.8,8,14.0,0,0.0
2024-25,S,30,66522,3032752,Orange,Garden Grove Unified,Garden Grove High,No,No,SE,130,105,80.8,39,37.1,11,10.5,11,10.5,0,0.0,0,0.0,0,0.0,0,0.0,0,0.0,1,0.8,24,18.5,0,0.0
2024-25,S,30,66522,3032752,Orange,Garden Grove Unified,Garden Grove High,No,No,SF,*,*,*,*,*,*,*,*,*,*,*,*,*,*,*,*,*,*,*,*,*,*,*,*,*
2024-25,S,30,66522,3032752,Orange,Garden Grove Unified,Garden Grove High,No,No,SH,26,20,76.9,13,65.0,5,25.0,8,40.0,0,0.0,0,0.0,0,0.0,0,0.0,0,0.0,0,0.0,6,23.1,0,0.0
2024-25,S,30,66522,3032752,Orange,Garden Grove Unified,Garden Grove High,No,No,SS,485,456,94.0,309,67.8,99,21.7,173,37.9,0,0.0,0,0.0,0,0.0,0,0.0,0,0.0,2,0.4,27,5.6,0,0.0
2024-25,S,30,66522,3032752,Orange,Garden Grove Unified,Garden Grove High,No,No,TA,523,491,93.9,335,68.2,103,21.0,191,38.9,0,0.0,0,0.0,0,0.0,0,0.0,0,0.0,2,0.4,30,5.7,0,0.0
2024-25,S,30,66522,3033578,Orange,Garden Grove Unified,La Quinta High,No,No,GF,254,242,95.3,196,81.0,88,36.4,136,56.2,0,0.0,0,0.0,0,0.0,3,1.2,0,0.0,0,0.0,9,3.5,0,0.0
2024-25,S,30,66522,3033578,Orange,Garden Grove Unified,La Quinta High,No,No,GM,287,268,93.4,200,74.6,65,24.3,143,53.4,0,0.0,1,0.3,0,0.0,6,2.1,1,0.3,0,0.0,11,3.8,0,0.0
2024-25,S,30,66522,3033578,Orange,Garden Grove Unified,La Quinta High,No,No,RA,410,392,95.6,334,85.2,124,31.6,248,63.3,0,0.0,0,0.0,0,0.0,6,1.5,1,0.2,0,0.0,11,2.7,0,0.0
2024-25,S,30,66522,3033578,Orange,Garden Grove Unified,La Quinta High,No,No,RB,*,*,*,*,*,*,*,*,*,*,*,*,*,*,*,*,*,*,*,*,*,*,*,*,*
2024-25,S,30,66522,3033578,Orange,Garden Grove Unified,La Quinta High,No,No,RD,*,*,*,*,*,*,*,*,*,*,*,*,*,*,*,*,*,*,*,*,*,*,*,*,*
2024-25,S,30,66522,3033578,Orange,Garden Grove Unified,La Quinta High,No,No,RF,*,*,*,*,*,*,*,*,*,*,*,*,*,*,*,*,*,*,*,*,*,*,*,*,*
2024-25,S,30,66522,3033578,Orange,Garden Grove Unified,La Quinta High,No,No,RH,92,84,91.3,41,48.8,26,31.0,17,20.2,0,0.0,0,0.0,0,0.0,3,3.3,0,0.0,0,0.0,5,5.4,0,0.0
2024-25,S,30,66522,3033578,Orange,Garden Grove Unified,La Quinta High,No,No,RI,*,*,*,*,*,*,*,*,*,*,*,*,*,*,*,*,*,*,*,*,*,*,*,*,*
2024-25,S,30,66522,3033578,Orange,Garden Grove Unified,La Quinta High,No,No,RP,*,*,*,*,*,*,*,*,*,*,*,*,*,*,*,*,*,*,*,*,*,*,*,*,*
2024-25,S,30,66522,3033578,Orange,Garden Grove Unified,La Quinta High,No,No,RT,*,*,*,*,*,*,*,*,*,*,*,*,*,*,*,*,*,*,*,*,*,*,*,*,*
2024-25,S,30,66522,3033578,Orange,Garden Grove Unified,La Quinta High,No,No,RW,25,21,84.0,11,52.4,3,14.3,8,38.1,0,0.0,1,4.0,0,0.0,0,0.0,0,0.0,0,0.0,3,12.0,0,0.0
2024-25,S,30,66522,3033578,Orange,Garden Grove Unified,La Quinta High,No,No,SD,51,39,76.5,8,20.5,0,0.0,2,5.1,0,0.0,1,2.0,0,0.0,9,17.6,0,0.0,0,0.0,2,3.9,0,0.0
2024-25,S,30,66522,3033578,Orange,Garden Grove Unified,La Quinta High,No,No,SE,125,106,84.8,47,44.3,20,18.9,19,17.9,0,0.0,1,0.8,0,0.0,1,0.8,0,0.0,0,0.0,17,13.6,0,0.0
2024-25,S,30,66522,3033578,Orange,Garden Grove Unified,La Quinta High,No,No,SF,*,*,*,*,*,*,*,*,*,*,*,*,*,*,*,*,*,*,*,*,*,*,*,*,*
2024-25,S,30,66522,3033578,Orange,Garden Grove Unified,La Quinta High,No,No,SH,23,21,91.3,11,52.4,7,33.3,8,38.1,0,0.0,0,0.0,0,0.0,0,0.0,0,0.0,0,0.0,2,8.7,0,0.0
2024-25,S,30,66522,3033578,Orange,Garden Grove Unified,La Quinta High,No,No,SS,477,448,93.9,336,75.0,135,30.1,235,52.5,0,0.0,1,0.2,0,0.0,7,1.5,1,0.2,0,0.0,20,4.2,0,0.0
2024-25,S,30,66522,3033578,Orange,Garden Grove Unified,La Quinta High,No,No,TA,541,510,94.3,396,77.6,153,30.0,279,54.7,0,0.0,1,0.2,0,0.0,9,1.7,1,0.2,0,0.0,20,3.7,0,0.0
2024-25,S,30,66522,3033933,Orange,Garden Grove Unified,Los Amigos High,No,No,GF,176,166,94.3,117,70.5,34,20.5,63,38.0,0,0.0,0,0.0,0,0.0,1,0.6,0,0.0,0,0.0,9,5.1,0,0.0
2024-25,S,30,66522,3033933,Orange,Garden Grove Unified,Los Amigos High,No,No,GM,202,177,87.6,91,51.4,8,4.5,46,26.0,0,0.0,0,0.0,0,0.0,6,3.0,0,0.0,1,0.5,18,8.9,0,0.0
2024-25,S,30,66522,3033933,Orange,Garden Grove Unified,Los Amigos High,No,No,RA,57,50,87.7,41,82.0,15,30.0,36,72.0,0,0.0,0,0.0,0,0.0,1,1.8,0,0.0,0,0.0,6,10.5,0,0.0
2024-25,S,30,66522,3033933,Orange,Garden Grove Unified,Los Amigos High,No,No,RB,*,*,*,*,*,*,*,*,*,*,*,*,*,*,*,*,*,*,*,*,*,*,*,*,*
2024-25,S,30,66522,3033933,Orange,Garden Grove Unified,Los Amigos High,No,No,RD,*,*,*,*,*,*,*,*,*,*,*,*,*,*,*,*,*,*,*,*,*,*,*,*,*
2024-25,S,30,66522,3033933,Orange,Garden Grove Unified,Los Amigos High,No,No,RF,*,*,*,*,*,*,*,*,*,*,*,*,*,*,*,*,*,*,*,*,*,*,*,*,*
2024-25,S,30,66522,3033933,Orange,Garden Grove Unified,Los Amigos High,No,No,RH,305,278,91.1,158,56.8,26,9.4,66,23.7,0,0.0,0,0.0,0,0.0,5,1.6,0,0.0,1,0.3,21,6.9,0,0.0
2024-25,S,30,66522,3033933,Orange,Garden Grove Unified,Los Amigos High,No,No,RI,*,*,*,*,*,*,*,*,*,*,*,*,*,*,*,*,*,*,*,*,*,*,*,*,*
2024-25,S,30,66522,3033933,Orange,Garden Grove Unified,Los Amigos High,No,No,RP,*,*,*,*,*,*,*,*,*,*,*,*,*,*,*,*,*,*,*,*,*,*,*,*,*
2024-25,S,30,66522,3033933,Orange,Garden Grove Unified,Los Amigos High,No,No,RT,*,*,*,*,*,*,*,*,*,*,*,*,*,*,*,*,*,*,*,*,*,*,*,*,*
2024-25,S,30,66522,3033933,Orange,Garden Grove Unified,Los Amigos High,No,No,RW,*,*,*,*,*,*,*,*,*,*,*,*,*,*,*,*,*,*,*,*,*,*,*,*,*
2024-25,S,30,66522,3033933,Orange,Garden Grove Unified,Los Amigos High,No,No,SD,81,67,82.7,11,16.4,1,1.5,3,4.5,0,0.0,0,0.0,0,0.0,7,8.6,0,0.0,1,1.2,6,7.4,0,0.0
2024-25,S,30,66522,3033933,Orange,Garden Grove Unified,Los Amigos High,No,No,SE,162,139,85.8,49,35.3,13,9.4,9,6.5,0,0.0,0,0.0,0,0.0,2,1.2,0,0.0,1,0.6,20,12.3,0,0.0
2024-25,S,30,66522,3033933,Orange,Garden Grove Unified,Los Amigos High,No,No,SH,32,23,71.9,8,34.8,2,8.7,4,17.4,0,0.0,0,0.0,0,0.0,2,6.3,0,0.0,0,0.0,7,21.9,0,0.0
2024-25,S,30,66522,3033933,Orange,Garden Grove Unified,Los Amigos High,No,No,SS,367,336,91.6,202,60.1,41,12.2,105,31.3,0,0.0,0,0.0,0,0.0,6,1.6,0,0.0,1,0.3,24,6.5,0,0.0
2024-25,S,30,66522,3033933,Orange,Garden Grove Unified,Los Amigos High,No,No,TA,378,343,90.7,208,60.6,42,12.2,109,31.8,0,0.0,0,0.0,0,0.0,7,1.9,0,0.0,1,0.3,27,7.1,0,0.0
2024-25,S,30,66522,3035581,Orange,Garden Grove Unified,Pacifica High,No,No,GF,183,174,95.1,123,70.7,45,25.9,79,45.4,0,0.0,1,0.5,0,0.0,2,1.1,0,0.0,0,0.0,6,3.3,0,0.0
2024-25,S,30,66522,3035581,Orange,Garden Grove Unified,Pacifica High,No,No,GM,222,207,93.2,145,70.0,21,10.1,93,44.9,0,0.0,0,0.0,0,0.0,8,3.6,0,0.0,0,0.0,7,3.2,0,0.0
2024-25,S,30,66522,3035581,Orange,Garden Grove Unified,Pacifica High,No,No,GX,*,*,*,*,*,*,*,*,*,*,*,*,*,*,*,*,*,*,*,*,*,*,*,*,*
2024-25,S,30,66522,3035581,Orange,Garden Grove Unified,Pacifica High,No,No,RA,129,119,92.2,99,83.2,32,26.9,90,75.6,0,0.0,0,0.0,0,0.0,4,3.1,0,0.0,0,0.0,6,4.7,0,0.0
2024-25,S,30,66522,3035581,Orange,Garden Grove Unified,Pacifica High,No,No,RB,*,*,*,*,*,*,*,*,*,*,*,*,*,*,*,*,*,*,*,*,*,*,*,*,*
2024-25,S,30,66522,3035581,Orange,Garden Grove Unified,Pacifica High,No,No,RD,*,*,*,*,*,*,*,*,*,*,*,*,*,*,*,*,*,*,*,*,*,*,*,*,*
2024-25,S,30,66522,3035581,Orange,Garden Grove Unified,Pacifica High,No,No,RF,*,*,*,*,*,*,*,*,*,*,*,*,*,*,*,*,*,*,*,*,*,*,*,*,*
2024-25,S,30,66522,3035581,Orange,Garden Grove Unified,Pacifica High,No,No,RH,139,129,92.8,73,56.6,23,17.8,24,18.6,0,0.0,0,0.0,0,0.0,5,3.6,0,0.0,0,0.0,5,3.6,0,0.0
2024-25,S,30,66522,3035581,Orange,Garden Grove Unified,Pacifica High,No,No,RI,*,*,*,*,*,*,*,*,*,*,*,*,*,*,*,*,*,*,*,*,*,*,*,*,*
2024-25,S,30,66522,3035581,Orange,Garden Grove Unified,Pacifica High,No,No,RP,*,*,*,*,*,*,*,*,*,*,*,*,*,*,*,*,*,*,*,*,*,*,*,*,*
2024-25,S,30,66522,3035581,Orange,Garden Grove Unified,Pacifica High,No,No,RT,14,14,100.0,12,85.7,0,0.0,7,50.0,0,0.0,0,0.0,0,0.0,0,0.0,0,0.0,0,0.0,0,0.0,0,0.0
2024-25,S,30,66522,3035581,Orange,Garden Grove Unified,Pacifica High,No,No,RW,110,106,96.4,74,69.8,10,9.4,45,42.5,0,0.0,1,0.9,0,0.0,1,0.9,0,0.0,0,0.0,2,1.8,0,0.0
2024-25,S,30,66522,3035581,Orange,Garden Grove Unified,Pacifica High,No,No,SD,46,34,73.9,11,32.4,1,2.9,2,5.9,0,0.0,0,0.0,0,0.0,10,21.7,0,0.0,0,0.0,2,4.3,0,0.0
2024-25,S,30,66522,3035581,Orange,Garden Grove Unified,Pacifica High,No,No,SE,36,29,80.6,14,48.3,4,13.8,7,24.1,0,0.0,0,0.0,0,0.0,1,2.8,0,0.0,0,0.0,6,16.7,0,0.0
2024-25,S,30,66522,3035581,Orange,Garden Grove Unified,Pacifica High,No,No,SF,*,*,*,*,*,*,*,*,*,*,*,*,*,*,*,*,*,*,*,*,*,*,*,*,*
2024-25,S,30,66522,3035581,Orange,Garden Grove Unified,Pacifica High,No,No,SH,17,16,94.1,4,25.0,2,12.5,5,31.3,0,0.0,0,0.0,0,0.0,0,0.0,0,0.0,0,0.0,1,5.9,0,0.0
2024-25,S,30,66522,3035581,Orange,Garden Grove Unified,Pacifica High,No,No,SS,281,262,93.2,172,65.6,54,20.6,110,42.0,0,0.0,0,0.0,0,0.0,9,3.2,0,0.0,0,0.0,10,3.6,0,0.0
2024-25,S,30,66522,3035581,Orange,Garden Grove Unified,Pacifica High,No,No,TA,408,384,94.1,268,69.8,66,17.2,172,44.8,0,0.0,1,0.2,0,0.0,10,2.5,0,0.0,0,0.0,13,3.2,0,0.0
2024-25,S,30,66522,3035706,Orange,Garden Grove Unified,Rancho Alamitos High,No,No,GF,166,156,94.0,95,60.9,32,20.5,59,37.8,0,0.0,1,0.6,0,0.0,4,2.4,0,0.0,0,0.0,5,3.0,0,0.0
2024-25,S,30,66522,3035706,Orange,Garden Grove Unified,Rancho Alamitos High,No,No,GM,205,183,89.3,104,56.8,30,16.4,53,29.0,0,0.0,0,0.0,0,0.0,8,3.9,0,0.0,0,0.0,14,6.8,0,0.0
2024-25,S,30,66522,3035706,Orange,Garden Grove Unified,Rancho Alamitos High,No,No,GX,*,*,*,*,*,*,*,*,*,*,*,*,*,*,*,*,*,*,*,*,*,*,*,*,*
2024-25,S,30,66522,3035706,Orange,Garden Grove Unified,Rancho Alamitos High,No,No,RA,127,110,86.6,92,83.6,27,24.5,70,63.6,0,0.0,1,0.8,0,0.0,7,5.5,0,0.0,0,0.0,9,7.1,0,0.0
2024-25,S,30,66522,3035706,Orange,Garden Grove Unified,Rancho Alamitos High,No,No,RB,*,*,*,*,*,*,*,*,*,*,*,*,*,*,*,*,*,*,*,*,*,*,*,*,*
2024-25,S,30,66522,3035706,Orange,Garden Grove Unified,Rancho Alamitos High,No,No,RD,*,*,*,*,*,*,*,*,*,*,*,*,*,*,*,*,*,*,*,*,*,*,*,*,*
2024-25,S,30,66522,3035706,Orange,Garden Grove Unified,Rancho Alamitos High,No,No,RF,*,*,*,*,*,*,*,*,*,*,*,*,*,*,*,*,*,*,*,*,*,*,*,*,*
2024-25,S,30,66522,3035706,Orange,Garden Grove Unified,Rancho Alamitos High,No,No,RH,214,202,94.4,93,46.0,36,17.8,37,18.3,0,0.0,0,0.0,0,0.0,4,1.9,0,0.0,0,0.0,8,3.7,0,0.0
2024-25,S,30,66522,3035706,Orange,Garden Grove Unified,Rancho Alamitos High,No,No,RI,*,*,*,*,*,*,*,*,*,*,*,*,*,*,*,*,*,*,*,*,*,*,*,*,*
2024-25,S,30,66522,3035706,Orange,Garden Grove Unified,Rancho Alamitos High,No,No,RP,*,*,*,*,*,*,*,*,*,*,*,*,*,*,*,*,*,*,*,*,*,*,*,*,*
2024-25,S,30,66522,3035706,Orange,Garden Grove Unified,Rancho Alamitos High,No,No,RT,*,*,*,*,*,*,*,*,*,*,*,*,*,*,*,*,*,*,*,*,*,*,*,*,*
2024-25,S,30,66522,3035706,Orange,Garden Grove Unified,Rancho Alamitos High,No,No,RW,*,*,*,*,*,*,*,*,*,*,*,*,*,*,*,*,*,*,*,*,*,*,*,*,*
2024-25,S,30,66522,3035706,Orange,Garden Grove Unified,Rancho Alamitos High,No,No,SD,65,52,80.0,3,5.8,0,0.0,1,1.9,0,0.0,0,0.0,0,0.0,12,18.5,0,0.0,0,0.0,1,1.5,0,0.0
2024-25,S,30,66522,3035706,Orange,Garden Grove Unified,Rancho Alamitos High,No,No,SE,107,93,86.9,29,31.2,11,11.8,10,10.8,0,0.0,0,0.0,0,0.0,3,2.8,0,0.0,0,0.0,11,10.3,0,0.0
2024-25,S,30,66522,3035706,Orange,Garden Grove Unified,Rancho Alamitos High,No,No,SF,*,*,*,*,*,*,*,*,*,*,*,*,*,*,*,*,*,*,*,*,*,*,*,*,*
2024-25,S,30,66522,3035706,Orange,Garden Grove Unified,Rancho Alamitos High,No,No,SH,31,25,80.6,9,36.0,4,16.0,6,24.0,0,0.0,0,0.0,0,0.0,0,0.0,0,0.0,0,0.0,6,19.4,0,0.0
2024-25,S,30,66522,3035706,Orange,Garden Grove Unified,Rancho Alamitos High,No,No,SS,351,323,92.0,187,57.9,58,18.0,104,32.2,0,0.0,1,0.3,0,0.0,10,2.8,0,0.0,0,0.0,17,4.8,0,0.0
2024-25,S,30,66522,3035706,Orange,Garden Grove Unified,Rancho Alamitos High,No,No,TA,373,341,91.4,201,58.9,63,18.5,113,33.1,0,0.0,1,0.3,0,0.0,12,3.2,0,0.0,0,0.0,19,5.1,0,0.0
2024-25,S,30,66522,3036555,Orange,Garden Grove Unified,Santiago High,No,No,GF,233,217,93.1,131,60.4,50,23.0,58,26.7,0,0.0,0,0.0,0,0.0,3,1.3,0,0.0,0,0.0,13,5.6,0,0.0
2024-25,S,30,66522,3036555,Orange,Garden Grove Unified,Santiago High,No,No,GM,226,199,88.1,103,51.8,35,17.6,49,24.6,0,0.0,0,0.0,0,0.0,4,1.8,0,0.0,0,0.0,23,10.2,0,0.0
2024-25,S,30,66522,3036555,Orange,Garden Grove Unified,Santiago High,No,No,RA,66,61,92.4,54,88.5,21,34.4,43,70.5,0,0.0,0,0.0,0,0.0,1,1.5,0,0.0,0,0.0,4,6.1,0,0.0
2024-25,S,30,66522,3036555,Orange,Garden Grove Unified,Santiago High,No,No,RB,*,*,*,*,*,*,*,*,*,*,*,*,*,*,*,*,*,*,*,*,*,*,*,*,*
2024-25,S,30,66522,3036555,Orange,Garden Grove Unified,Santiago High,No,No,RD,*,*,*,*,*,*,*,*,*,*,*,*,*,*,*,*,*,*,*,*,*,*,*,*,*
2024-25,S,30,66522,3036555,Orange,Garden Grove Unified,Santiago High,No,No,RF,*,*,*,*,*,*,*,*,*,*,*,*,*,*,*,*,*,*,*,*,*,*,*,*,*
2024-25,S,30,66522,3036555,Orange,Garden Grove Unified,Santiago High,No,No,RH,378,343,90.7,174,50.7,62,18.1,61,17.8,0,0.0,0,0.0,0,0.0,6,1.6,0,0.0,0,0.0,29,7.7,0,0.0
2024-25,S,30,66522,3036555,Orange,Garden Grove Unified,Santiago High,No,No,RI,*,*,*,*,*,*,*,*,*,*,*,*,*,*,*,*,*,*,*,*,*,*,*,*,*
2024-25,S,30,66522,3036555,Orange,Garden Grove Unified,Santiago High,No,No,RP,*,*,*,*,*,*,*,*,*,*,*,*,*,*,*,*,*,*,*,*,*,*,*,*,*
2024-25,S,30,66522,3036555,Orange,Garden Grove Unified,Santiago High,No,No,RT,*,*,*,*,*,*,*,*,*,*,*,*,*,*,*,*,*,*,*,*,*,*,*,*,*
2024-25,S,30,66522,3036555,Orange,Garden Grove Unified,Santiago High,No,No,RW,*,*,*,*,*,*,*,*,*,*,*,*,*,*,*,*,*,*,*,*,*,*,*,*,*
2024-25,S,30,66522,3036555,Orange,Garden Grove Unified,Santiago High,No,No,SD,76,64,84.2,12,18.8,2,3.1,1,1.6,0,0.0,0,0.0,0,0.0,7,9.2,0,0.0,0,0.0,5,6.6,0,0.0
2024-25,S,30,66522,3036555,Orange,Garden Grove Unified,Santiago High,No,No,SE,192,163,84.9,58,35.6,22,13.5,13,8.0,0,0.0,0,0.0,0,0.0,1,0.5,0,0.0,0,0.0,28,14.6,0,0.0
2024-25,S,30,66522,3036555,Orange,Garden Grove Unified,Santiago High,No,No,SF,*,*,*,*,*,*,*,*,*,*,*,*,*,*,*,*,*,*,*,*,*,*,*,*,*
2024-25,S,30,66522,3036555,Orange,Garden Grove Unified,Santiago High,No,No,SH,28,21,75.0,10,47.6,2,9.5,2,9.5,0,0.0,0,0.0,0,0.0,0,0.0,0,0.0,0,0.0,7,25.0,0,0.0
2024-25,S,30,66522,3036555,Orange,Garden Grove Unified,Santiago High,No,No,SM,*,*,*,*,*,*,*,*,*,*,*,*,*,*,*,*,*,*,*,*,*,*,*,*,*
2024-25,S,30,66522,3036555,Orange,Garden Grove Unified,Santiago High,No,No,SS,453,410,90.5,228,55.6,85,20.7,107,26.1,0,0.0,0,0.0,0,0.0,7,1.5,0,0.0,0,0.0,36,7.9,0,0.0
2024-25,S,30,66522,3036555,Orange,Garden Grove Unified,Santiago High,No,No,TA,459,416,90.6,234,56.3,85,20.4,107,25.7,0,0.0,0,0.0,0,0.0,7,1.5,0,0.0,0,0.0,36,7.8,0,0.0
2024-25,S,30,66522,6028633,Orange,Garden Grove Unified,Mark Twain Special Center,No,Yes,GF,*,*,*,*,*,*,*,*,*,*,*,*,*,*,*,*,*,*,*,*,*,*,*,*,*
2024-25,S,30,66522,6028633,Orange,Garden Grove Unified,Mark Twain Special Center,No,Yes,GM,*,*,*,*,*,*,*,*,*,*,*,*,*,*,*,*,*,*,*,*,*,*,*,*,*
2024-25,S,30,66522,6028633,Orange,Garden Grove Unified,Mark Twain Special Center,No,Yes,RA,*,*,*,*,*,*,*,*,*,*,*,*,*,*,*,*,*,*,*,*,*,*,*,*,*
2024-25,S,30,66522,6028633,Orange,Garden Grove Unified,Mark Twain Special Center,No,Yes,RB,*,*,*,*,*,*,*,*,*,*,*,*,*,*,*,*,*,*,*,*,*,*,*,*,*
2024-25,S,30,66522,6028633,Orange,Garden Grove Unified,Mark Twain Special Center,No,Yes,RD,*,*,*,*,*,*,*,*,*,*,*,*,*,*,*,*,*,*,*,*,*,*,*,*,*
2024-25,S,30,66522,6028633,Orange,Garden Grove Unified,Mark Twain Special Center,No,Yes,RF,*,*,*,*,*,*,*,*,*,*,*,*,*,*,*,*,*,*,*,*,*,*,*,*,*
2024-25,S,30,66522,6028633,Orange,Garden Grove Unified,Mark Twain Special Center,No,Yes,RH,*,*,*,*,*,*,*,*,*,*,*,*,*,*,*,*,*,*,*,*,*,*,*,*,*
2024-25,S,30,66522,6028633,Orange,Garden Grove Unified,Mark Twain Special Center,No,Yes,RI,*,*,*,*,*,*,*,*,*,*,*,*,*,*,*,*,*,*,*,*,*,*,*,*,*
2024-25,S,30,66522,6028633,Orange,Garden Grove Unified,Mark Twain Special Center,No,Yes,RP,*,*,*,*,*,*,*,*,*,*,*,*,*,*,*,*,*,*,*,*,*,*,*,*,*
2024-25,S,30,66522,6028633,Orange,Garden Grove Unified,Mark Twain Special Center,No,Yes,RT,*,*,*,*,*,*,*,*,*,*,*,*,*,*,*,*,*,*,*,*,*,*,*,*,*
2024-25,S,30,66522,6028633,Orange,Garden Grove Unified,Mark Twain Special Center,No,Yes,RW,*,*,*,*,*,*,*,*,*,*,*,*,*,*,*,*,*,*,*,*,*,*,*,*,*
2024-25,S,30,66522,6028633,Orange,Garden Grove Unified,Mark Twain Special Center,No,Yes,SD,*,*,*,*,*,*,*,*,*,*,*,*,*,*,*,*,*,*,*,*,*,*,*,*,*
2024-25,S,30,66522,6028633,Orange,Garden Grove Unified,Mark Twain Special Center,No,Yes,SH,*,*,*,*,*,*,*,*,*,*,*,*,*,*,*,*,*,*,*,*,*,*,*,*,*
2024-25,S,30,66522,6028633,Orange,Garden Grove Unified,Mark Twain Special Center,No,Yes,SS,*,*,*,*,*,*,*,*,*,*,*,*,*,*,*,*,*,*,*,*,*,*,*,*,*
2024-25,S,30,66522,6028633,Orange,Garden Grove Unified,Mark Twain Special Center,No,Yes,TA,*,*,*,*,*,*,*,*,*,*,*,*,*,*,*,*,*,*,*,*,*,*,*,*,*
2024-25,S,30,66522,6104129,Orange,Garden Grove Unified,Jordan Secondary Learning Center,No,No,GM,*,*,*,*,*,*,*,*,*,*,*,*,*,*,*,*,*,*,*,*,*,*,*,*,*
2024-25,S,30,66522,6104129,Orange,Garden Grove Unified,Jordan Secondary Learning Center,No,No,RA,*,*,*,*,*,*,*,*,*,*,*,*,*,*,*,*,*,*,*,*,*,*,*,*,*
2024-25,S,30,66522,6104129,Orange,Garden Grove Unified,Jordan Secondary Learning Center,No,No,RB,*,*,*,*,*,*,*,*,*,*,*,*,*,*,*,*,*,*,*,*,*,*,*,*,*
2024-25,S,30,66522,6104129,Orange,Garden Grove Unified,Jordan Secondary Learning Center,No,No,RD,*,*,*,*,*,*,*,*,*,*,*,*,*,*,*,*,*,*,*,*,*,*,*,*,*
2024-25,S,30,66522,6104129,Orange,Garden Grove Unified,Jordan Secondary Learning Center,No,No,RF,*,*,*,*,*,*,*,*,*,*,*,*,*,*,*,*,*,*,*,*,*,*,*,*,*
2024-25,S,30,66522,6104129,Orange,Garden Grove Unified,Jordan Secondary Learning Center,No,No,RH,*,*,*,*,*,*,*,*,*,*,*,*,*,*,*,*,*,*,*,*,*,*,*,*,*
2024-25,S,30,66522,6104129,Orange,Garden Grove Unified,Jordan Secondary Learning Center,No,No,RI,*,*,*,*,*,*,*,*,*,*,*,*,*,*,*,*,*,*,*,*,*,*,*,*,*
2024-25,S,30,66522,6104129,Orange,Garden Grove Unified,Jordan Secondary Learning Center,No,No,RP,*,*,*,*,*,*,*,*,*,*,*,*,*,*,*,*,*,*,*,*,*,*,*,*,*
2024-25,S,30,66522,6104129,Orange,Garden Grove Unified,Jordan Secondary Learning Center,No,No,RT,*,*,*,*,*,*,*,*,*,*,*,*,*,*,*,*,*,*,*,*,*,*,*,*,*
2024-25,S,30,66522,6104129,Orange,Garden Grove Unified,Jordan Secondary Learning Center,No,No,RW,*,*,*,*,*,*,*,*,*,*,*,*,*,*,*,*,*,*,*,*,*,*,*,*,*
2024-25,S,30,66522,6104129,Orange,Garden Grove Unified,Jordan Secondary Learning Center,No,No,SD,*,*,*,*,*,*,*,*,*,*,*,*,*,*,*,*,*,*,*,*,*,*,*,*,*
2024-25,S,30,66522,6104129,Orange,Garden Grove Unified,Jordan Secondary Learning Center,No,No,SE,*,*,*,*,*,*,*,*,*,*,*,*,*,*,*,*,*,*,*,*,*,*,*,*,*
2024-25,S,30,66522,6104129,Orange,Garden Grove Unified,Jordan Secondary Learning Center,No,No,SH,*,*,*,*,*,*,*,*,*,*,*,*,*,*,*,*,*,*,*,*,*,*,*,*,*
2024-25,S,30,66522,6104129,Orange,Garden Grove Unified,Jordan Secondary Learning Center,No,No,SS,*,*,*,*,*,*,*,*,*,*,*,*,*,*,*,*,*,*,*,*,*,*,*,*,*
2024-25,S,30,66522,6104129,Orange,Garden Grove Unified,Jordan Secondary Learning Center,No,No,TA,*,*,*,*,*,*,*,*,*,*,*,*,*,*,*,*,*,*,*,*,*,*,*,*,*
2024-25,S,30,66548,1,Orange,Huntington Beach Union High,"Nonpublic, Nonsectarian Schools",No,No,GF,*,*,*,*,*,*,*,*,*,*,*,*,*,*,*,*,*,*,*,*,*,*,*,*,*
2024-25,S,30,66548,1,Orange,Huntington Beach Union High,"Nonpublic, Nonsectarian Schools",No,No,GM,*,*,*,*,*,*,*,*,*,*,*,*,*,*,*,*,*,*,*,*,*,*,*,*,*
2024-25,S,30,66548,1,Orange,Huntington Beach Union High,"Nonpublic, Nonsectarian Schools",No,No,RA,*,*,*,*,*,*,*,*,*,*,*,*,*,*,*,*,*,*,*,*,*,*,*,*,*
2024-25,S,30,66548,1,Orange,Huntington Beach Union High,"Nonpublic, Nonsectarian Schools",No,No,RB,*,*,*,*,*,*,*,*,*,*,*,*,*,*,*,*,*,*,*,*,*,*,*,*,*
2024-25,S,30,66548,1,Orange,Huntington Beach Union High,"Nonpublic, Nonsectarian Schools",No,No,RD,*,*,*,*,*,*,*,*,*,*,*,*,*,*,*,*,*,*,*,*,*,*,*,*,*
2024-25,S,30,66548,1,Orange,Huntington Beach Union High,"Nonpublic, Nonsectarian Schools",No,No,RF,*,*,*,*,*,*,*,*,*,*,*,*,*,*,*,*,*,*,*,*,*,*,*,*,*
2024-25,S,30,66548,1,Orange,Huntington Beach Union High,"Nonpublic, Nonsectarian Schools",No,No,RH,*,*,*,*,*,*,*,*,*,*,*,*,*,*,*,*,*,*,*,*,*,*,*,*,*
2024-25,S,30,66548,1,Orange,Huntington Beach Union High,"Nonpublic, Nonsectarian Schools",No,No,RI,*,*,*,*,*,*,*,*,*,*,*,*,*,*,*,*,*,*,*,*,*,*,*,*,*
2024-25,S,30,66548,1,Orange,Huntington Beach Union High,"Nonpublic, Nonsectarian Schools",No,No,RP,*,*,*,*,*,*,*,*,*,*,*,*,*,*,*,*,*,*,*,*,*,*,*,*,*
2024-25,S,30,66548,1,Orange,Huntington Beach Union High,"Nonpublic, Nonsectarian Schools",No,No,RT,*,*,*,*,*,*,*,*,*,*,*,*,*,*,*,*,*,*,*,*,*,*,*,*,*
2024-25,S,30,66548,1,Orange,Huntington Beach Union High,"Nonpublic, Nonsectarian Schools",No,No,RW,*,*,*,*,*,*,*,*,*,*,*,*,*,*,*,*,*,*,*,*,*,*,*,*,*
2024-25,S,30,66548,1,Orange,Huntington Beach Union High,"Nonpublic, Nonsectarian Schools",No,No,SD,*,*,*,*,*,*,*,*,*,*,*,*,*,*,*,*,*,*,*,*,*,*,*,*,*
2024-25,S,30,66548,1,Orange,Huntington Beach Union High,"Nonpublic, Nonsectarian Schools",No,No,SH,*,*,*,*,*,*,*,*,*,*,*,*,*,*,*,*,*,*,*,*,*,*,*,*,*
2024-25,S,30,66548,1,Orange,Huntington Beach Union High,"Nonpublic, Nonsectarian Schools",No,No,SS,*,*,*,*,*,*,*,*,*,*,*,*,*,*,*,*,*,*,*,*,*,*,*,*,*
2024-25,S,30,66548,1,Orange,Huntington Beach Union High,"Nonpublic, Nonsectarian Schools",No,No,TA,*,*,*,*,*,*,*,*,*,*,*,*,*,*,*,*,*,*,*,*,*,*,*,*,*
2024-25,S,30,66548,3030145,Orange,Huntington Beach Union High,Ocean View High,No,No,GF,144,136,94.4,72,52.9,46,33.8,52,38.2,0,0.0,1,0.7,0,0.0,3,2.1,0,0.0,1,0.7,3,2.1,0,0.0
2024-25,S,30,66548,3030145,Orange,Huntington Beach Union High,Ocean View High,No,No,GM,149,131,87.9,52,39.7,20,15.3,38,29.0,0,0.0,0,0.0,0,0.0,12,8.1,1,0.7,0,0.0,5,3.4,0,0.0
2024-25,S,30,66548,3030145,Orange,Huntington Beach Union High,Ocean View High,No,No,RA,17,10,58.8,6,60.0,3,30.0,7,70.0,0,0.0,0,0.0,0,0.0,5,29.4,0,0.0,0,0.0,2,11.8,0,0.0
2024-25,S,30,66548,3030145,Orange,Huntington Beach Union High,Ocean View High,No,No,RB,*,*,*,*,*,*,*,*,*,*,*,*,*,*,*,*,*,*,*,*,*,*,*,*,*
2024-25,S,30,66548,3030145,Orange,Huntington Beach Union High,Ocean View High,No,No,RD,*,*,*,*,*,*,*,*,*,*,*,*,*,*,*,*,*,*,*,*,*,*,*,*,*
2024-25,S,30,66548,3030145,Orange,Huntington Beach Union High,Ocean View High,No,No,RF,*,*,*,*,*,*,*,*,*,*,*,*,*,*,*,*,*,*,*,*,*,*,*,*,*
2024-25,S,30,66548,3030145,Orange,Huntington Beach Union High,Ocean View High,No,No,RH,206,193,93.7,86,44.6,52,26.9,53,27.5,0,0.0,1,0.5,0,0.0,5,2.4,0,0.0,1,0.5,6,2.9,0,0.0
2024-25,S,30,66548,3030145,Orange,Huntington Beach Union High,Ocean View High,No,No,RI,*,*,*,*,*,*,*,*,*,*,*,*,*,*,*,*,*,*,*,*,*,*,*,*,*
2024-25,S,30,66548,3030145,Orange,Huntington Beach Union High,Ocean View High,No,No,RP,*,*,*,*,*,*,*,*,*,*,*,*,*,*,*,*,*,*,*,*,*,*,*,*,*
2024-25,S,30,66548,3030145,Orange,Huntington Beach Union High,Ocean View High,No,No,RT,*,*,*,*,*,*,*,*,*,*,*,*,*,*,*,*,*,*,*,*,*,*,*,*,*
2024-25,S,30,66548,3030145,Orange,Huntington Beach Union High,Ocean View High,No,No,RW,48,43,89.6,22,51.2,6,14.0,20,46.5,0,0.0,0,0.0,0,0.0,4,8.3,1,2.1,0,0.0,0,0.0,0,0.0
2024-25,S,30,66548,3030145,Orange,Huntington Beach Union High,Ocean View High,No,No,SD,49,34,69.4,5,14.7,0,0.0,2,5.9,0,0.0,0,0.0,0,0.0,15,30.6,0,0.0,0,0.0,0,0.0,0,0.0
2024-25,S,30,66548,3030145,Orange,Huntington Beach Union High,Ocean View High,No,No,SE,80,67,83.8,14,20.9,5,7.5,9,13.4,0,0.0,0,0.0,0,0.0,6,7.5,0,0.0,0,0.0,7,8.8,0,0.0
2024-25,S,30,66548,3030145,Orange,Huntington Beach Union High,Ocean View High,No,No,SF,*,*,*,*,*,*,*,*,*,*,*,*,*,*,*,*,*,*,*,*,*,*,*,*,*
2024-25,S,30,66548,3030145,Orange,Huntington Beach Union High,Ocean View High,No,No,SH,119,110,92.4,42,38.2,29,26.4,25,22.7,0,0.0,1,0.8,0,0.0,4,3.4,0,0.0,1,0.8,3,2.5,0,0.0
2024-25,S,30,66548,3030145,Orange,Huntington Beach Union High,Ocean View High,No,No,SS,252,228,90.5,96,42.1,58,25.4,64,28.1,0,0.0,1,0.4,0,0.0,14,5.6,1,0.4,1,0.4,7,2.8,0,0.0
2024-25,S,30,66548,3030145,Orange,Huntington Beach Union High,Ocean View High,No,No,TA,293,267,91.1,124,46.4,66,24.7,90,33.7,0,0.0,1,0.3,0,0.0,15,5.1,1,0.3,1,0.3,8,2.7,0,0.0
2024-25,S,30,66548,3030368,Orange,Huntington Beach Union High,Coast High,No,No,GF,49,49,100.0,10,20.4,0,0.0,1,2.0,4,8.2,0,0.0,0,0.0,0,0.0,0,0.0,0,0.0,0,0.0,0,0.0
2024-25,S,30,66548,3030368,Orange,Huntington Beach Union High,Coast High,No,No,GM,33,31,93.9,7,22.6,1,3.2,1,3.2,5,16.1,0,0.0,0,0.0,0,0.0,1,3.0,0,0.0,1,3.0,0,0.0
2024-25,S,30,66548,3030368,Orange,Huntington Beach Union High,Coast High,No,No,RA,*,*,*,*,*,*,*,*,*,*,*,*,*,*,*,*,*,*,*,*,*,*,*,*,*
2024-25,S,30,66548,3030368,Orange,Huntington Beach Union High,Coast High,No,No,RB,*,*,*,*,*,*,*,*,*,*,*,*,*,*,*,*,*,*,*,*,*,*,*,*,*
2024-25,S,30,66548,3030368,Orange,Huntington Beach Union High,Coast High,No,No,RD,*,*,*,*,*,*,*,*,*,*,*,*,*,*,*,*,*,*,*,*,*,*,*,*,*
2024-25,S,30,66548,3030368,Orange,Huntington Beach Union High,Coast High,No,No,RF,*,*,*,*,*,*,*,*,*,*,*,*,*,*,*,*,*,*,*,*,*,*,*,*,*
2024-25,S,30,66548,3030368,Orange,Huntington Beach Union High,Coast High,No,No,RH,18,18,100.0,4,22.2,1,5.6,0,0.0,2,11.1,0,0.0,0,0.0,0,0.0,0,0.0,0,0.0,0,0.0,0,0.0
2024-25,S,30,66548,3030368,Orange,Huntington Beach Union High,Coast High,No,No,RI,*,*,*,*,*,*,*,*,*,*,*,*,*,*,*,*,*,*,*,*,*,*,*,*,*
2024-25,S,30,66548,3030368,Orange,Huntington Beach Union High,Coast High,No,No,RP,*,*,*,*,*,*,*,*,*,*,*,*,*,*,*,*,*,*,*,*,*,*,*,*,*
2024-25,S,30,66548,3030368,Orange,Huntington Beach Union High,Coast High,No,No,RT,*,*,*,*,*,*,*,*,*,*,*,*,*,*,*,*,*,*,*,*,*,*,*,*,*
2024-25,S,30,66548,3030368,Orange,Huntington Beach Union High,Coast High,No,No,RW,47,47,100.0,10,21.3,0,0.0,2,4.3,2,4.3,0,0.0,0,0.0,0,0.0,0,0.0,0,0.0,0,0.0,0,0.0
2024-25,S,30,66548,3030368,Orange,Huntington Beach Union High,Coast High,No,No,SD,*,*,*,*,*,*,*,*,*,*,*,*,*,*,*,*,*,*,*,*,*,*,*,*,*
2024-25,S,30,66548,3030368,Orange,Huntington Beach Union High,Coast High,No,No,SE,*,*,*,*,*,*,*,*,*,*,*,*,*,*,*,*,*,*,*,*,*,*,*,*,*
2024-25,S,30,66548,3030368,Orange,Huntington Beach Union High,Coast High,No,No,SF,*,*,*,*,*,*,*,*,*,*,*,*,*,*,*,*,*,*,*,*,*,*,*,*,*
2024-25,S,30,66548,3030368,Orange,Huntington Beach Union High,Coast High,No,No,SH,*,*,*,*,*,*,*,*,*,*,*,*,*,*,*,*,*,*,*,*,*,*,*,*,*
2024-25,S,30,66548,3030368,Orange,Huntington Beach Union High,Coast High,No,No,SS,47,46,97.9,10,21.7,1,2.2,0,0.0,6,13.0,0,0.0,0,0.0,0,0.0,1,2.1,0,0.0,0,0.0,0,0.0
2024-25,S,30,66548,3030368,Orange,Huntington Beach Union High,Coast High,No,No,TA,82,80,97.6,17,21.3,1,1.3,2,2.5,9,11.3,0,0.0,0,0.0,0,0.0,1,1.2,0,0.0,1,1.2,0,0.0
2024-25,S,30,66548,3031895,Orange,Huntington Beach Union High,Edison High,No,No,GF,197,193,98.0,135,69.9,96,49.7,90,46.6,0,0.0,0,0.0,0,0.0,3,1.5,0,0.0,0,0.0,1,0.5,0,0.0
2024-25,S,30,66548,3031895,Orange,Huntington Beach Union High,Edison High,No,No,GM,258,241,93.4,151,62.7,74,30.7,89,36.9,0,0.0,1,0.4,0,0.0,14,5.4,2,0.8,0,0.0,0,0.0,0,0.0
2024-25,S,30,66548,3031895,Orange,Huntington Beach Union High,Edison High,No,No,RA,57,50,87.7,43,86.0,33,66.0,35,70.0,0,0.0,0,0.0,0,0.0,7,12.3,0,0.0,0,0.0,0,0.0,0,0.0
2024-25,S,30,66548,3031895,Orange,Huntington Beach Union High,Edison High,No,No,RB,*,*,*,*,*,*,*,*,*,*,*,*,*,*,*,*,*,*,*,*,*,*,*,*,*
2024-25,S,30,66548,3031895,Orange,Huntington Beach Union High,Edison High,No,No,RD,11,9,81.8,4,44.4,4,44.4,6,66.7,0,0.0,1,9.1,0,0.0,1,9.1,0,0.0,0,0.0,0,0.0,0,0.0
2024-25,S,30,66548,3031895,Orange,Huntington Beach Union High,Edison High,No,No,RF,*,*,*,*,*,*,*,*,*,*,*,*,*,*,*,*,*,*,*,*,*,*,*,*,*
2024-25,S,30,66548,3031895,Orange,Huntington Beach Union High,Edison High,No,No,RH,79,71,89.9,41,57.7,28,39.4,21,29.6,0,0.0,0,0.0,0,0.0,8,10.1,0,0.0,0,0.0,0,0.0,0,0.0
2024-25,S,30,66548,3031895,Orange,Huntington Beach Union High,Edison High,No,No,RI,*,*,*,*,*,*,*,*,*,*,*,*,*,*,*,*,*,*,*,*,*,*,*,*,*
2024-25,S,30,66548,3031895,Orange,Huntington Beach Union High,Edison High,No,No,RP,*,*,*,*,*,*,*,*,*,*,*,*,*,*,*,*,*,*,*,*,*,*,*,*,*
2024-25,S,30,66548,3031895,Orange,Huntington Beach Union High,Edison High,No,No,RT,31,31,100.0,23,74.2,12,38.7,14,45.2,0,0.0,0,0.0,0,0.0,0,0.0,0,0.0,0,0.0,0,0.0,0,0.0
2024-25,S,30,66548,3031895,Orange,Huntington Beach Union High,Edison High,No,No,RW,267,263,98.5,169,64.3,88,33.5,97,36.9,0,0.0,0,0.0,0,0.0,1,0.4,2,0.7,0,0.0,1,0.4,0,0.0
2024-25,S,30,66548,3031895,Orange,Huntington Beach Union High,Edison High,No,No,SD,64,47,73.4,10,21.3,0,0.0,1,2.1,0,0.0,0,0.0,0,0.0,17,26.6,0,0.0,0,0.0,0,0.0,0,0.0
2024-25,S,30,66548,3031895,Orange,Huntington Beach Union High,Edison High,No,No,SE,18,10,55.6,3,30.0,2,20.0,1,10.0,0,0.0,0,0.0,0,0.0,7,38.9,1,5.6,0,0.0,0,0.0,0,0.0
2024-25,S,30,66548,3031895,Orange,Huntington Beach Union High,Edison High,No,No,SF,*,*,*,*,*,*,*,*,*,*,*,*,*,*,*,*,*,*,*,*,*,*,*,*,*
2024-25,S,30,66548,3031895,Orange,Huntington Beach Union High,Edison High,No,No,SH,*,*,*,*,*,*,*,*,*,*,*,*,*,*,*,*,*,*,*,*,*,*,*,*,*
2024-25,S,30,66548,3031895,Orange,Huntington Beach Union High,Edison High,No,No,SS,187,176,94.1,92,52.3,49,27.8,56,31.8,0,0.0,0,0.0,0,0.0,8,4.3,2,1.1,0,0.0,1,0.5,0,0.0
2024-25,S,30,66548,3031895,Orange,Huntington Beach Union High,Edison High,No,No,TA,455,434,95.4,286,65.9,170,39.2,179,41.2,0,0.0,1,0.2,0,0.0,17,3.7,2,0.4,0,0.0,1,0.2,0,0.0
2024-25,S,30,66548,3032158,Orange,Huntington Beach Union High,Fountain Valley High,No,No,GF,384,368,95.8,263,71.5,144,39.1,183,49.7,0,0.0,9,2.3,0,0.0,0,0.0,3,0.8,0,0.0,3,0.8,1,0.3
2024-25,S,30,66548,3032158,Orange,Huntington Beach Union High,Fountain Valley High,No,No,GM,429,419,97.7,280,66.8,130,31.0,207,49.4,0,0.0,3,0.7,0,0.0,0,0.0,4,0.9,0,0.0,2,0.5,1,0.2
2024-25,S,30,66548,3032158,Orange,Huntington Beach Union High,Fountain Valley High,No,No,GX,*,*,*,*,*,*,*,*,*,*,*,*,*,*,*,*,*,*,*,*,*,*,*,*,*
2024-25,S,30,66548,3032158,Orange,Huntington Beach Union High,Fountain Valley High,No,No,RA,436,425,97.5,335,78.8,183,43.1,240,56.5,0,0.0,6,1.4,0,0.0,0,0.0,3,0.7,0,0.0,2,0.5,0,0.0
2024-25,S,30,66548,3032158,Orange,Huntington Beach Union High,Fountain Valley High,No,No,RB,*,*,*,*,*,*,*,*,*,*,*,*,*,*,*,*,*,*,*,*,*,*,*,*,*
2024-25,S,30,66548,3032158,Orange,Huntington Beach Union High,Fountain Valley High,No,No,RD,14,13,92.9,6,46.2,3,23.1,5,38.5,0,0.0,0,0.0,0,0.0,0,0.0,1,7.1,0,0.0,0,0.0,0,0.0
2024-25,S,30,66548,3032158,Orange,Huntington Beach Union High,Fountain Valley High,No,No,RF,13,13,100.0,12,92.3,4,30.8,5,38.5,0,0.0,0,0.0,0,0.0,0,0.0,0,0.0,0,0.0,0,0.0,0,0.0
2024-25,S,30,66548,3032158,Orange,Huntington Beach Union High,Fountain Valley High,No,No,RH,124,120,96.8,57,47.5,34,28.3,39,32.5,0,0.0,1,0.8,0,0.0,0,0.0,0,0.0,0,0.0,2,1.6,1,0.8
2024-25,S,30,66548,3032158,Orange,Huntington Beach Union High,Fountain Valley High,No,No,RI,*,*,*,*,*,*,*,*,*,*,*,*,*,*,*,*,*,*,*,*,*,*,*,*,*
2024-25,S,30,66548,3032158,Orange,Huntington Beach Union High,Fountain Valley High,No,No,RP,*,*,*,*,*,*,*,*,*,*,*,*,*,*,*,*,*,*,*,*,*,*,*,*,*
2024-25,S,30,66548,3032158,Orange,Huntington Beach Union High,Fountain Valley High,No,No,RT,32,32,100.0,22,68.8,10,31.3,18,56.3,0,0.0,0,0.0,0,0.0,0,0.0,0,0.0,0,0.0,0,0.0,0,0.0
2024-25,S,30,66548,3032158,Orange,Huntington Beach Union High,Fountain Valley High,No,No,RW,184,174,94.6,105,60.3,37,21.3,80,46.0,0,0.0,5,2.7,0,0.0,0,0.0,3,1.6,0,0.0,1,0.5,1,0.5
2024-25,S,30,66548,3032158,Orange,Huntington Beach Union High,Fountain Valley High,No,No,SD,63,60,95.2,14,23.3,3,5.0,12,20.0,0,0.0,0,0.0,0,0.0,0,0.0,0,0.0,0,0.0,1,1.6,2,3.2
2024-25,S,30,66548,3032158,Orange,Huntington Beach Union High,Fountain Valley High,No,No,SE,79,76,96.2,26,34.2,7,9.2,15,19.7,0,0.0,0,0.0,0,0.0,0,0.0,1,1.3,0,0.0,2,2.5,0,0.0
2024-25,S,30,66548,3032158,Orange,Huntington Beach Union High,Fountain Valley High,No,No,SF,*,*,*,*,*,*,*,*,*,*,*,*,*,*,*,*,*,*,*,*,*,*,*,*,*
2024-25,S,30,66548,3032158,Orange,Huntington Beach Union High,Fountain Valley High,No,No,SH,25,23,92.0,7,30.4,5,21.7,4,17.4,0,0.0,0,0.0,0,0.0,0,0.0,0,0.0,0,0.0,1,4.0,1,4.0
2024-25,S,30,66548,3032158,Orange,Huntington Beach Union High,Fountain Valley High,No,No,SS,529,510,96.4,322,63.1,156,30.6,228,44.7,0,0.0,8,1.5,0,0.0,0,0.0,4,0.8,0,0.0,5,0.9,2,0.4
2024-25,S,30,66548,3032158,Orange,Huntington Beach Union High,Fountain Valley High,No,No,TA,814,788,96.8,543,68.9,274,34.8,390,49.5,0,0.0,12,1.5,0,0.0,0,0.0,7,0.9,0,0.0,5,0.6,2,0.2
2024-25,S,30,66548,3032943,Orange,Huntington Beach Union High,Huntington Beach High,No,No,GF,389,380,97.7,275,72.4,150,39.5,217,57.1,1,0.3,0,0.0,0,0.0,0,0.0,1,0.3,0,0.0,7,1.8,1,0.3
2024-25,S,30,66548,3032943,Orange,Huntington Beach Union High,Huntington Beach High,No,No,GM,313,303,96.8,201,66.3,85,28.1,161,53.1,1,0.3,0,0.0,0,0.0,2,0.6,5,1.6,0,0.0,3,1.0,0,0.0
2024-25,S,30,66548,3032943,Orange,Huntington Beach Union High,Huntington Beach High,No,No,GX,*,*,*,*,*,*,*,*,*,*,*,*,*,*,*,*,*,*,*,*,*,*,*,*,*
2024-25,S,30,66548,3032943,Orange,Huntington Beach Union High,Huntington Beach High,No,No,RA,89,86,96.6,75,87.2,38,44.2,66,76.7,0,0.0,0,0.0,0,0.0,0,0.0,2,2.2,0,0.0,1,1.1,0,0.0
2024-25,S,30,66548,3032943,Orange,Huntington Beach Union High,Huntington Beach High,No,No,RB,*,*,*,*,*,*,*,*,*,*,*,*,*,*,*,*,*,*,*,*,*,*,*,*,*
2024-25,S,30,66548,3032943,Orange,Huntington Beach Union High,Huntington Beach High,No,No,RD,*,*,*,*,*,*,*,*,*,*,*,*,*,*,*,*,*,*,*,*,*,*,*,*,*
2024-25,S,30,66548,3032943,Orange,Huntington Beach Union High,Huntington Beach High,No,No,RF,12,12,100.0,10,83.3,4,33.3,6,50.0,0,0.0,0,0.0,0,0.0,0,0.0,0,0.0,0,0.0,0,0.0,0,0.0
2024-25,S,30,66548,3032943,Orange,Huntington Beach Union High,Huntington Beach High,No,No,RH,183,179,97.8,113,63.1,68,38.0,80,44.7,1,0.6,0,0.0,0,0.0,0,0.0,1,0.5,0,0.0,2,1.1,1,0.5
2024-25,S,30,66548,3032943,Orange,Huntington Beach Union High,Huntington Beach High,No,No,RI,*,*,*,*,*,*,*,*,*,*,*,*,*,*,*,*,*,*,*,*,*,*,*,*,*
2024-25,S,30,66548,3032943,Orange,Huntington Beach Union High,Huntington Beach High,No,No,RP,*,*,*,*,*,*,*,*,*,*,*,*,*,*,*,*,*,*,*,*,*,*,*,*,*
2024-25,S,30,66548,3032943,Orange,Huntington Beach Union High,Huntington Beach High,No,No,RT,55,52,94.5,40,76.9,21,40.4,33,63.5,0,0.0,0,0.0,0,0.0,1,1.8,0,0.0,0,0.0,2,3.6,0,0.0
2024-25,S,30,66548,3032943,Orange,Huntington Beach Union High,Huntington Beach High,No,No,RW,347,338,97.4,231,68.3,103,30.5,186,55.0,1,0.3,0,0.0,0,0.0,1,0.3,3,0.9,0,0.0,5,1.4,0,0.0
2024-25,S,30,66548,3032943,Orange,Huntington Beach Union High,Huntington Beach High,No,No,SD,59,55,93.2,12,21.8,4,7.3,6,10.9,1,1.8,0,0.0,0,0.0,2,3.4,0,0.0,0,0.0,2,3.4,0,0.0
2024-25,S,30,66548,3032943,Orange,Huntington Beach Union High,Huntington Beach High,No,No,SE,47,45,95.7,18,40.0,9,20.0,17,37.8,1,2.2,0,0.0,0,0.0,0,0.0,0,0.0,0,0.0,1,2.1,1,2.1
2024-25,S,30,66548,3032943,Orange,Huntington Beach Union High,Huntington Beach High,No,No,SF,*,*,*,*,*,*,*,*,*,*,*,*,*,*,*,*,*,*,*,*,*,*,*,*,*
2024-25,S,30,66548,3032943,Orange,Huntington Beach Union High,Huntington Beach High,No,No,SH,32,31,96.9,12,38.7,12,38.7,7,22.6,1,3.2,0,0.0,0,0.0,0,0.0,1,3.1,0,0.0,0,0.0,0,0.0
2024-25,S,30,66548,3032943,Orange,Huntington Beach Union High,Huntington Beach High,No,No,SS,342,328,95.9,189,57.6,101,30.8,153,46.6,2,0.6,0,0.0,0,0.0,1,0.3,5,1.5,0,0.0,7,2.0,1,0.3
2024-25,S,30,66548,3032943,Orange,Huntington Beach Union High,Huntington Beach High,No,No,TA,705,686,97.3,477,69.5,236,34.4,379,55.2,2,0.3,0,0.0,0,0.0,2,0.3,6,0.9,0,0.0,10,1.4,1,0.1
2024-25,S,30,66548,3034410,Orange,Huntington Beach Union High,Marina High,No,No,GF,221,215,97.3,133,61.9,65,30.2,96,44.7,0,0.0,0,0.0,0,0.0,0,0.0,1,0.5,0,0.0,4,1.8,1,0.5
2024-25,S,30,66548,3034410,Orange,Huntington Beach Union High,Marina High,No,No,GM,280,269,96.1,134,49.8,52,19.3,107,39.8,0,0.0,0,0.0,1,0.4,1,0.4,1,0.4,0,0.0,8,2.9,0,0.0
2024-25,S,30,66548,3034410,Orange,Huntington Beach Union High,Marina High,No,No,GX,*,*,*,*,*,*,*,*,*,*,*,*,*,*,*,*,*,*,*,*,*,*,*,*,*
2024-25,S,30,66548,3034410,Orange,Huntington Beach Union High,Marina High,No,No,RA,117,115,98.3,89,77.4,50,43.5,75,65.2,0,0.0,0,0.0,0,0.0,0,0.0,1,0.9,0,0.0,1,0.9,0,0.0
2024-25,S,30,66548,3034410,Orange,Huntington Beach Union High,Marina High,No,No,RB,*,*,*,*,*,*,*,*,*,*,*,*,*,*,*,*,*,*,*,*,*,*,*,*,*
2024-25,S,30,66548,3034410,Orange,Huntington Beach Union High,Marina High,No,No,RD,*,*,*,*,*,*,*,*,*,*,*,*,*,*,*,*,*,*,*,*,*,*,*,*,*
2024-25,S,30,66548,3034410,Orange,Huntington Beach Union High,Marina High,No,No,RF,14,14,100.0,9,64.3,5,35.7,8,57.1,0,0.0,0,0.0,0,0.0,0,0.0,0,0.0,0,0.0,0,0.0,0,0.0
2024-25,S,30,66548,3034410,Orange,Huntington Beach Union High,Marina High,No,No,RH,123,114,92.7,47,41.2,26,22.8,27,23.7,0,0.0,0,0.0,0,0.0,1,0.8,0,0.0,0,0.0,8,6.5,0,0.0
2024-25,S,30,66548,3034410,Orange,Huntington Beach Union High,Marina High,No,No,RI,*,*,*,*,*,*,*,*,*,*,*,*,*,*,*,*,*,*,*,*,*,*,*,*,*
2024-25,S,30,66548,3034410,Orange,Huntington Beach Union High,Marina High,No,No,RP,*,*,*,*,*,*,*,*,*,*,*,*,*,*,*,*,*,*,*,*,*,*,*,*,*
2024-25,S,30,66548,3034410,Orange,Huntington Beach Union High,Marina High,No,No,RT,33,32,97.0,18,56.3,10,31.3,12,37.5,0,0.0,0,0.0,0,0.0,0,0.0,0,0.0,0,0.0,1,3.0,0,0.0
2024-25,S,30,66548,3034410,Orange,Huntington Beach Union High,Marina High,No,No,RW,204,199,97.5,98,49.2,23,11.6,77,38.7,0,0.0,0,0.0,1,0.5,0,0.0,1,0.5,0,0.0,2,1.0,1,0.5
2024-25,S,30,66548,3034410,Orange,Huntington Beach Union High,Marina High,No,No,SD,63,55,87.3,4,7.3,1,1.8,8,14.5,0,0.0,0,0.0,0,0.0,1,1.6,0,0.0,0,0.0,6,9.5,1,1.6
2024-25,S,30,66548,3034410,Orange,Huntington Beach Union High,Marina High,No,No,SE,34,29,85.3,7,24.1,5,17.2,6,20.7,0,0.0,0,0.0,1,2.9,0,0.0,0,0.0,0,0.0,4,11.8,0,0.0
2024-25,S,30,66548,3034410,Orange,Huntington Beach Union High,Marina High,No,No,SF,*,*,*,*,*,*,*,*,*,*,*,*,*,*,*,*,*,*,*,*,*,*,*,*,*
2024-25,S,30,66548,3034410,Orange,Huntington Beach Union High,Marina High,No,No,SH,24,20,83.3,7,35.0,6,30.0,5,25.0,0,0.0,0,0.0,0,0.0,0,0.0,0,0.0,0,0.0,4,16.7,0,0.0
2024-25,S,30,66548,3034410,Orange,Huntington Beach Union High,Marina High,No,No,SS,330,314,95.2,154,49.0,77,24.5,112,35.7,0,0.0,0,0.0,1,0.3,1,0.3,1,0.3,0,0.0,12,3.6,1,0.3
2024-25,S,30,66548,3034410,Orange,Huntington Beach Union High,Marina High,No,No,TA,504,487,96.6,267,54.8,117,24.0,203,41.7,0,0.0,0,0.0,1,0.2,1,0.2,2,0.4,0,0.0,12,2.4,1,0.2
2024-25,S,30,66548,3038445,Orange,Huntington Beach Union High,Westminster High,No,No,GF,300,285,95.0,153,53.7,112,39.3,97,34.0,0,0.0,0,0.0,0,0.0,4,1.3,0,0.0,0,0.0,7,2.3,4,1.3
2024-25,S,30,66548,3038445,Orange,Huntington Beach Union High,Westminster High,No,No,GM,334,320,95.8,159,49.7,88,27.5,111,34.7,0,0.0,0,0.0,0,0.0,3,0.9,0,0.0,1,0.3,5,1.5,5,1.5
2024-25,S,30,66548,3038445,Orange,Huntington Beach Union High,Westminster High,No,No,RA,294,283,96.3,202,71.4,126,44.5,139,49.1,0,0.0,0,0.0,0,0.0,3,1.0,0,0.0,0,0.0,4,1.4,4,1.4
2024-25,S,30,66548,3038445,Orange,Huntington Beach Union High,Westminster High,No,No,RB,*,*,*,*,*,*,*,*,*,*,*,*,*,*,*,*,*,*,*,*,*,*,*,*,*
2024-25,S,30,66548,3038445,Orange,Huntington Beach Union High,Westminster High,No,No,RD,*,*,*,*,*,*,*,*,*,*,*,*,*,*,*,*,*,*,*,*,*,*,*,*,*
2024-25,S,30,66548,3038445,Orange,Huntington Beach Union High,Westminster High,No,No,RF,*,*,*,*,*,*,*,*,*,*,*,*,*,*,*,*,*,*,*,*,*,*,*,*,*
2024-25,S,30,66548,3038445,Orange,Huntington Beach Union High,Westminster High,No,No,RH,296,281,94.9,93,33.1,71,25.3,52,18.5,0,0.0,0,0.0,0,0.0,2,0.7,0,0.0,0,0.0,8,2.7,5,1.7
2024-25,S,30,66548,3038445,Orange,Huntington Beach Union High,Westminster High,No,No,RI,*,*,*,*,*,*,*,*,*,*,*,*,*,*,*,*,*,*,*,*,*,*,*,*,*
2024-25,S,30,66548,3038445,Orange,Huntington Beach Union High,Westminster High,No,No,RP,*,*,*,*,*,*,*,*,*,*,*,*,*,*,*,*,*,*,*,*,*,*,*,*,*
2024-25,S,30,66548,3038445,Orange,Huntington Beach Union High,Westminster High,No,No,RT,*,*,*,*,*,*,*,*,*,*,*,*,*,*,*,*,*,*,*,*,*,*,*,*,*
2024-25,S,30,66548,3038445,Orange,Huntington Beach Union High,Westminster High,No,No,RW,27,26,96.3,9,34.6,1,3.8,11,42.3,0,0.0,0,0.0,0,0.0,1,3.7,0,0.0,0,0.0,0,0.0,0,0.0
2024-25,S,30,66548,3038445,Orange,Huntington Beach Union High,Westminster High,No,No,SD,84,73,86.9,5,6.8,2,2.7,6,8.2,0,0.0,0,0.0,0,0.0,7,8.3,0,0.0,1,1.2,3,3.6,0,0.0
2024-25,S,30,66548,3038445,Orange,Huntington Beach Union High,Westminster High,No,No,SE,238,219,92.0,65,29.7,55,25.1,44,20.1,0,0.0,0,0.0,0,0.0,5,2.1,0,0.0,0,0.0,7,2.9,7,2.9
2024-25,S,30,66548,3038445,Orange,Huntington Beach Union High,Westminster High,No,No,SF,*,*,*,*,*,*,*,*,*,*,*,*,*,*,*,*,*,*,*,*,*,*,*,*,*
2024-25,S,30,66548,3038445,Orange,Huntington Beach Union High,Westminster High,No,No,SH,138,126,91.3,37,29.4,33,26.2,23,18.3,0,0.0,0,0.0,0,0.0,3,2.2,0,0.0,0,0.0,5,3.6,4,2.9
2024-25,S,30,66548,3038445,Orange,Huntington Beach Union High,Westminster High,No,No,SS,584,558,95.5,276,49.5,189,33.9,184,33.0,0,0.0,0,0.0,0,0.0,7,1.2,0,0.0,1,0.2,12,2.1,6,1.0
2024-25,S,30,66548,3038445,Orange,Huntington Beach Union High,Westminster High,No,No,TA,634,605,95.4,312,51.6,200,33.1,208,34.4,0,0.0,0,0.0,0,0.0,7,1.1,0,0.0,1,0.2,12,1.9,9,1.4
2024-25,S,30,66548,3038551,Orange,Huntington Beach Union High,Valley Vista High,No,Yes,GF,58,36,62.1,0,0.0,0,0.0,0,0.0,12,33.3,0,0.0,0,0.0,0,0.0,0,0.0,4,6.9,18,31.0,0,0.0
2024-25,S,30,66548,3038551,Orange,Huntington Beach Union High,Valley Vista High,No,Yes,GM,103,58,56.3,0,0.0,0,0.0,1,1.7,25,43.1,0,0.0,0,0.0,0,0.0,1,1.0,10,9.7,34,33.0,0,0.0
2024-25,S,30,66548,3038551,Orange,Huntington Beach Union High,Valley Vista High,No,Yes,RA,14,10,71.4,0,0.0,0,0.0,0,0.0,3,30.0,0,0.0,0,0.0,0,0.0,0,0.0,0,0.0,4,28.6,0,0.0
2024-25,S,30,66548,3038551,Orange,Huntington Beach Union High,Valley Vista High,No,Yes,RB,*,*,*,*,*,*,*,*,*,*,*,*,*,*,*,*,*,*,*,*,*,*,*,*,*
2024-25,S,30,66548,3038551,Orange,Huntington Beach Union High,Valley Vista High,No,Yes,RD,*,*,*,*,*,*,*,*,*,*,*,*,*,*,*,*,*,*,*,*,*,*,*,*,*
2024-25,S,30,66548,3038551,Orange,Huntington Beach Union High,Valley Vista High,No,Yes,RF,*,*,*,*,*,*,*,*,*,*,*,*,*,*,*,*,*,*,*,*,*,*,*,*,*
2024-25,S,30,66548,3038551,Orange,Huntington Beach Union High,Valley Vista High,No,Yes,RH,98,53,54.1,0,0.0,0,0.0,1,1.9,22,41.5,0,0.0,0,0.0,0,0.0,0,0.0,10,10.2,35,35.7,0,0.0
2024-25,S,30,66548,3038551,Orange,Huntington Beach Union High,Valley Vista High,No,Yes,RI,*,*,*,*,*,*,*,*,*,*,*,*,*,*,*,*,*,*,*,*,*,*,*,*,*
2024-25,S,30,66548,3038551,Orange,Huntington Beach Union High,Valley Vista High,No,Yes,RP,*,*,*,*,*,*,*,*,*,*,*,*,*,*,*,*,*,*,*,*,*,*,*,*,*
2024-25,S,30,66548,3038551,Orange,Huntington Beach Union High,Valley Vista High,No,Yes,RT,*,*,*,*,*,*,*,*,*,*,*,*,*,*,*,*,*,*,*,*,*,*,*,*,*
2024-25,S,30,66548,3038551,Orange,Huntington Beach Union High,Valley Vista High,No,Yes,RW,40,25,62.5,0,0.0,0,0.0,0,0.0,9,36.0,0,0.0,0,0.0,0,0.0,1,2.5,3,7.5,11,27.5,0,0.0
2024-25,S,30,66548,3038551,Orange,Huntington Beach Union High,Valley Vista High,No,Yes,SD,22,13,59.1,0,0.0,0,0.0,0,0.0,6,46.2,0,0.0,0,0.0,0,0.0,0,0.0,0,0.0,9,40.9,0,0.0
2024-25,S,30,66548,3038551,Orange,Huntington Beach Union High,Valley Vista High,No,Yes,SE,56,23,41.1,0,0.0,0,0.0,0,0.0,13,56.5,0,0.0,0,0.0,0,0.0,1,1.8,7,12.5,25,44.6,0,0.0
2024-25,S,30,66548,3038551,Orange,Huntington Beach Union High,Valley Vista High,No,Yes,SF,*,*,*,*,*,*,*,*,*,*,*,*,*,*,*,*,*,*,*,*,*,*,*,*,*
2024-25,S,30,66548,3038551,Orange,Huntington Beach Union High,Valley Vista High,No,Yes,SH,52,27,51.9,0,0.0,0,0.0,0,0.0,18,66.7,0,0.0,0,0.0,0,0.0,0,0.0,1,1.9,24,46.2,0,0.0
2024-25,S,30,66548,3038551,Orange,Huntington Beach Union High,Valley Vista High,No,Yes,SS,140,77,55.0,0,0.0,0,0.0,1,1.3,32,41.6,0,0.0,0,0.0,0,0.0,1,0.7,14,10.0,48,34.3,0,0.0
2024-25,S,30,66548,3038551,Orange,Huntington Beach Union High,Valley Vista High,No,Yes,TA,161,94,58.4,0,0.0,0,0.0,1,1.1,37,39.4,0,0.0,0,0.0,0,0.0,1,0.6,14,8.7,52,32.3,0,0.0
2024-25,S,30,66555,1,Orange,Laguna Beach Unified,"Nonpublic, Nonsectarian Schools",No,No,GF,*,*,*,*,*,*,*,*,*,*,*,*,*,*,*,*,*,*,*,*,*,*,*,*,*
2024-25,S,30,66555,1,Orange,Laguna Beach Unified,"Nonpublic, Nonsectarian Schools",No,No,GM,*,*,*,*,*,*,*,*,*,*,*,*,*,*,*,*,*,*,*,*,*,*,*,*,*
2024-25,S,30,66555,1,Orange,Laguna Beach Unified,"Nonpublic, Nonsectarian Schools",No,No,RA,*,*,*,*,*,*,*,*,*,*,*,*,*,*,*,*,*,*,*,*,*,*,*,*,*
2024-25,S,30,66555,1,Orange,Laguna Beach Unified,"Nonpublic, Nonsectarian Schools",No,No,RB,*,*,*,*,*,*,*,*,*,*,*,*,*,*,*,*,*,*,*,*,*,*,*,*,*
2024-25,S,30,66555,1,Orange,Laguna Beach Unified,"Nonpublic, Nonsectarian Schools",No,No,RD,*,*,*,*,*,*,*,*,*,*,*,*,*,*,*,*,*,*,*,*,*,*,*,*,*
2024-25,S,30,66555,1,Orange,Laguna Beach Unified,"Nonpublic, Nonsectarian Schools",No,No,RF,*,*,*,*,*,*,*,*,*,*,*,*,*,*,*,*,*,*,*,*,*,*,*,*,*
2024-25,S,30,66555,1,Orange,Laguna Beach Unified,"Nonpublic, Nonsectarian Schools",No,No,RH,*,*,*,*,*,*,*,*,*,*,*,*,*,*,*,*,*,*,*,*,*,*,*,*,*
2024-25,S,30,66555,1,Orange,Laguna Beach Unified,"Nonpublic, Nonsectarian Schools",No,No,RI,*,*,*,*,*,*,*,*,*,*,*,*,*,*,*,*,*,*,*,*,*,*,*,*,*
2024-25,S,30,66555,1,Orange,Laguna Beach Unified,"Nonpublic, Nonsectarian Schools",No,No,RP,*,*,*,*,*,*,*,*,*,*,*,*,*,*,*,*,*,*,*,*,*,*,*,*,*
2024-25,S,30,66555,1,Orange,Laguna Beach Unified,"Nonpublic, Nonsectarian Schools",No,No,RT,*,*,*,*,*,*,*,*,*,*,*,*,*,*,*,*,*,*,*,*,*,*,*,*,*
2024-25,S,30,66555,1,Orange,Laguna Beach Unified,"Nonpublic, Nonsectarian Schools",No,No,RW,*,*,*,*,*,*,*,*,*,*,*,*,*,*,*,*,*,*,*,*,*,*,*,*,*
2024-25,S,30,66555,1,Orange,Laguna Beach Unified,"Nonpublic, Nonsectarian Schools",No,No,SD,*,*,*,*,*,*,*,*,*,*,*,*,*,*,*,*,*,*,*,*,*,*,*,*,*
2024-25,S,30,66555,1,Orange,Laguna Beach Unified,"Nonpublic, Nonsectarian Schools",No,No,SS,*,*,*,*,*,*,*,*,*,*,*,*,*,*,*,*,*,*,*,*,*,*,*,*,*
2024-25,S,30,66555,1,Orange,Laguna Beach Unified,"Nonpublic, Nonsectarian Schools",No,No,TA,*,*,*,*,*,*,*,*,*,*,*,*,*,*,*,*,*,*,*,*,*,*,*,*,*
2024-25,S,30,66555,3033206,Orange,Laguna Beach Unified,Laguna Beach High,No,No,GF,90,89,98.9,79,88.8,45,50.6,55,61.8,0,0.0,0,0.0,0,0.0,0,0.0,1,1.1,0,0.0,0,0.0,0,0.0
2024-25,S,30,66555,3033206,Orange,Laguna Beach Unified,Laguna Beach High,No,No,GM,108,105,97.2,89,84.8,52,49.5,70,66.7,0,0.0,0,0.0,0,0.0,0,0.0,1,0.9,0,0.0,1,0.9,1,0.9
2024-25,S,30,66555,3033206,Orange,Laguna Beach Unified,Laguna Beach High,No,No,RA,16,15,93.8,14,93.3,12,80.0,13,86.7,0,0.0,0,0.0,0,0.0,0,0.0,1,6.3,0,0.0,0,0.0,0,0.0
2024-25,S,30,66555,3033206,Orange,Laguna Beach Unified,Laguna Beach High,No,No,RB,*,*,*,*,*,*,*,*,*,*,*,*,*,*,*,*,*,*,*,*,*,*,*,*,*
2024-25,S,30,66555,3033206,Orange,Laguna Beach Unified,Laguna Beach High,No,No,RD,*,*,*,*,*,*,*,*,*,*,*,*,*,*,*,*,*,*,*,*,*,*,*,*,*
2024-25,S,30,66555,3033206,Orange,Laguna Beach Unified,Laguna Beach High,No,No,RF,*,*,*,*,*,*,*,*,*,*,*,*,*,*,*,*,*,*,*,*,*,*,*,*,*
2024-25,S,30,66555,3033206,Orange,Laguna Beach Unified,Laguna Beach High,No,No,RH,26,25,96.2,18,72.0,11,44.0,10,40.0,0,0.0,0,0.0,0,0.0,0,0.0,0,0.0,0,0.0,0,0.0,1,3.8
2024-25,S,30,66555,3033206,Orange,Laguna Beach Unified,Laguna Beach High,No,No,RI,*,*,*,*,*,*,*,*,*,*,*,*,*,*,*,*,*,*,*,*,*,*,*,*,*
2024-25,S,30,66555,3033206,Orange,Laguna Beach Unified,Laguna Beach High,No,No,RP,*,*,*,*,*,*,*,*,*,*,*,*,*,*,*,*,*,*,*,*,*,*,*,*,*
2024-25,S,30,66555,3033206,Orange,Laguna Beach Unified,Laguna Beach High,No,No,RT,11,11,100.0,11,100.0,8,72.7,10,90.9,0,0.0,0,0.0,0,0.0,0,0.0,0,0.0,0,0.0,0,0.0,0,0.0
2024-25,S,30,66555,3033206,Orange,Laguna Beach Unified,Laguna Beach High,No,No,RW,140,138,98.6,121,87.7,63,45.7,89,64.5,0,0.0,0,0.0,0,0.0,0,0.0,1,0.7,0,0.0,1,0.7,0,0.0
2024-25,S,30,66555,3033206,Orange,Laguna Beach Unified,Laguna Beach High,No,No,SD,20,19,95.0,8,42.1,2,10.5,4,21.1,0,0.0,0,0.0,0,0.0,0,0.0,1,5.0,0,0.0,0,0.0,0,0.0
2024-25,S,30,66555,3033206,Orange,Laguna Beach Unified,Laguna Beach High,No,No,SE,*,*,*,*,*,*,*,*,*,*,*,*,*,*,*,*,*,*,*,*,*,*,*,*,*
2024-25,S,30,66555,3033206,Orange,Laguna Beach Unified,Laguna Beach High,No,No,SF,*,*,*,*,*,*,*,*,*,*,*,*,*,*,*,*,*,*,*,*,*,*,*,*,*
2024-25,S,30,66555,3033206,Orange,Laguna Beach Unified,Laguna Beach High,No,No,SH,*,*,*,*,*,*,*,*,*,*,*,*,*,*,*,*,*,*,*,*,*,*,*,*,*
2024-25,S,30,66555,3033206,Orange,Laguna Beach Unified,Laguna Beach High,No,No,SS,66,63,95.5,49,77.8,26,41.3,31,49.2,0,0.0,0,0.0,0,0.0,0,0.0,2,3.0,0,0.0,0,0.0,1,1.5
2024-25,S,30,66555,3033206,Orange,Laguna Beach Unified,Laguna Beach High,No,No,TA,198,194,98.0,168,86.6,97,50.0,125,64.4,0,0.0,0,0.0,0,0.0,0,0.0,2,1.0,0,0.0,1,0.5,1,0.5
2024-25,S,30,66597,1,Orange,Newport-Mesa Unified,"Nonpublic, Nonsectarian Schools",No,No,GM,*,*,*,*,*,*,*,*,*,*,*,*,*,*,*,*,*,*,*,*,*,*,*,*,*
2024-25,S,30,66597,1,Orange,Newport-Mesa Unified,"Nonpublic, Nonsectarian Schools",No,No,RA,*,*,*,*,*,*,*,*,*,*,*,*,*,*,*,*,*,*,*,*,*,*,*,*,*
2024-25,S,30,66597,1,Orange,Newport-Mesa Unified,"Nonpublic, Nonsectarian Schools",No,No,RB,*,*,*,*,*,*,*,*,*,*,*,*,*,*,*,*,*,*,*,*,*,*,*,*,*
2024-25,S,30,66597,1,Orange,Newport-Mesa Unified,"Nonpublic, Nonsectarian Schools",No,No,RD,*,*,*,*,*,*,*,*,*,*,*,*,*,*,*,*,*,*,*,*,*,*,*,*,*
2024-25,S,30,66597,1,Orange,Newport-Mesa Unified,"Nonpublic, Nonsectarian Schools",No,No,RF,*,*,*,*,*,*,*,*,*,*,*,*,*,*,*,*,*,*,*,*,*,*,*,*,*
2024-25,S,30,66597,1,Orange,Newport-Mesa Unified,"Nonpublic, Nonsectarian Schools",No,No,RH,*,*,*,*,*,*,*,*,*,*,*,*,*,*,*,*,*,*,*,*,*,*,*,*,*
2024-25,S,30,66597,1,Orange,Newport-Mesa Unified,"Nonpublic, Nonsectarian Schools",No,No,RI,*,*,*,*,*,*,*,*,*,*,*,*,*,*,*,*,*,*,*,*,*,*,*,*,*
2024-25,S,30,66597,1,Orange,Newport-Mesa Unified,"Nonpublic, Nonsectarian Schools",No,No,RP,*,*,*,*,*,*,*,*,*,*,*,*,*,*,*,*,*,*,*,*,*,*,*,*,*
2024-25,S,30,66597,1,Orange,Newport-Mesa Unified,"Nonpublic, Nonsectarian Schools",No,No,RT,*,*,*,*,*,*,*,*,*,*,*,*,*,*,*,*,*,*,*,*,*,*,*,*,*
2024-25,S,30,66597,1,Orange,Newport-Mesa Unified,"Nonpublic, Nonsectarian Schools",No,No,RW,*,*,*,*,*,*,*,*,*,*,*,*,*,*,*,*,*,*,*,*,*,*,*,*,*
2024-25,S,30,66597,1,Orange,Newport-Mesa Unified,"Nonpublic, Nonsectarian Schools",No,No,SD,*,*,*,*,*,*,*,*,*,*,*,*,*,*,*,*,*,*,*,*,*,*,*,*,*
2024-25,S,30,66597,1,Orange,Newport-Mesa Unified,"Nonpublic, Nonsectarian Schools",No,No,TA,*,*,*,*,*,*,*,*,*,*,*,*,*,*,*,*,*,*,*,*,*,*,*,*,*
2024-25,S,30,66597,111666,Orange,Newport-Mesa Unified,Early College High,No,No,GF,35,35,100.0,30,85.7,19,54.3,18,51.4,0,0.0,0,0.0,0,0.0,0,0.0,0,0.0,0,0.0,0,0.0,0,0.0
2024-25,S,30,66597,111666,Orange,Newport-Mesa Unified,Early College High,No,No,GM,16,16,100.0,12,75.0,7,43.8,9,56.3,1,6.3,0,0.0,0,0.0,0,0.0,0,0.0,0,0.0,0,0.0,0,0.0
2024-25,S,30,66597,111666,Orange,Newport-Mesa Unified,Early College High,No,No,RA,*,*,*,*,*,*,*,*,*,*,*,*,*,*,*,*,*,*,*,*,*,*,*,*,*
2024-25,S,30,66597,111666,Orange,Newport-Mesa Unified,Early College High,No,No,RB,*,*,*,*,*,*,*,*,*,*,*,*,*,*,*,*,*,*,*,*,*,*,*,*,*
2024-25,S,30,66597,111666,Orange,Newport-Mesa Unified,Early College High,No,No,RD,*,*,*,*,*,*,*,*,*,*,*,*,*,*,*,*,*,*,*,*,*,*,*,*,*
2024-25,S,30,66597,111666,Orange,Newport-Mesa Unified,Early College High,No,No,RF,*,*,*,*,*,*,*,*,*,*,*,*,*,*,*,*,*,*,*,*,*,*,*,*,*
2024-25,S,30,66597,111666,Orange,Newport-Mesa Unified,Early College High,No,No,RH,33,33,100.0,24,72.7,23,69.7,12,36.4,1,3.0,0,0.0,0,0.0,0,0.0,0,0.0,0,0.0,0,0.0,0,0.0
2024-25,S,30,66597,111666,Orange,Newport-Mesa Unified,Early College High,No,No,RI,*,*,*,*,*,*,*,*,*,*,*,*,*,*,*,*,*,*,*,*,*,*,*,*,*
2024-25,S,30,66597,111666,Orange,Newport-Mesa Unified,Early College High,No,No,RP,*,*,*,*,*,*,*,*,*,*,*,*,*,*,*,*,*,*,*,*,*,*,*,*,*
2024-25,S,30,66597,111666,Orange,Newport-Mesa Unified,Early College High,No,No,RT,*,*,*,*,*,*,*,*,*,*,*,*,*,*,*,*,*,*,*,*,*,*,*,*,*
2024-25,S,30,66597,111666,Orange,Newport-Mesa Unified,Early College High,No,No,RW,*,*,*,*,*,*,*,*,*,*,*,*,*,*,*,*,*,*,*,*,*,*,*,*,*
2024-25,S,30,66597,111666,Orange,Newport-Mesa Unified,Early College High,No,No,SD,*,*,*,*,*,*,*,*,*,*,*,*,*,*,*,*,*,*,*,*,*,*,*,*,*
2024-25,S,30,66597,111666,Orange,Newport-Mesa Unified,Early College High,No,No,SE,*,*,*,*,*,*,*,*,*,*,*,*,*,*,*,*,*,*,*,*,*,*,*,*,*
2024-25,S,30,66597,111666,Orange,Newport-Mesa Unified,Early College High,No,No,SH,*,*,*,*,*,*,*,*,*,*,*,*,*,*,*,*,*,*,*,*,*,*,*,*,*
2024-25,S,30,66597,111666,Orange,Newport-Mesa Unified,Early College High,No,No,SM,*,*,*,*,*,*,*,*,*,*,*,*,*,*,*,*,*,*,*,*,*,*,*,*,*
2024-25,S,30,66597,111666,Orange,Newport-Mesa Unified,Early College High,No,No,SS,40,40,100.0,31,77.5,24,60.0,18,45.0,1,2.5,0,0.0,0,0.0,0,0.0,0,0.0,0,0.0,0,0.0,0,0.0
2024-25,S,30,66597,111666,Orange,Newport-Mesa Unified,Early College High,No,No,TA,51,51,100.0,42,82.4,26,51.0,27,52.9,1,2.0,0,0.0,0,0.0,0,0.0,0,0.0,0,0.0,0,0.0,0,0.0
2024-25,S,30,66597,3030186,Orange,Newport-Mesa Unified,Monte Vista Independent Study,No,No,GF,*,*,*,*,*,*,*,*,*,*,*,*,*,*,*,*,*,*,*,*,*,*,*,*,*
2024-25,S,30,66597,3030186,Orange,Newport-Mesa Unified,Monte Vista Independent Study,No,No,GM,13,9,69.2,1,11.1,0,0.0,0,0.0,0,0.0,0,0.0,0,0.0,0,0.0,0,0.0,0,0.0,4,30.8,0,0.0
2024-25,S,30,66597,3030186,Orange,Newport-Mesa Unified,Monte Vista Independent Study,No,No,RA,*,*,*,*,*,*,*,*,*,*,*,*,*,*,*,*,*,*,*,*,*,*,*,*,*
2024-25,S,30,66597,3030186,Orange,Newport-Mesa Unified,Monte Vista Independent Study,No,No,RB,*,*,*,*,*,*,*,*,*,*,*,*,*,*,*,*,*,*,*,*,*,*,*,*,*
2024-25,S,30,66597,3030186,Orange,Newport-Mesa Unified,Monte Vista Independent Study,No,No,RD,*,*,*,*,*,*,*,*,*,*,*,*,*,*,*,*,*,*,*,*,*,*,*,*,*
2024-25,S,30,66597,3030186,Orange,Newport-Mesa Unified,Monte Vista Independent Study,No,No,RF,*,*,*,*,*,*,*,*,*,*,*,*,*,*,*,*,*,*,*,*,*,*,*,*,*
2024-25,S,30,66597,3030186,Orange,Newport-Mesa Unified,Monte Vista Independent Study,No,No,RH,11,8,72.7,0,0.0,0,0.0,0,0.0,0,0.0,0,0.0,0,0.0,0,0.0,1,9.1,0,0.0,2,18.2,0,0.0
2024-25,S,30,66597,3030186,Orange,Newport-Mesa Unified,Monte Vista Independent Study,No,No,RI,*,*,*,*,*,*,*,*,*,*,*,*,*,*,*,*,*,*,*,*,*,*,*,*,*
2024-25,S,30,66597,3030186,Orange,Newport-Mesa Unified,Monte Vista Independent Study,No,No,RP,*,*,*,*,*,*,*,*,*,*,*,*,*,*,*,*,*,*,*,*,*,*,*,*,*
2024-25,S,30,66597,3030186,Orange,Newport-Mesa Unified,Monte Vista Independent Study,No,No,RT,*,*,*,*,*,*,*,*,*,*,*,*,*,*,*,*,*,*,*,*,*,*,*,*,*
2024-25,S,30,66597,3030186,Orange,Newport-Mesa Unified,Monte Vista Independent Study,No,No,RW,*,*,*,*,*,*,*,*,*,*,*,*,*,*,*,*,*,*,*,*,*,*,*,*,*
2024-25,S,30,66597,3030186,Orange,Newport-Mesa Unified,Monte Vista Independent Study,No,No,SD,*,*,*,*,*,*,*,*,*,*,*,*,*,*,*,*,*,*,*,*,*,*,*,*,*
2024-25,S,30,66597,3030186,Orange,Newport-Mesa Unified,Monte Vista Independent Study,No,No,SE,*,*,*,*,*,*,*,*,*,*,*,*,*,*,*,*,*,*,*,*,*,*,*,*,*
2024-25,S,30,66597,3030186,Orange,Newport-Mesa Unified,Monte Vista Independent Study,No,No,SH,*,*,*,*,*,*,*,*,*,*,*,*,*,*,*,*,*,*,*,*,*,*,*,*,*
2024-25,S,30,66597,3030186,Orange,Newport-Mesa Unified,Monte Vista Independent Study,No,No,SS,17,13,76.5,1,7.7,0,0.0,0,0.0,2,15.4,0,0.0,0,0.0,0,0.0,0,0.0,0,0.0,4,23.5,0,0.0
2024-25,S,30,66597,3030186,Orange,Newport-Mesa Unified,Monte Vista Independent Study,No,No,TA,22,17,77.3,2,11.8,0,0.0,0,0.0,2,11.8,0,0.0,0,0.0,0,0.0,1,4.5,0,0.0,4,18.2,0,0.0
2024-25,S,30,66597,3031697,Orange,Newport-Mesa Unified,Corona del Mar High,No,No,GF,176,173,98.3,133,76.9,79,45.7,99,57.2,2,1.2,0,0.0,0,0.0,2,1.1,0,0.0,0,0.0,1,0.6,0,0.0
2024-25,S,30,66597,3031697,Orange,Newport-Mesa Unified,Corona del Mar High,No,No,GM,197,187,94.9,124,66.3,59,31.6,98,52.4,2,1.1,0,0.0,0,0.0,6,3.0,0,0.0,0,0.0,2,1.0,2,1.0
2024-25,S,30,66597,3031697,Orange,Newport-Mesa Unified,Corona del Mar High,No,No,RA,40,40,100.0,30,75.0,23,57.5,26,65.0,0,0.0,0,0.0,0,0.0,0,0.0,0,0.0,0,0.0,0,0.0,0,0.0
2024-25,S,30,66597,3031697,Orange,Newport-Mesa Unified,Corona del Mar High,No,No,RB,*,*,*,*,*,*,*,*,*,*,*,*,*,*,*,*,*,*,*,*,*,*,*,*,*
2024-25,S,30,66597,3031697,Orange,Newport-Mesa Unified,Corona del Mar High,No,No,RD,*,*,*,*,*,*,*,*,*,*,*,*,*,*,*,*,*,*,*,*,*,*,*,*,*
2024-25,S,30,66597,3031697,Orange,Newport-Mesa Unified,Corona del Mar High,No,No,RF,*,*,*,*,*,*,*,*,*,*,*,*,*,*,*,*,*,*,*,*,*,*,*,*,*
2024-25,S,30,66597,3031697,Orange,Newport-Mesa Unified,Corona del Mar High,No,No,RH,61,57,93.4,27,47.4,14,24.6,19,33.3,2,3.5,0,0.0,0,0.0,4,6.6,0,0.0,0,0.0,0,0.0,0,0.0
2024-25,S,30,66597,3031697,Orange,Newport-Mesa Unified,Corona del Mar High,No,No,RI,*,*,*,*,*,*,*,*,*,*,*,*,*,*,*,*,*,*,*,*,*,*,*,*,*
2024-25,S,30,66597,3031697,Orange,Newport-Mesa Unified,Corona del Mar High,No,No,RP,*,*,*,*,*,*,*,*,*,*,*,*,*,*,*,*,*,*,*,*,*,*,*,*,*
2024-25,S,30,66597,3031697,Orange,Newport-Mesa Unified,Corona del Mar High,No,No,RT,35,35,100.0,31,88.6,14,40.0,24,68.6,0,0.0,0,0.0,0,0.0,0,0.0,0,0.0,0,0.0,0,0.0,0,0.0
2024-25,S,30,66597,3031697,Orange,Newport-Mesa Unified,Corona del Mar High,No,No,RW,225,217,96.4,163,75.1,84,38.7,124,57.1,2,0.9,0,0.0,0,0.0,4,1.8,0,0.0,0,0.0,3,1.3,1,0.4
2024-25,S,30,66597,3031697,Orange,Newport-Mesa Unified,Corona del Mar High,No,No,SD,48,39,81.3,11,28.2,3,7.7,2,5.1,2,5.1,0,0.0,0,0.0,8,16.7,0,0.0,0,0.0,0,0.0,1,2.1
2024-25,S,30,66597,3031697,Orange,Newport-Mesa Unified,Corona del Mar High,No,No,SE,25,23,92.0,7,30.4,5,21.7,7,30.4,1,4.3,0,0.0,0,0.0,0,0.0,0,0.0,0,0.0,1,4.0,1,4.0
2024-25,S,30,66597,3031697,Orange,Newport-Mesa Unified,Corona del Mar High,No,No,SF,*,*,*,*,*,*,*,*,*,*,*,*,*,*,*,*,*,*,*,*,*,*,*,*,*
2024-25,S,30,66597,3031697,Orange,Newport-Mesa Unified,Corona del Mar High,No,No,SH,16,15,93.8,4,26.7,2,13.3,1,6.7,4,26.7,0,0.0,0,0.0,1,6.3,0,0.0,0,0.0,0,0.0,0,0.0
2024-25,S,30,66597,3031697,Orange,Newport-Mesa Unified,Corona del Mar High,No,No,SS,137,130,94.9,73,56.2,35,26.9,48,36.9,4,3.1,0,0.0,0,0.0,4,2.9,0,0.0,0,0.0,1,0.7,2,1.5
2024-25,S,30,66597,3031697,Orange,Newport-Mesa Unified,Corona del Mar High,No,No,TA,373,360,96.5,257,71.4,138,38.3,197,54.7,4,1.1,0,0.0,0,0.0,8,2.1,0,0.0,0,0.0,3,0.8,2,0.5
2024-25,S,30,66597,3031853,Orange,Newport-Mesa Unified,Costa Mesa High,No,No,GF,143,139,97.2,74,53.2,43,30.9,46,33.1,0,0.0,0,0.0,0,0.0,0,0.0,0,0.0,1,0.7,3,2.1,0,0.0
2024-25,S,30,66597,3031853,Orange,Newport-Mesa Unified,Costa Mesa High,No,No,GM,156,142,91.0,68,47.9,32,22.5,34,23.9,0,0.0,0,0.0,0,0.0,6,3.8,0,0.0,3,1.9,5,3.2,0,0.0
2024-25,S,30,66597,3031853,Orange,Newport-Mesa Unified,Costa Mesa High,No,No,RA,14,14,100.0,10,71.4,5,35.7,9,64.3,0,0.0,0,0.0,0,0.0,0,0.0,0,0.0,0,0.0,0,0.0,0,0.0
2024-25,S,30,66597,3031853,Orange,Newport-Mesa Unified,Costa Mesa High,No,No,RB,*,*,*,*,*,*,*,*,*,*,*,*,*,*,*,*,*,*,*,*,*,*,*,*,*
2024-25,S,30,66597,3031853,Orange,Newport-Mesa Unified,Costa Mesa High,No,No,RD,*,*,*,*,*,*,*,*,*,*,*,*,*,*,*,*,*,*,*,*,*,*,*,*,*
2024-25,S,30,66597,3031853,Orange,Newport-Mesa Unified,Costa Mesa High,No,No,RF,*,*,*,*,*,*,*,*,*,*,*,*,*,*,*,*,*,*,*,*,*,*,*,*,*
2024-25,S,30,66597,3031853,Orange,Newport-Mesa Unified,Costa Mesa High,No,No,RH,215,199,92.6,92,46.2,54,27.1,39,19.6,0,0.0,0,0.0,0,0.0,5,2.3,0,0.0,4,1.9,7,3.3,0,0.0
2024-25,S,30,66597,3031853,Orange,Newport-Mesa Unified,Costa Mesa High,No,No,RI,*,*,*,*,*,*,*,*,*,*,*,*,*,*,*,*,*,*,*,*,*,*,*,*,*
2024-25,S,30,66597,3031853,Orange,Newport-Mesa Unified,Costa Mesa High,No,No,RP,*,*,*,*,*,*,*,*,*,*,*,*,*,*,*,*,*,*,*,*,*,*,*,*,*
2024-25,S,30,66597,3031853,Orange,Newport-Mesa Unified,Costa Mesa High,No,No,RT,11,11,100.0,6,54.5,3,27.3,7,63.6,0,0.0,0,0.0,0,0.0,0,0.0,0,0.0,0,0.0,0,0.0,0,0.0
2024-25,S,30,66597,3031853,Orange,Newport-Mesa Unified,Costa Mesa High,No,No,RW,41,40,97.6,23,57.5,7,17.5,19,47.5,0,0.0,0,0.0,0,0.0,1,2.4,0,0.0,0,0.0,0,0.0,0,0.0
2024-25,S,30,66597,3031853,Orange,Newport-Mesa Unified,Costa Mesa High,No,No,SD,44,36,81.8,7,19.4,2,5.6,3,8.3,0,0.0,0,0.0,0,0.0,6,13.6,0,0.0,1,2.3,1,2.3,0,0.0
2024-25,S,30,66597,3031853,Orange,Newport-Mesa Unified,Costa Mesa High,No,No,SE,64,56,87.5,12,21.4,4,7.1,3,5.4,0,0.0,0,0.0,0,0.0,0,0.0,0,0.0,4,6.3,4,6.3,0,0.0
2024-25,S,30,66597,3031853,Orange,Newport-Mesa Unified,Costa Mesa High,No,No,SF,*,*,*,*,*,*,*,*,*,*,*,*,*,*,*,*,*,*,*,*,*,*,*,*,*
2024-25,S,30,66597,3031853,Orange,Newport-Mesa Unified,Costa Mesa High,No,No,SH,50,43,86.0,14,32.6,5,11.6,8,18.6,0,0.0,0,0.0,0,0.0,2,4.0,0,0.0,1,2.0,4,8.0,0,0.0
2024-25,S,30,66597,3031853,Orange,Newport-Mesa Unified,Costa Mesa High,No,No,SM,*,*,*,*,*,*,*,*,*,*,*,*,*,*,*,*,*,*,*,*,*,*,*,*,*
2024-25,S,30,66597,3031853,Orange,Newport-Mesa Unified,Costa Mesa High,No,No,SS,259,241,93.1,111,46.1,60,24.9,56,23.2,0,0.0,0,0.0,0,0.0,6,2.3,0,0.0,4,1.5,8,3.1,0,0.0
2024-25,S,30,66597,3031853,Orange,Newport-Mesa Unified,Costa Mesa High,No,No,TA,299,281,94.0,142,50.5,75,26.7,80,28.5,0,0.0,0,0.0,0,0.0,6,2.0,0,0.0,4,1.3,8,2.7,0,0.0
2024-25,S,30,66597,3032000,Orange,Newport-Mesa Unified,Estancia High,No,No,GF,119,110,92.4,59,53.6,35,31.8,28,25.5,0,0.0,0,0.0,0,0.0,4,3.4,0,0.0,0,0.0,2,1.7,3,2.5
2024-25,S,30,66597,3032000,Orange,Newport-Mesa Unified,Estancia High,No,No,GM,126,117,92.9,39,33.3,22,18.8,27,23.1,0,0.0,0,0.0,0,0.0,4,3.2,0,0.0,0,0.0,2,1.6,3,2.4
2024-25,S,30,66597,3032000,Orange,Newport-Mesa Unified,Estancia High,No,No,GX,*,*,*,*,*,*,*,*,*,*,*,*,*,*,*,*,*,*,*,*,*,*,*,*,*
2024-25,S,30,66597,3032000,Orange,Newport-Mesa Unified,Estancia High,No,No,RA,*,*,*,*,*,*,*,*,*,*,*,*,*,*,*,*,*,*,*,*,*,*,*,*,*
2024-25,S,30,66597,3032000,Orange,Newport-Mesa Unified,Estancia High,No,No,RB,*,*,*,*,*,*,*,*,*,*,*,*,*,*,*,*,*,*,*,*,*,*,*,*,*
2024-25,S,30,66597,3032000,Orange,Newport-Mesa Unified,Estancia High,No,No,RD,*,*,*,*,*,*,*,*,*,*,*,*,*,*,*,*,*,*,*,*,*,*,*,*,*
2024-25,S,30,66597,3032000,Orange,Newport-Mesa Unified,Estancia High,No,No,RF,*,*,*,*,*,*,*,*,*,*,*,*,*,*,*,*,*,*,*,*,*,*,*,*,*
2024-25,S,30,66597,3032000,Orange,Newport-Mesa Unified,Estancia High,No,No,RH,218,201,92.2,79,39.3,54,26.9,40,19.9,0,0.0,0,0.0,0,0.0,7,3.2,0,0.0,0,0.0,4,1.8,6,2.8
2024-25,S,30,66597,3032000,Orange,Newport-Mesa Unified,Estancia High,No,No,RI,*,*,*,*,*,*,*,*,*,*,*,*,*,*,*,*,*,*,*,*,*,*,*,*,*
2024-25,S,30,66597,3032000,Orange,Newport-Mesa Unified,Estancia High,No,No,RP,*,*,*,*,*,*,*,*,*,*,*,*,*,*,*,*,*,*,*,*,*,*,*,*,*
2024-25,S,30,66597,3032000,Orange,Newport-Mesa Unified,Estancia High,No,No,RT,*,*,*,*,*,*,*,*,*,*,*,*,*,*,*,*,*,*,*,*,*,*,*,*,*
2024-25,S,30,66597,3032000,Orange,Newport-Mesa Unified,Estancia High,No,No,RW,23,23,100.0,19,82.6,3,13.0,14,60.9,0,0.0,0,0.0,0,0.0,0,0.0,0,0.0,0,0.0,0,0.0,0,0.0
2024-25,S,30,66597,3032000,Orange,Newport-Mesa Unified,Estancia High,No,No,SD,36,28,77.8,2,7.1,1,3.6,1,3.6,0,0.0,0,0.0,0,0.0,8,22.2,0,0.0,0,0.0,0,0.0,0,0.0
2024-25,S,30,66597,3032000,Orange,Newport-Mesa Unified,Estancia High,No,No,SE,77,66,85.7,12,18.2,5,7.6,3,4.5,0,0.0,0,0.0,0,0.0,2,2.6,0,0.0,0,0.0,3,3.9,6,7.8
2024-25,S,30,66597,3032000,Orange,Newport-Mesa Unified,Estancia High,No,No,SH,48,38,79.2,9,23.7,6,15.8,3,7.9,0,0.0,0,0.0,0,0.0,3,6.3,0,0.0,0,0.0,4,8.3,3,6.3
2024-25,S,30,66597,3032000,Orange,Newport-Mesa Unified,Estancia High,No,No,SS,228,211,92.5,84,39.8,54,25.6,46,21.8,0,0.0,0,0.0,0,0.0,7,3.1,0,0.0,0,0.0,4,1.8,6,2.6
2024-25,S,30,66597,3032000,Orange,Newport-Mesa Unified,Estancia High,No,No,TA,246,228,92.7,99,43.4,57,25.0,56,24.6,0,0.0,0,0.0,0,0.0,8,3.3,0,0.0,0,0.0,4,1.6,6,2.4
2024-25,S,30,66597,3034907,Orange,Newport-Mesa Unified,Back Bay High,No,Yes,GF,36,33,91.7,0,0.0,0,0.0,0,0.0,4,12.1,0,0.0,0,0.0,0,0.0,0,0.0,0,0.0,2,5.6,1,2.8
2024-25,S,30,66597,3034907,Orange,Newport-Mesa Unified,Back Bay High,No,Yes,GM,57,49,86.0,0,0.0,0,0.0,0,0.0,5,10.2,0,0.0,0,0.0,0,0.0,1,1.8,0,0.0,2,3.5,5,8.8
2024-25,S,30,66597,3034907,Orange,Newport-Mesa Unified,Back Bay High,No,Yes,GX,*,*,*,*,*,*,*,*,*,*,*,*,*,*,*,*,*,*,*,*,*,*,*,*,*
2024-25,S,30,66597,3034907,Orange,Newport-Mesa Unified,Back Bay High,No,Yes,RA,*,*,*,*,*,*,*,*,*,*,*,*,*,*,*,*,*,*,*,*,*,*,*,*,*
2024-25,S,30,66597,3034907,Orange,Newport-Mesa Unified,Back Bay High,No,Yes,RB,*,*,*,*,*,*,*,*,*,*,*,*,*,*,*,*,*,*,*,*,*,*,*,*,*
2024-25,S,30,66597,3034907,Orange,Newport-Mesa Unified,Back Bay High,No,Yes,RD,*,*,*,*,*,*,*,*,*,*,*,*,*,*,*,*,*,*,*,*,*,*,*,*,*
2024-25,S,30,66597,3034907,Orange,Newport-Mesa Unified,Back Bay High,No,Yes,RF,*,*,*,*,*,*,*,*,*,*,*,*,*,*,*,*,*,*,*,*,*,*,*,*,*
2024-25,S,30,66597,3034907,Orange,Newport-Mesa Unified,Back Bay High,No,Yes,RH,72,63,87.5,0,0.0,0,0.0,0,0.0,9,14.3,0,0.0,0,0.0,0,0.0,1,1.4,0,0.0,4,5.6,4,5.6
2024-25,S,30,66597,3034907,Orange,Newport-Mesa Unified,Back Bay High,No,Yes,RI,*,*,*,*,*,*,*,*,*,*,*,*,*,*,*,*,*,*,*,*,*,*,*,*,*
2024-25,S,30,66597,3034907,Orange,Newport-Mesa Unified,Back Bay High,No,Yes,RP,*,*,*,*,*,*,*,*,*,*,*,*,*,*,*,*,*,*,*,*,*,*,*,*,*
2024-25,S,30,66597,3034907,Orange,Newport-Mesa Unified,Back Bay High,No,Yes,RT,*,*,*,*,*,*,*,*,*,*,*,*,*,*,*,*,*,*,*,*,*,*,*,*,*
2024-25,S,30,66597,3034907,Orange,Newport-Mesa Unified,Back Bay High,No,Yes,RW,19,17,89.5,0,0.0,0,0.0,0,0.0,0,0.0,0,0.0,0,0.0,0,0.0,0,0.0,0,0.0,0,0.0,2,10.5
2024-25,S,30,66597,3034907,Orange,Newport-Mesa Unified,Back Bay High,No,Yes,SD,30,25,83.3,0,0.0,0,0.0,0,0.0,4,16.0,0,0.0,0,0.0,0,0.0,1,3.3,0,0.0,1,3.3,3,10.0
2024-25,S,30,66597,3034907,Orange,Newport-Mesa Unified,Back Bay High,No,Yes,SE,36,30,83.3,0,0.0,0,0.0,0,0.0,7,23.3,0,0.0,0,0.0,0,0.0,0,0.0,0,0.0,2,5.6,4,11.1
2024-25,S,30,66597,3034907,Orange,Newport-Mesa Unified,Back Bay High,No,Yes,SF,*,*,*,*,*,*,*,*,*,*,*,*,*,*,*,*,*,*,*,*,*,*,*,*,*
2024-25,S,30,66597,3034907,Orange,Newport-Mesa Unified,Back Bay High,No,Yes,SH,18,13,72.2,0,0.0,0,0.0,0,0.0,7,53.8,0,0.0,0,0.0,0,0.0,0,0.0,0,0.0,3,16.7,2,11.1
2024-25,S,30,66597,3034907,Orange,Newport-Mesa Unified,Back Bay High,No,Yes,SS,84,73,86.9,0,0.0,0,0.0,0,0.0,9,12.3,0,0.0,0,0.0,0,0.0,1,1.2,0,0.0,5,6.0,5,6.0
2024-25,S,30,66597,3034907,Orange,Newport-Mesa Unified,Back Bay High,No,Yes,TA,96,84,87.5,0,0.0,0,0.0,0,0.0,9,10.7,0,0.0,0,0.0,0,0.0,1,1.0,0,0.0,5,5.2,6,6.3
2024-25,S,30,66597,3035045,Orange,Newport-Mesa Unified,Newport Harbor High,No,No,GF,262,256,97.7,180,70.3,57,22.3,133,52.0,2,0.8,0,0.0,0,0.0,0,0.0,0,0.0,0,0.0,4,1.5,2,0.8
2024-25,S,30,66597,3035045,Orange,Newport-Mesa Unified,Newport Harbor High,No,No,GM,276,265,96.0,135,50.9,20,7.5,89,33.6,4,1.5,1,0.4,0,0.0,1,0.4,0,0.0,1,0.4,6,2.2,2,0.7
2024-25,S,30,66597,3035045,Orange,Newport-Mesa Unified,Newport Harbor High,No,No,RA,15,13,86.7,6,46.2,1,7.7,7,53.8,0,0.0,0,0.0,0,0.0,0,0.0,0,0.0,0,0.0,1,6.7,1,6.7
2024-25,S,30,66597,3035045,Orange,Newport-Mesa Unified,Newport Harbor High,No,No,RB,*,*,*,*,*,*,*,*,*,*,*,*,*,*,*,*,*,*,*,*,*,*,*,*,*
2024-25,S,30,66597,3035045,Orange,Newport-Mesa Unified,Newport Harbor High,No,No,RD,*,*,*,*,*,*,*,*,*,*,*,*,*,*,*,*,*,*,*,*,*,*,*,*,*
2024-25,S,30,66597,3035045,Orange,Newport-Mesa Unified,Newport Harbor High,No,No,RF,*,*,*,*,*,*,*,*,*,*,*,*,*,*,*,*,*,*,*,*,*,*,*,*,*
2024-25,S,30,66597,3035045,Orange,Newport-Mesa Unified,Newport Harbor High,No,No,RH,195,186,95.4,70,37.6,36,19.4,39,21.0,3,1.6,1,0.5,0,0.0,0,0.0,0,0.0,1,0.5,5,2.6,2,1.0
2024-25,S,30,66597,3035045,Orange,Newport-Mesa Unified,Newport Harbor High,No,No,RI,*,*,*,*,*,*,*,*,*,*,*,*,*,*,*,*,*,*,*,*,*,*,*,*,*
2024-25,S,30,66597,3035045,Orange,Newport-Mesa Unified,Newport Harbor High,No,No,RP,*,*,*,*,*,*,*,*,*,*,*,*,*,*,*,*,*,*,*,*,*,*,*,*,*
2024-25,S,30,66597,3035045,Orange,Newport-Mesa Unified,Newport Harbor High,No,No,RT,41,40,97.6,25,62.5,5,12.5,22,55.0,0,0.0,0,0.0,0,0.0,0,0.0,0,0.0,0,0.0,1,2.4,0,0.0
2024-25,S,30,66597,3035045,Orange,Newport-Mesa Unified,Newport Harbor High,No,No,RW,279,274,98.2,210,76.6,35,12.8,151,55.1,2,0.7,0,0.0,0,0.0,1,0.4,0,0.0,0,0.0,3,1.1,1,0.4
2024-25,S,30,66597,3035045,Orange,Newport-Mesa Unified,Newport Harbor High,No,No,SD,62,57,91.9,9,15.8,1,1.8,5,8.8,0,0.0,0,0.0,0,0.0,1,1.6,0,0.0,0,0.0,4,6.5,0,0.0
2024-25,S,30,66597,3035045,Orange,Newport-Mesa Unified,Newport Harbor High,No,No,SE,60,51,85.0,11,21.6,10,19.6,4,7.8,2,3.9,0,0.0,0,0.0,0,0.0,0,0.0,1,1.7,4,6.7,4,6.7
2024-25,S,30,66597,3035045,Orange,Newport-Mesa Unified,Newport Harbor High,No,No,SF,*,*,*,*,*,*,*,*,*,*,*,*,*,*,*,*,*,*,*,*,*,*,*,*,*
2024-25,S,30,66597,3035045,Orange,Newport-Mesa Unified,Newport Harbor High,No,No,SH,36,29,80.6,8,27.6,3,10.3,5,17.2,4,13.8,0,0.0,0,0.0,0,0.0,0,0.0,1,2.8,3,8.3,3,8.3
2024-25,S,30,66597,3035045,Orange,Newport-Mesa Unified,Newport Harbor High,No,No,SS,295,281,95.3,118,42.0,40,14.2,76,27.0,6,2.1,1,0.3,0,0.0,0,0.0,0,0.0,1,0.3,8,2.7,4,1.4
2024-25,S,30,66597,3035045,Orange,Newport-Mesa Unified,Newport Harbor High,No,No,TA,538,521,96.8,315,60.5,77,14.8,222,42.6,6,1.2,1,0.2,0,0.0,1,0.2,0,0.0,1,0.2,10,1.9,4,0.7
2024-25,S,30,66621,0,Orange,Orange Unified,District Office,No,No,RA,*,*,*,*,*,*,*,*,*,*,*,*,*,*,*,*,*,*,*,*,*,*,*,*,*
2024-25,S,30,66621,0,Orange,Orange Unified,District Office,No,No,RB,*,*,*,*,*,*,*,*,*,*,*,*,*,*,*,*,*,*,*,*,*,*,*,*,*
2024-25,S,30,66621,0,Orange,Orange Unified,District Office,No,No,RD,*,*,*,*,*,*,*,*,*,*,*,*,*,*,*,*,*,*,*,*,*,*,*,*,*
2024-25,S,30,66621,0,Orange,Orange Unified,District Office,No,No,RF,*,*,*,*,*,*,*,*,*,*,*,*,*,*,*,*,*,*,*,*,*,*,*,*,*
2024-25,S,30,66621,0,Orange,Orange Unified,District Office,No,No,RH,*,*,*,*,*,*,*,*,*,*,*,*,*,*,*,*,*,*,*,*,*,*,*,*,*
2024-25,S,30,66621,0,Orange,Orange Unified,District Office,No,No,RI,*,*,*,*,*,*,*,*,*,*,*,*,*,*,*,*,*,*,*,*,*,*,*,*,*
2024-25,S,30,66621,0,Orange,Orange Unified,District Office,No,No,RP,*,*,*,*,*,*,*,*,*,*,*,*,*,*,*,*,*,*,*,*,*,*,*,*,*
2024-25,S,30,66621,0,Orange,Orange Unified,District Office,No,No,RT,*,*,*,*,*,*,*,*,*,*,*,*,*,*,*,*,*,*,*,*,*,*,*,*,*
2024-25,S,30,66621,0,Orange,Orange Unified,District Office,No,No,RW,*,*,*,*,*,*,*,*,*,*,*,*,*,*,*,*,*,*,*,*,*,*,*,*,*
2024-25,S,30,66621,1,Orange,Orange Unified,"Nonpublic, Nonsectarian Schools",No,No,GF,*,*,*,*,*,*,*,*,*,*,*,*,*,*,*,*,*,*,*,*,*,*,*,*,*
2024-25,S,30,66621,1,Orange,Orange Unified,"Nonpublic, Nonsectarian Schools",No,No,GM,*,*,*,*,*,*,*,*,*,*,*,*,*,*,*,*,*,*,*,*,*,*,*,*,*
2024-25,S,30,66621,1,Orange,Orange Unified,"Nonpublic, Nonsectarian Schools",No,No,RA,*,*,*,*,*,*,*,*,*,*,*,*,*,*,*,*,*,*,*,*,*,*,*,*,*
2024-25,S,30,66621,1,Orange,Orange Unified,"Nonpublic, Nonsectarian Schools",No,No,RB,*,*,*,*,*,*,*,*,*,*,*,*,*,*,*,*,*,*,*,*,*,*,*,*,*
2024-25,S,30,66621,1,Orange,Orange Unified,"Nonpublic, Nonsectarian Schools",No,No,RD,*,*,*,*,*,*,*,*,*,*,*,*,*,*,*,*,*,*,*,*,*,*,*,*,*
2024-25,S,30,66621,1,Orange,Orange Unified,"Nonpublic, Nonsectarian Schools",No,No,RF,*,*,*,*,*,*,*,*,*,*,*,*,*,*,*,*,*,*,*,*,*,*,*,*,*
2024-25,S,30,66621,1,Orange,Orange Unified,"Nonpublic, Nonsectarian Schools",No,No,RH,*,*,*,*,*,*,*,*,*,*,*,*,*,*,*,*,*,*,*,*,*,*,*,*,*
2024-25,S,30,66621,1,Orange,Orange Unified,"Nonpublic, Nonsectarian Schools",No,No,RI,*,*,*,*,*,*,*,*,*,*,*,*,*,*,*,*,*,*,*,*,*,*,*,*,*
2024-25,S,30,66621,1,Orange,Orange Unified,"Nonpublic, Nonsectarian Schools",No,No,RP,*,*,*,*,*,*,*,*,*,*,*,*,*,*,*,*,*,*,*,*,*,*,*,*,*
2024-25,S,30,66621,1,Orange,Orange Unified,"Nonpublic, Nonsectarian Schools",No,No,RT,*,*,*,*,*,*,*,*,*,*,*,*,*,*,*,*,*,*,*,*,*,*,*,*,*
2024-25,S,30,66621,1,Orange,Orange Unified,"Nonpublic, Nonsectarian Schools",No,No,RW,*,*,*,*,*,*,*,*,*,*,*,*,*,*,*,*,*,*,*,*,*,*,*,*,*
2024-25,S,30,66621,1,Orange,Orange Unified,"Nonpublic, Nonsectarian Schools",No,No,SD,*,*,*,*,*,*,*,*,*,*,*,*,*,*,*,*,*,*,*,*,*,*,*,*,*
2024-25,S,30,66621,1,Orange,Orange Unified,"Nonpublic, Nonsectarian Schools",No,No,SS,*,*,*,*,*,*,*,*,*,*,*,*,*,*,*,*,*,*,*,*,*,*,*,*,*
2024-25,S,30,66621,1,Orange,Orange Unified,"Nonpublic, Nonsectarian Schools",No,No,TA,*,*,*,*,*,*,*,*,*,*,*,*,*,*,*,*,*,*,*,*,*,*,*,*,*
2024-25,S,30,66621,114769,Orange,Orange Unified,OUSD Community Day,No,Yes,GF,*,*,*,*,*,*,*,*,*,*,*,*,*,*,*,*,*,*,*,*,*,*,*,*,*
2024-25,S,30,66621,114769,Orange,Orange Unified,OUSD Community Day,No,Yes,GM,*,*,*,*,*,*,*,*,*,*,*,*,*,*,*,*,*,*,*,*,*,*,*,*,*
2024-25,S,30,66621,114769,Orange,Orange Unified,OUSD Community Day,No,Yes,GX,*,*,*,*,*,*,*,*,*,*,*,*,*,*,*,*,*,*,*,*,*,*,*,*,*
2024-25,S,30,66621,114769,Orange,Orange Unified,OUSD Community Day,No,Yes,RA,*,*,*,*,*,*,*,*,*,*,*,*,*,*,*,*,*,*,*,*,*,*,*,*,*
2024-25,S,30,66621,114769,Orange,Orange Unified,OUSD Community Day,No,Yes,RB,*,*,*,*,*,*,*,*,*,*,*,*,*,*,*,*,*,*,*,*,*,*,*,*,*
2024-25,S,30,66621,114769,Orange,Orange Unified,OUSD Community Day,No,Yes,RD,*,*,*,*,*,*,*,*,*,*,*,*,*,*,*,*,*,*,*,*,*,*,*,*,*
2024-25,S,30,66621,114769,Orange,Orange Unified,OUSD Community Day,No,Yes,RF,*,*,*,*,*,*,*,*,*,*,*,*,*,*,*,*,*,*,*,*,*,*,*,*,*
2024-25,S,30,66621,114769,Orange,Orange Unified,OUSD Community Day,No,Yes,RH,*,*,*,*,*,*,*,*,*,*,*,*,*,*,*,*,*,*,*,*,*,*,*,*,*
2024-25,S,30,66621,114769,Orange,Orange Unified,OUSD Community Day,No,Yes,RI,*,*,*,*,*,*,*,*,*,*,*,*,*,*,*,*,*,*,*,*,*,*,*,*,*
2024-25,S,30,66621,114769,Orange,Orange Unified,OUSD Community Day,No,Yes,RP,*,*,*,*,*,*,*,*,*,*,*,*,*,*,*,*,*,*,*,*,*,*,*,*,*
2024-25,S,30,66621,114769,Orange,Orange Unified,OUSD Community Day,No,Yes,RT,*,*,*,*,*,*,*,*,*,*,*,*,*,*,*,*,*,*,*,*,*,*,*,*,*
2024-25,S,30,66621,114769,Orange,Orange Unified,OUSD Community Day,No,Yes,RW,*,*,*,*,*,*,*,*,*,*,*,*,*,*,*,*,*,*,*,*,*,*,*,*,*
2024-25,S,30,66621,114769,Orange,Orange Unified,OUSD Community Day,No,Yes,SD,*,*,*,*,*,*,*,*,*,*,*,*,*,*,*,*,*,*,*,*,*,*,*,*,*
2024-25,S,30,66621,114769,Orange,Orange Unified,OUSD Community Day,No,Yes,SE,*,*,*,*,*,*,*,*,*,*,*,*,*,*,*,*,*,*,*,*,*,*,*,*,*
2024-25,S,30,66621,114769,Orange,Orange Unified,OUSD Community Day,No,Yes,SH,*,*,*,*,*,*,*,*,*,*,*,*,*,*,*,*,*,*,*,*,*,*,*,*,*
2024-25,S,30,66621,114769,Orange,Orange Unified,OUSD Community Day,No,Yes,SS,*,*,*,*,*,*,*,*,*,*,*,*,*,*,*,*,*,*,*,*,*,*,*,*,*
2024-25,S,30,66621,114769,Orange,Orange Unified,OUSD Community Day,No,Yes,TA,*,*,*,*,*,*,*,*,*,*,*,*,*,*,*,*,*,*,*,*,*,*,*,*,*
2024-25,S,30,66621,118174,Orange,Orange Unified,OUSD Home Sch,No,No,RA,*,*,*,*,*,*,*,*,*,*,*,*,*,*,*,*,*,*,*,*,*,*,*,*,*
2024-25,S,30,66621,118174,Orange,Orange Unified,OUSD Home Sch,No,No,RB,*,*,*,*,*,*,*,*,*,*,*,*,*,*,*,*,*,*,*,*,*,*,*,*,*
2024-25,S,30,66621,118174,Orange,Orange Unified,OUSD Home Sch,No,No,RD,*,*,*,*,*,*,*,*,*,*,*,*,*,*,*,*,*,*,*,*,*,*,*,*,*
2024-25,S,30,66621,118174,Orange,Orange Unified,OUSD Home Sch,No,No,RF,*,*,*,*,*,*,*,*,*,*,*,*,*,*,*,*,*,*,*,*,*,*,*,*,*
2024-25,S,30,66621,118174,Orange,Orange Unified,OUSD Home Sch,No,No,RH,*,*,*,*,*,*,*,*,*,*,*,*,*,*,*,*,*,*,*,*,*,*,*,*,*
2024-25,S,30,66621,118174,Orange,Orange Unified,OUSD Home Sch,No,No,RI,*,*,*,*,*,*,*,*,*,*,*,*,*,*,*,*,*,*,*,*,*,*,*,*,*
2024-25,S,30,66621,118174,Orange,Orange Unified,OUSD Home Sch,No,No,RP,*,*,*,*,*,*,*,*,*,*,*,*,*,*,*,*,*,*,*,*,*,*,*,*,*
2024-25,S,30,66621,118174,Orange,Orange Unified,OUSD Home Sch,No,No,RT,*,*,*,*,*,*,*,*,*,*,*,*,*,*,*,*,*,*,*,*,*,*,*,*,*
2024-25,S,30,66621,118174,Orange,Orange Unified,OUSD Home Sch,No,No,RW,*,*,*,*,*,*,*,*,*,*,*,*,*,*,*,*,*,*,*,*,*,*,*,*,*
2024-25,S,30,66621,140293,Orange,Orange Unified,OUSD EDGE Virtual Academy,No,No,GF,41,41,100.0,8,19.5,1,2.4,0,0.0,1,2.4,0,0.0,0,0.0,0,0.0,0,0.0,0,0.0,0,0.0,0,0.0
2024-25,S,30,66621,140293,Orange,Orange Unified,OUSD EDGE Virtual Academy,No,No,GM,33,31,93.9,8,25.8,0,0.0,0,0.0,0,0.0,0,0.0,0,0.0,0,0.0,0,0.0,0,0.0,2,6.1,0,0.0
2024-25,S,30,66621,140293,Orange,Orange Unified,OUSD EDGE Virtual Academy,No,No,GX,*,*,*,*,*,*,*,*,*,*,*,*,*,*,*,*,*,*,*,*,*,*,*,*,*
2024-25,S,30,66621,140293,Orange,Orange Unified,OUSD EDGE Virtual Academy,No,No,RA,*,*,*,*,*,*,*,*,*,*,*,*,*,*,*,*,*,*,*,*,*,*,*,*,*
2024-25,S,30,66621,140293,Orange,Orange Unified,OUSD EDGE Virtual Academy,No,No,RB,*,*,*,*,*,*,*,*,*,*,*,*,*,*,*,*,*,*,*,*,*,*,*,*,*
2024-25,S,30,66621,140293,Orange,Orange Unified,OUSD EDGE Virtual Academy,No,No,RD,*,*,*,*,*,*,*,*,*,*,*,*,*,*,*,*,*,*,*,*,*,*,*,*,*
2024-25,S,30,66621,140293,Orange,Orange Unified,OUSD EDGE Virtual Academy,No,No,RF,*,*,*,*,*,*,*,*,*,*,*,*,*,*,*,*,*,*,*,*,*,*,*,*,*
2024-25,S,30,66621,140293,Orange,Orange Unified,OUSD EDGE Virtual Academy,No,No,RH,39,38,97.4,9,23.7,0,0.0,0,0.0,0,0.0,0,0.0,0,0.0,0,0.0,0,0.0,0,0.0,1,2.6,0,0.0
2024-25,S,30,66621,140293,Orange,Orange Unified,OUSD EDGE Virtual Academy,No,No,RI,*,*,*,*,*,*,*,*,*,*,*,*,*,*,*,*,*,*,*,*,*,*,*,*,*
2024-25,S,30,66621,140293,Orange,Orange Unified,OUSD EDGE Virtual Academy,No,No,RP,*,*,*,*,*,*,*,*,*,*,*,*,*,*,*,*,*,*,*,*,*,*,*,*,*
2024-25,S,30,66621,140293,Orange,Orange Unified,OUSD EDGE Virtual Academy,No,No,RT,*,*,*,*,*,*,*,*,*,*,*,*,*,*,*,*,*,*,*,*,*,*,*,*,*
2024-25,S,30,66621,140293,Orange,Orange Unified,OUSD EDGE Virtual Academy,No,No,RW,25,24,96.0,6,25.0,1,4.2,0,0.0,0,0.0,0,0.0,0,0.0,0,0.0,0,0.0,0,0.0,1,4.0,0,0.0
2024-25,S,30,66621,140293,Orange,Orange Unified,OUSD EDGE Virtual Academy,No,No,SD,*,*,*,*,*,*,*,*,*,*,*,*,*,*,*,*,*,*,*,*,*,*,*,*,*
2024-25,S,30,66621,140293,Orange,Orange Unified,OUSD EDGE Virtual Academy,No,No,SE,*,*,*,*,*,*,*,*,*,*,*,*,*,*,*,*,*,*,*,*,*,*,*,*,*
2024-25,S,30,66621,140293,Orange,Orange Unified,OUSD EDGE Virtual Academy,No,No,SH,*,*,*,*,*,*,*,*,*,*,*,*,*,*,*,*,*,*,*,*,*,*,*,*,*
2024-25,S,30,66621,140293,Orange,Orange Unified,OUSD EDGE Virtual Academy,No,No,SS,48,47,97.9,9,19.1,0,0.0,0,0.0,1,2.1,0,0.0,0,0.0,0,0.0,0,0.0,0,0.0,1,2.1,0,0.0
2024-25,S,30,66621,140293,Orange,Orange Unified,OUSD EDGE Virtual Academy,No,No,TA,75,73,97.3,17,23.3,1,1.4,0,0.0,1,1.4,0,0.0,0,0.0,0,0.0,0,0.0,0,0.0,2,2.7,0,0.0
2024-25,S,30,66621,3030046,Orange,Orange Unified,Canyon High,No,No,GF,254,248,97.6,206,83.1,48,19.4,0,0.0,0,0.0,4,1.6,0,0.0,0,0.0,0,0.0,0,0.0,2,0.8,0,0.0
2024-25,S,30,66621,3030046,Orange,Orange Unified,Canyon High,No,No,GM,269,264,98.1,173,65.5,20,7.6,0,0.0,0,0.0,2,0.7,0,0.0,0,0.0,0,0.0,1,0.4,2,0.7,0,0.0
2024-25,S,30,66621,3030046,Orange,Orange Unified,Canyon High,No,No,GX,*,*,*,*,*,*,*,*,*,*,*,*,*,*,*,*,*,*,*,*,*,*,*,*,*
2024-25,S,30,66621,3030046,Orange,Orange Unified,Canyon High,No,No,RA,121,117,96.7,107,91.5,14,12.0,0,0.0,0,0.0,2,1.7,0,0.0,0,0.0,0,0.0,1,0.8,1,0.8,0,0.0
2024-25,S,30,66621,3030046,Orange,Orange Unified,Canyon High,No,No,RB,*,*,*,*,*,*,*,*,*,*,*,*,*,*,*,*,*,*,*,*,*,*,*,*,*
2024-25,S,30,66621,3030046,Orange,Orange Unified,Canyon High,No,No,RD,*,*,*,*,*,*,*,*,*,*,*,*,*,*,*,*,*,*,*,*,*,*,*,*,*
2024-25,S,30,66621,3030046,Orange,Orange Unified,Canyon High,No,No,RF,19,19,100.0,18,94.7,2,10.5,0,0.0,0,0.0,0,0.0,0,0.0,0,0.0,0,0.0,0,0.0,0,0.0,0,0.0
2024-25,S,30,66621,3030046,Orange,Orange Unified,Canyon High,No,No,RH,142,141,99.3,86,61.0,23,16.3,0,0.0,0,0.0,1,0.7,0,0.0,0,0.0,0,0.0,0,0.0,0,0.0,0,0.0
2024-25,S,30,66621,3030046,Orange,Orange Unified,Canyon High,No,No,RI,*,*,*,*,*,*,*,*,*,*,*,*,*,*,*,*,*,*,*,*,*,*,*,*,*
2024-25,S,30,66621,3030046,Orange,Orange Unified,Canyon High,No,No,RP,*,*,*,*,*,*,*,*,*,*,*,*,*,*,*,*,*,*,*,*,*,*,*,*,*
2024-25,S,30,66621,3030046,Orange,Orange Unified,Canyon High,No,No,RT,16,15,93.8,10,66.7,1,6.7,0,0.0,0,0.0,1,6.3,0,0.0,0,0.0,0,0.0,0,0.0,0,0.0,0,0.0
2024-25,S,30,66621,3030046,Orange,Orange Unified,Canyon High,No,No,RW,213,208,97.7,151,72.6,25,12.0,0,0.0,0,0.0,2,0.9,0,0.0,0,0.0,0,0.0,0,0.0,3,1.4,0,0.0
2024-25,S,30,66621,3030046,Orange,Orange Unified,Canyon High,No,No,SD,43,41,95.3,12,29.3,0,0.0,0,0.0,0,0.0,1,2.3,0,0.0,0,0.0,0,0.0,0,0.0,1,2.3,0,0.0
2024-25,S,30,66621,3030046,Orange,Orange Unified,Canyon High,No,No,SE,18,17,94.4,10,58.8,2,11.8,0,0.0,0,0.0,0,0.0,0,0.0,0,0.0,0,0.0,0,0.0,1,5.6,0,0.0
2024-25,S,30,66621,3030046,Orange,Orange Unified,Canyon High,No,No,SF,*,*,*,*,*,*,*,*,*,*,*,*,*,*,*,*,*,*,*,*,*,*,*,*,*
2024-25,S,30,66621,3030046,Orange,Orange Unified,Canyon High,No,No,SH,*,*,*,*,*,*,*,*,*,*,*,*,*,*,*,*,*,*,*,*,*,*,*,*,*
2024-25,S,30,66621,3030046,Orange,Orange Unified,Canyon High,No,No,SS,233,229,98.3,152,66.4,32,14.0,0,0.0,0,0.0,3,1.3,0,0.0,0,0.0,0,0.0,1,0.4,0,0.0,0,0.0
2024-25,S,30,66621,3030046,Orange,Orange Unified,Canyon High,No,No,TA,524,513,97.9,380,74.1,68,13.3,0,0.0,0,0.0,6,1.1,0,0.0,0,0.0,0,0.0,1,0.2,4,0.8,0,0.0
2024-25,S,30,66621,3031952,Orange,Orange Unified,El Modena High,No,No,GF,205,200,97.6,110,55.0,45,22.5,12,6.0,0,0.0,1,0.5,0,0.0,0,0.0,0,0.0,1,0.5,3,1.5,0,0.0
2024-25,S,30,66621,3031952,Orange,Orange Unified,El Modena High,No,No,GM,255,253,99.2,122,48.2,41,16.2,10,4.0,2,0.8,1,0.4,0,0.0,0,0.0,0,0.0,0,0.0,1,0.4,0,0.0
2024-25,S,30,66621,3031952,Orange,Orange Unified,El Modena High,No,No,RA,23,21,91.3,17,81.0,9,42.9,4,19.0,0,0.0,2,8.7,0,0.0,0,0.0,0,0.0,0,0.0,0,0.0,0,0.0
2024-25,S,30,66621,3031952,Orange,Orange Unified,El Modena High,No,No,RB,*,*,*,*,*,*,*,*,*,*,*,*,*,*,*,*,*,*,*,*,*,*,*,*,*
2024-25,S,30,66621,3031952,Orange,Orange Unified,El Modena High,No,No,RD,*,*,*,*,*,*,*,*,*,*,*,*,*,*,*,*,*,*,*,*,*,*,*,*,*
2024-25,S,30,66621,3031952,Orange,Orange Unified,El Modena High,No,No,RF,*,*,*,*,*,*,*,*,*,*,*,*,*,*,*,*,*,*,*,*,*,*,*,*,*
2024-25,S,30,66621,3031952,Orange,Orange Unified,El Modena High,No,No,RH,339,335,98.8,142,42.4,62,18.5,12,3.6,1,0.3,0,0.0,0,0.0,0,0.0,0,0.0,0,0.0,4,1.2,0,0.0
2024-25,S,30,66621,3031952,Orange,Orange Unified,El Modena High,No,No,RI,*,*,*,*,*,*,*,*,*,*,*,*,*,*,*,*,*,*,*,*,*,*,*,*,*
2024-25,S,30,66621,3031952,Orange,Orange Unified,El Modena High,No,No,RP,*,*,*,*,*,*,*,*,*,*,*,*,*,*,*,*,*,*,*,*,*,*,*,*,*
2024-25,S,30,66621,3031952,Orange,Orange Unified,El Modena High,No,No,RT,*,*,*,*,*,*,*,*,*,*,*,*,*,*,*,*,*,*,*,*,*,*,*,*,*
2024-25,S,30,66621,3031952,Orange,Orange Unified,El Modena High,No,No,RW,78,77,98.7,58,75.3,14,18.2,5,6.5,0,0.0,0,0.0,0,0.0,0,0.0,0,0.0,1,1.3,0,0.0,0,0.0
2024-25,S,30,66621,3031952,Orange,Orange Unified,El Modena High,No,No,SD,62,61,98.4,14,23.0,2,3.3,0,0.0,1,1.6,0,0.0,0,0.0,0,0.0,0,0.0,0,0.0,1,1.6,0,0.0
2024-25,S,30,66621,3031952,Orange,Orange Unified,El Modena High,No,No,SE,54,52,96.3,11,21.2,4,7.7,0,0.0,1,1.9,0,0.0,0,0.0,0,0.0,0,0.0,0,0.0,2,3.7,0,0.0
2024-25,S,30,66621,3031952,Orange,Orange Unified,El Modena High,No,No,SF,*,*,*,*,*,*,*,*,*,*,*,*,*,*,*,*,*,*,*,*,*,*,*,*,*
2024-25,S,30,66621,3031952,Orange,Orange Unified,El Modena High,No,No,SH,17,16,94.1,5,31.3,3,18.8,0,0.0,1,6.3,0,0.0,0,0.0,0,0.0,0,0.0,0,0.0,1,5.9,0,0.0
2024-25,S,30,66621,3031952,Orange,Orange Unified,El Modena High,No,No,SS,369,363,98.4,169,46.6,67,18.5,16,4.4,2,0.6,1,0.3,0,0.0,0,0.0,0,0.0,1,0.3,4,1.1,0,0.0
2024-25,S,30,66621,3031952,Orange,Orange Unified,El Modena High,No,No,TA,460,453,98.5,232,51.2,86,19.0,22,4.9,2,0.4,2,0.4,0,0.0,0,0.0,0,0.0,1,0.2,4,0.9,0,0.0
2024-25,S,30,66621,3035409,Orange,Orange Unified,Orange High,No,No,GF,208,205,98.6,102,49.8,28,13.7,38,18.5,4,2.0,0,0.0,0,0.0,1,0.5,0,0.0,0,0.0,2,1.0,0,0.0
2024-25,S,30,66621,3035409,Orange,Orange Unified,Orange High,No,No,GM,221,218,98.6,80,36.7,16,7.3,24,11.0,0,0.0,0,0.0,0,0.0,2,0.9,0,0.0,0,0.0,1,0.5,0,0.0
2024-25,S,30,66621,3035409,Orange,Orange Unified,Orange High,No,No,RA,19,17,89.5,15,88.2,1,5.9,9,52.9,0,0.0,0,0.0,0,0.0,2,10.5,0,0.0,0,0.0,0,0.0,0,0.0
2024-25,S,30,66621,3035409,Orange,Orange Unified,Orange High,No,No,RB,11,10,90.9,9,90.0,0,0.0,0,0.0,0,0.0,0,0.0,0,0.0,0,0.0,0,0.0,0,0.0,1,9.1,0,0.0
2024-25,S,30,66621,3035409,Orange,Orange Unified,Orange High,No,No,RD,*,*,*,*,*,*,*,*,*,*,*,*,*,*,*,*,*,*,*,*,*,*,*,*,*
2024-25,S,30,66621,3035409,Orange,Orange Unified,Orange High,No,No,RF,*,*,*,*,*,*,*,*,*,*,*,*,*,*,*,*,*,*,*,*,*,*,*,*,*
2024-25,S,30,66621,3035409,Orange,Orange Unified,Orange High,No,No,RH,348,347,99.7,140,40.3,41,11.8,46,13.3,4,1.2,0,0.0,0,0.0,0,0.0,0,0.0,0,0.0,1,0.3,0,0.0
2024-25,S,30,66621,3035409,Orange,Orange Unified,Orange High,No,No,RI,*,*,*,*,*,*,*,*,*,*,*,*,*,*,*,*,*,*,*,*,*,*,*,*,*
2024-25,S,30,66621,3035409,Orange,Orange Unified,Orange High,No,No,RP,*,*,*,*,*,*,*,*,*,*,*,*,*,*,*,*,*,*,*,*,*,*,*,*,*
2024-25,S,30,66621,3035409,Orange,Orange Unified,Orange High,No,No,RT,*,*,*,*,*,*,*,*,*,*,*,*,*,*,*,*,*,*,*,*,*,*,*,*,*
2024-25,S,30,66621,3035409,Orange,Orange Unified,Orange High,No,No,RW,35,33,94.3,10,30.3,1,3.0,3,9.1,0,0.0,0,0.0,0,0.0,1,2.9,0,0.0,0,0.0,1,2.9,0,0.0
2024-25,S,30,66621,3035409,Orange,Orange Unified,Orange High,No,No,SD,78,72,92.3,8,11.1,1,1.4,7,9.7,0,0.0,0,0.0,0,0.0,3,3.8,0,0.0,0,0.0,3,3.8,0,0.0
2024-25,S,30,66621,3035409,Orange,Orange Unified,Orange High,No,No,SE,97,95,97.9,15,15.8,6,6.3,6,6.3,3,3.2,0,0.0,0,0.0,1,1.0,0,0.0,0,0.0,1,1.0,0,0.0
2024-25,S,30,66621,3035409,Orange,Orange Unified,Orange High,No,No,SF,13,13,100.0,4,30.8,1,7.7,1,7.7,1,7.7,0,0.0,0,0.0,0,0.0,0,0.0,0,0.0,0,0.0,0,0.0
2024-25,S,30,66621,3035409,Orange,Orange Unified,Orange High,No,No,SH,23,23,100.0,7,30.4,0,0.0,1,4.3,1,4.3,0,0.0,0,0.0,0,0.0,0,0.0,0,0.0,0,0.0,0,0.0
2024-25,S,30,66621,3035409,Orange,Orange Unified,Orange High,No,No,SS,401,396,98.8,167,42.2,42,10.6,56,14.1,4,1.0,0,0.0,0,0.0,2,0.5,0,0.0,0,0.0,3,0.7,0,0.0
2024-25,S,30,66621,3035409,Orange,Orange Unified,Orange High,No,No,TA,429,423,98.6,182,43.0,44,10.4,62,14.7,4,0.9,0,0.0,0,0.0,3,0.7,0,0.0,0,0.0,3,0.7,0,0.0
2024-25,S,30,66621,3035748,Orange,Orange Unified,Richland Continuation High,No,Yes,GF,41,35,85.4,0,0.0,0,0.0,0,0.0,14,40.0,0,0.0,1,2.4,0,0.0,0,0.0,1,2.4,4,9.8,0,0.0
2024-25,S,30,66621,3035748,Orange,Orange Unified,Richland Continuation High,No,Yes,GM,50,40,80.0,0,0.0,0,0.0,0,0.0,9,22.5,0,0.0,1,2.0,0,0.0,0,0.0,0,0.0,9,18.0,0,0.0
2024-25,S,30,66621,3035748,Orange,Orange Unified,Richland Continuation High,No,Yes,GX,*,*,*,*,*,*,*,*,*,*,*,*,*,*,*,*,*,*,*,*,*,*,*,*,*
2024-25,S,30,66621,3035748,Orange,Orange Unified,Richland Continuation High,No,Yes,RA,*,*,*,*,*,*,*,*,*,*,*,*,*,*,*,*,*,*,*,*,*,*,*,*,*
2024-25,S,30,66621,3035748,Orange,Orange Unified,Richland Continuation High,No,Yes,RB,*,*,*,*,*,*,*,*,*,*,*,*,*,*,*,*,*,*,*,*,*,*,*,*,*
2024-25,S,30,66621,3035748,Orange,Orange Unified,Richland Continuation High,No,Yes,RD,*,*,*,*,*,*,*,*,*,*,*,*,*,*,*,*,*,*,*,*,*,*,*,*,*
2024-25,S,30,66621,3035748,Orange,Orange Unified,Richland Continuation High,No,Yes,RF,*,*,*,*,*,*,*,*,*,*,*,*,*,*,*,*,*,*,*,*,*,*,*,*,*
2024-25,S,30,66621,3035748,Orange,Orange Unified,Richland Continuation High,No,Yes,RH,75,62,82.7,0,0.0,0,0.0,0,0.0,20,32.3,0,0.0,1,1.3,0,0.0,0,0.0,0,0.0,12,16.0,0,0.0
2024-25,S,30,66621,3035748,Orange,Orange Unified,Richland Continuation High,No,Yes,RI,*,*,*,*,*,*,*,*,*,*,*,*,*,*,*,*,*,*,*,*,*,*,*,*,*
2024-25,S,30,66621,3035748,Orange,Orange Unified,Richland Continuation High,No,Yes,RP,*,*,*,*,*,*,*,*,*,*,*,*,*,*,*,*,*,*,*,*,*,*,*,*,*
2024-25,S,30,66621,3035748,Orange,Orange Unified,Richland Continuation High,No,Yes,RT,*,*,*,*,*,*,*,*,*,*,*,*,*,*,*,*,*,*,*,*,*,*,*,*,*
2024-25,S,30,66621,3035748,Orange,Orange Unified,Richland Continuation High,No,Yes,RW,*,*,*,*,*,*,*,*,*,*,*,*,*,*,*,*,*,*,*,*,*,*,*,*,*
2024-25,S,30,66621,3035748,Orange,Orange Unified,Richland Continuation High,No,Yes,SD,15,11,73.3,0,0.0,0,0.0,0,0.0,2,18.2,0,0.0,1,6.7,0,0.0,0,0.0,0,0.0,3,20.0,0,0.0
2024-25,S,30,66621,3035748,Orange,Orange Unified,Richland Continuation High,No,Yes,SE,41,32,78.0,0,0.0,0,0.0,0,0.0,15,46.9,0,0.0,0,0.0,0,0.0,0,0.0,0,0.0,9,22.0,0,0.0
2024-25,S,30,66621,3035748,Orange,Orange Unified,Richland Continuation High,No,Yes,SF,*,*,*,*,*,*,*,*,*,*,*,*,*,*,*,*,*,*,*,*,*,*,*,*,*
2024-25,S,30,66621,3035748,Orange,Orange Unified,Richland Continuation High,No,Yes,SH,32,27,84.4,0,0.0,0,0.0,0,0.0,19,70.4,0,0.0,0,0.0,0,0.0,0,0.0,0,0.0,5,15.6,0,0.0
2024-25,S,30,66621,3035748,Orange,Orange Unified,Richland Continuation High,No,Yes,SS,86,72,83.7,0,0.0,0,0.0,0,0.0,23,31.9,0,0.0,0,0.0,0,0.0,0,0.0,1,1.2,13,15.1,0,0.0
2024-25,S,30,66621,3035748,Orange,Orange Unified,Richland Continuation High,No,Yes,TA,92,76,82.6,0,0.0,0,0.0,0,0.0,23,30.3,0,0.0,2,2.2,0,0.0,0,0.0,1,1.1,13,14.1,0,0.0
2024-25,S,30,66621,3038098,Orange,Orange Unified,Villa Park High,No,No,GF,218,217,99.5,129,59.4,72,33.2,0,0.0,0,0.0,1,0.5,0,0.0,0,0.0,0,0.0,0,0.0,0,0.0,0,0.0
2024-25,S,30,66621,3038098,Orange,Orange Unified,Villa Park High,No,No,GM,250,247,98.8,124,50.2,46,18.6,0,0.0,0,0.0,1,0.4,0,0.0,0,0.0,0,0.0,0,0.0,2,0.8,0,0.0
2024-25,S,30,66621,3038098,Orange,Orange Unified,Villa Park High,No,No,RA,52,51,98.1,47,92.2,20,39.2,0,0.0,0,0.0,1,1.9,0,0.0,0,0.0,0,0.0,0,0.0,0,0.0,0,0.0
2024-25,S,30,66621,3038098,Orange,Orange Unified,Villa Park High,No,No,RB,*,*,*,*,*,*,*,*,*,*,*,*,*,*,*,*,*,*,*,*,*,*,*,*,*
2024-25,S,30,66621,3038098,Orange,Orange Unified,Villa Park High,No,No,RD,*,*,*,*,*,*,*,*,*,*,*,*,*,*,*,*,*,*,*,*,*,*,*,*,*
2024-25,S,30,66621,3038098,Orange,Orange Unified,Villa Park High,No,No,RF,13,13,100.0,11,84.6,1,7.7,0,0.0,0,0.0,0,0.0,0,0.0,0,0.0,0,0.0,0,0.0,0,0.0,0,0.0
2024-25,S,30,66621,3038098,Orange,Orange Unified,Villa Park High,No,No,RH,234,234,100.0,87,37.2,61,26.1,0,0.0,0,0.0,0,0.0,0,0.0,0,0.0,0,0.0,0,0.0,0,0.0,0,0.0
2024-25,S,30,66621,3038098,Orange,Orange Unified,Villa Park High,No,No,RI,*,*,*,*,*,*,*,*,*,*,*,*,*,*,*,*,*,*,*,*,*,*,*,*,*
2024-25,S,30,66621,3038098,Orange,Orange Unified,Villa Park High,No,No,RP,*,*,*,*,*,*,*,*,*,*,*,*,*,*,*,*,*,*,*,*,*,*,*,*,*
2024-25,S,30,66621,3038098,Orange,Orange Unified,Villa Park High,No,No,RT,12,12,100.0,5,41.7,4,33.3,0,0.0,0,0.0,0,0.0,0,0.0,0,0.0,0,0.0,0,0.0,0,0.0,0,0.0
2024-25,S,30,66621,3038098,Orange,Orange Unified,Villa Park High,No,No,RW,139,136,97.8,93,68.4,31,22.8,0,0.0,0,0.0,1,0.7,0,0.0,0,0.0,0,0.0,0,0.0,2,1.4,0,0.0
2024-25,S,30,66621,3038098,Orange,Orange Unified,Villa Park High,No,No,SD,41,41,100.0,11,26.8,2,4.9,0,0.0,0,0.0,0,0.0,0,0.0,0,0.0,0,0.0,0,0.0,0,0.0,0,0.0
2024-25,S,30,66621,3038098,Orange,Orange Unified,Villa Park High,No,No,SE,49,49,100.0,6,12.2,8,16.3,0,0.0,0,0.0,0,0.0,0,0.0,0,0.0,0,0.0,0,0.0,0,0.0,0,0.0
2024-25,S,30,66621,3038098,Orange,Orange Unified,Villa Park High,No,No,SF,*,*,*,*,*,*,*,*,*,*,*,*,*,*,*,*,*,*,*,*,*,*,*,*,*
2024-25,S,30,66621,3038098,Orange,Orange Unified,Villa Park High,No,No,SH,*,*,*,*,*,*,*,*,*,*,*,*,*,*,*,*,*,*,*,*,*,*,*,*,*
2024-25,S,30,66621,3038098,Orange,Orange Unified,Villa Park High,No,No,SS,309,307,99.4,130,42.3,69,22.5,0,0.0,0,0.0,2,0.6,0,0.0,0,0.0,0,0.0,0,0.0,0,0.0,0,0.0
2024-25,S,30,66621,3038098,Orange,Orange Unified,Villa Park High,No,No,TA,468,464,99.1,253,54.5,118,25.4,0,0.0,0,0.0,2,0.4,0,0.0,0,0.0,0,0.0,0,0.0,2,0.4,0,0.0
2024-25,S,30,66621,6029920,Orange,Orange Unified,Canyon Hills,No,Yes,GF,*,*,*,*,*,*,*,*,*,*,*,*,*,*,*,*,*,*,*,*,*,*,*,*,*
2024-25,S,30,66621,6029920,Orange,Orange Unified,Canyon Hills,No,Yes,GM,*,*,*,*,*,*,*,*,*,*,*,*,*,*,*,*,*,*,*,*,*,*,*,*,*
2024-25,S,30,66621,6029920,Orange,Orange Unified,Canyon Hills,No,Yes,RA,*,*,*,*,*,*,*,*,*,*,*,*,*,*,*,*,*,*,*,*,*,*,*,*,*
2024-25,S,30,66621,6029920,Orange,Orange Unified,Canyon Hills,No,Yes,RB,*,*,*,*,*,*,*,*,*,*,*,*,*,*,*,*,*,*,*,*,*,*,*,*,*
2024-25,S,30,66621,6029920,Orange,Orange Unified,Canyon Hills,No,Yes,RD,*,*,*,*,*,*,*,*,*,*,*,*,*,*,*,*,*,*,*,*,*,*,*,*,*
2024-25,S,30,66621,6029920,Orange,Orange Unified,Canyon Hills,No,Yes,RF,*,*,*,*,*,*,*,*,*,*,*,*,*,*,*,*,*,*,*,*,*,*,*,*,*
2024-25,S,30,66621,6029920,Orange,Orange Unified,Canyon Hills,No,Yes,RH,*,*,*,*,*,*,*,*,*,*,*,*,*,*,*,*,*,*,*,*,*,*,*,*,*
2024-25,S,30,66621,6029920,Orange,Orange Unified,Canyon Hills,No,Yes,RI,*,*,*,*,*,*,*,*,*,*,*,*,*,*,*,*,*,*,*,*,*,*,*,*,*
2024-25,S,30,66621,6029920,Orange,Orange Unified,Canyon Hills,No,Yes,RP,*,*,*,*,*,*,*,*,*,*,*,*,*,*,*,*,*,*,*,*,*,*,*,*,*
2024-25,S,30,66621,6029920,Orange,Orange Unified,Canyon Hills,No,Yes,RT,*,*,*,*,*,*,*,*,*,*,*,*,*,*,*,*,*,*,*,*,*,*,*,*,*
2024-25,S,30,66621,6029920,Orange,Orange Unified,Canyon Hills,No,Yes,RW,*,*,*,*,*,*,*,*,*,*,*,*,*,*,*,*,*,*,*,*,*,*,*,*,*
2024-25,S,30,66621,6029920,Orange,Orange Unified,Canyon Hills,No,Yes,SD,*,*,*,*,*,*,*,*,*,*,*,*,*,*,*,*,*,*,*,*,*,*,*,*,*
2024-25,S,30,66621,6029920,Orange,Orange Unified,Canyon Hills,No,Yes,SS,*,*,*,*,*,*,*,*,*,*,*,*,*,*,*,*,*,*,*,*,*,*,*,*,*
2024-25,S,30,66621,6029920,Orange,Orange Unified,Canyon Hills,No,Yes,TA,*,*,*,*,*,*,*,*,*,*,*,*,*,*,*,*,*,*,*,*,*,*,*,*,*
2024-25,S,30,66647,1,Orange,Placentia-Yorba Linda Unified,"Nonpublic, Nonsectarian Schools",No,No,GM,*,*,*,*,*,*,*,*,*,*,*,*,*,*,*,*,*,*,*,*,*,*,*,*,*
2024-25,S,30,66647,1,Orange,Placentia-Yorba Linda Unified,"Nonpublic, Nonsectarian Schools",No,No,RA,*,*,*,*,*,*,*,*,*,*,*,*,*,*,*,*,*,*,*,*,*,*,*,*,*
2024-25,S,30,66647,1,Orange,Placentia-Yorba Linda Unified,"Nonpublic, Nonsectarian Schools",No,No,RB,*,*,*,*,*,*,*,*,*,*,*,*,*,*,*,*,*,*,*,*,*,*,*,*,*
2024-25,S,30,66647,1,Orange,Placentia-Yorba Linda Unified,"Nonpublic, Nonsectarian Schools",No,No,RD,*,*,*,*,*,*,*,*,*,*,*,*,*,*,*,*,*,*,*,*,*,*,*,*,*
2024-25,S,30,66647,1,Orange,Placentia-Yorba Linda Unified,"Nonpublic, Nonsectarian Schools",No,No,RF,*,*,*,*,*,*,*,*,*,*,*,*,*,*,*,*,*,*,*,*,*,*,*,*,*
2024-25,S,30,66647,1,Orange,Placentia-Yorba Linda Unified,"Nonpublic, Nonsectarian Schools",No,No,RH,*,*,*,*,*,*,*,*,*,*,*,*,*,*,*,*,*,*,*,*,*,*,*,*,*
2024-25,S,30,66647,1,Orange,Placentia-Yorba Linda Unified,"Nonpublic, Nonsectarian Schools",No,No,RI,*,*,*,*,*,*,*,*,*,*,*,*,*,*,*,*,*,*,*,*,*,*,*,*,*
2024-25,S,30,66647,1,Orange,Placentia-Yorba Linda Unified,"Nonpublic, Nonsectarian Schools",No,No,RP,*,*,*,*,*,*,*,*,*,*,*,*,*,*,*,*,*,*,*,*,*,*,*,*,*
2024-25,S,30,66647,1,Orange,Placentia-Yorba Linda Unified,"Nonpublic, Nonsectarian Schools",No,No,RT,*,*,*,*,*,*,*,*,*,*,*,*,*,*,*,*,*,*,*,*,*,*,*,*,*
2024-25,S,30,66647,1,Orange,Placentia-Yorba Linda Unified,"Nonpublic, Nonsectarian Schools",No,No,RW,*,*,*,*,*,*,*,*,*,*,*,*,*,*,*,*,*,*,*,*,*,*,*,*,*
2024-25,S,30,66647,1,Orange,Placentia-Yorba Linda Unified,"Nonpublic, Nonsectarian Schools",No,No,SD,*,*,*,*,*,*,*,*,*,*,*,*,*,*,*,*,*,*,*,*,*,*,*,*,*
2024-25,S,30,66647,1,Orange,Placentia-Yorba Linda Unified,"Nonpublic, Nonsectarian Schools",No,No,TA,*,*,*,*,*,*,*,*,*,*,*,*,*,*,*,*,*,*,*,*,*,*,*,*,*
2024-25,S,30,66647,119404,Orange,Placentia-Yorba Linda Unified,Yorba Linda High,No,No,GF,166,162,97.6,127,78.4,40,24.7,105,64.8,0,0.0,1,0.6,0,0.0,0,0.0,0,0.0,0,0.0,3,1.8,0,0.0
2024-25,S,30,66647,119404,Orange,Placentia-Yorba Linda Unified,Yorba Linda High,No,No,GM,166,161,97.0,107,66.5,39,24.2,96,59.6,0,0.0,0,0.0,0,0.0,3,1.8,0,0.0,0,0.0,2,1.2,0,0.0
2024-25,S,30,66647,119404,Orange,Placentia-Yorba Linda Unified,Yorba Linda High,No,No,GX,*,*,*,*,*,*,*,*,*,*,*,*,*,*,*,*,*,*,*,*,*,*,*,*,*
2024-25,S,30,66647,119404,Orange,Placentia-Yorba Linda Unified,Yorba Linda High,No,No,RA,100,96,96.0,87,90.6,43,44.8,83,86.5,0,0.0,0,0.0,0,0.0,2,2.0,0,0.0,0,0.0,2,2.0,0,0.0
2024-25,S,30,66647,119404,Orange,Placentia-Yorba Linda Unified,Yorba Linda High,No,No,RB,*,*,*,*,*,*,*,*,*,*,*,*,*,*,*,*,*,*,*,*,*,*,*,*,*
2024-25,S,30,66647,119404,Orange,Placentia-Yorba Linda Unified,Yorba Linda High,No,No,RD,*,*,*,*,*,*,*,*,*,*,*,*,*,*,*,*,*,*,*,*,*,*,*,*,*
2024-25,S,30,66647,119404,Orange,Placentia-Yorba Linda Unified,Yorba Linda High,No,No,RF,*,*,*,*,*,*,*,*,*,*,*,*,*,*,*,*,*,*,*,*,*,*,*,*,*
2024-25,S,30,66647,119404,Orange,Placentia-Yorba Linda Unified,Yorba Linda High,No,No,RH,67,64,95.5,28,43.8,12,18.8,21,32.8,0,0.0,1,1.5,0,0.0,1,1.5,0,0.0,0,0.0,1,1.5,0,0.0
2024-25,S,30,66647,119404,Orange,Placentia-Yorba Linda Unified,Yorba Linda High,No,No,RI,*,*,*,*,*,*,*,*,*,*,*,*,*,*,*,*,*,*,*,*,*,*,*,*,*
2024-25,S,30,66647,119404,Orange,Placentia-Yorba Linda Unified,Yorba Linda High,No,No,RP,*,*,*,*,*,*,*,*,*,*,*,*,*,*,*,*,*,*,*,*,*,*,*,*,*
2024-25,S,30,66647,119404,Orange,Placentia-Yorba Linda Unified,Yorba Linda High,No,No,RT,16,16,100.0,12,75.0,2,12.5,10,62.5,0,0.0,0,0.0,0,0.0,0,0.0,0,0.0,0,0.0,0,0.0,0,0.0
2024-25,S,30,66647,119404,Orange,Placentia-Yorba Linda Unified,Yorba Linda High,No,No,RW,134,132,98.5,96,72.7,19,14.4,77,58.3,0,0.0,0,0.0,0,0.0,0,0.0,0,0.0,0,0.0,2,1.5,0,0.0
2024-25,S,30,66647,119404,Orange,Placentia-Yorba Linda Unified,Yorba Linda High,No,No,SD,29,26,89.7,7,26.9,3,11.5,5,19.2,0,0.0,0,0.0,0,0.0,3,10.3,0,0.0,0,0.0,0,0.0,0,0.0
2024-25,S,30,66647,119404,Orange,Placentia-Yorba Linda Unified,Yorba Linda High,No,No,SE,16,13,81.3,9,69.2,8,61.5,8,61.5,0,0.0,0,0.0,0,0.0,0,0.0,0,0.0,0,0.0,3,18.8,0,0.0
2024-25,S,30,66647,119404,Orange,Placentia-Yorba Linda Unified,Yorba Linda High,No,No,SH,*,*,*,*,*,*,*,*,*,*,*,*,*,*,*,*,*,*,*,*,*,*,*,*,*
2024-25,S,30,66647,119404,Orange,Placentia-Yorba Linda Unified,Yorba Linda High,No,No,SS,128,125,97.7,69,55.2,28,22.4,64,51.2,0,0.0,1,0.8,0,0.0,0,0.0,0,0.0,0,0.0,2,1.6,0,0.0
2024-25,S,30,66647,119404,Orange,Placentia-Yorba Linda Unified,Yorba Linda High,No,No,TA,333,324,97.3,234,72.2,79,24.4,201,62.0,0,0.0,1,0.3,0,0.0,3,0.9,0,0.0,0,0.0,5,1.5,0,0.0
2024-25,S,30,66647,3030053,Orange,Placentia-Yorba Linda Unified,Esperanza High,No,No,GF,157,156,99.4,111,71.2,34,21.8,88,56.4,0,0.0,1,0.6,0,0.0,0,0.0,0,0.0,0,0.0,0,0.0,0,0.0
2024-25,S,30,66647,3030053,Orange,Placentia-Yorba Linda Unified,Esperanza High,No,No,GM,199,192,96.5,82,42.7,32,16.7,82,42.7,0,0.0,0,0.0,0,0.0,3,1.5,0,0.0,0,0.0,4,2.0,0,0.0
2024-25,S,30,66647,3030053,Orange,Placentia-Yorba Linda Unified,Esperanza High,No,No,RA,47,46,97.9,37,80.4,15,32.6,41,89.1,0,0.0,1,2.1,0,0.0,0,0.0,0,0.0,0,0.0,0,0.0,0,0.0
2024-25,S,30,66647,3030053,Orange,Placentia-Yorba Linda Unified,Esperanza High,No,No,RB,*,*,*,*,*,*,*,*,*,*,*,*,*,*,*,*,*,*,*,*,*,*,*,*,*
2024-25,S,30,66647,3030053,Orange,Placentia-Yorba Linda Unified,Esperanza High,No,No,RD,*,*,*,*,*,*,*,*,*,*,*,*,*,*,*,*,*,*,*,*,*,*,*,*,*
2024-25,S,30,66647,3030053,Orange,Placentia-Yorba Linda Unified,Esperanza High,No,No,RF,*,*,*,*,*,*,*,*,*,*,*,*,*,*,*,*,*,*,*,*,*,*,*,*,*
2024-25,S,30,66647,3030053,Orange,Placentia-Yorba Linda Unified,Esperanza High,No,No,RH,138,135,97.8,56,41.5,33,24.4,41,30.4,0,0.0,0,0.0,0,0.0,1,0.7,0,0.0,0,0.0,2,1.4,0,0.0
2024-25,S,30,66647,3030053,Orange,Placentia-Yorba Linda Unified,Esperanza High,No,No,RI,*,*,*,*,*,*,*,*,*,*,*,*,*,*,*,*,*,*,*,*,*,*,*,*,*
2024-25,S,30,66647,3030053,Orange,Placentia-Yorba Linda Unified,Esperanza High,No,No,RP,*,*,*,*,*,*,*,*,*,*,*,*,*,*,*,*,*,*,*,*,*,*,*,*,*
2024-25,S,30,66647,3030053,Orange,Placentia-Yorba Linda Unified,Esperanza High,No,No,RT,20,20,100.0,12,60.0,1,5.0,8,40.0,0,0.0,0,0.0,0,0.0,0,0.0,0,0.0,0,0.0,0,0.0,0,0.0
2024-25,S,30,66647,3030053,Orange,Placentia-Yorba Linda Unified,Esperanza High,No,No,RW,141,137,97.2,82,59.9,16,11.7,73,53.3,0,0.0,0,0.0,0,0.0,2,1.4,0,0.0,0,0.0,2,1.4,0,0.0
2024-25,S,30,66647,3030053,Orange,Placentia-Yorba Linda Unified,Esperanza High,No,No,SD,39,35,89.7,6,17.1,1,2.9,6,17.1,0,0.0,0,0.0,0,0.0,3,7.7,0,0.0,0,0.0,1,2.6,0,0.0
2024-25,S,30,66647,3030053,Orange,Placentia-Yorba Linda Unified,Esperanza High,No,No,SE,21,21,100.0,2,9.5,6,28.6,4,19.0,0,0.0,0,0.0,0,0.0,0,0.0,0,0.0,0,0.0,0,0.0,0,0.0
2024-25,S,30,66647,3030053,Orange,Placentia-Yorba Linda Unified,Esperanza High,No,No,SF,*,*,*,*,*,*,*,*,*,*,*,*,*,*,*,*,*,*,*,*,*,*,*,*,*
2024-25,S,30,66647,3030053,Orange,Placentia-Yorba Linda Unified,Esperanza High,No,No,SH,40,39,97.5,11,28.2,6,15.4,10,25.6,0,0.0,0,0.0,0,0.0,0,0.0,0,0.0,0,0.0,1,2.5,0,0.0
2024-25,S,30,66647,3030053,Orange,Placentia-Yorba Linda Unified,Esperanza High,No,No,SS,184,178,96.7,77,43.3,33,18.5,67,37.6,0,0.0,1,0.5,0,0.0,2,1.1,0,0.0,0,0.0,3,1.6,0,0.0
2024-25,S,30,66647,3030053,Orange,Placentia-Yorba Linda Unified,Esperanza High,No,No,TA,356,348,97.8,193,55.5,66,19.0,170,48.9,0,0.0,1,0.3,0,0.0,3,0.8,0,0.0,0,0.0,4,1.1,0,0.0
2024-25,S,30,66647,3030483,Orange,Placentia-Yorba Linda Unified,Buena Vista Virtual Academy,No,No,GF,25,24,96.0,4,16.7,2,8.3,1,4.2,1,4.2,0,0.0,0,0.0,0,0.0,0,0.0,0,0.0,1,4.0,0,0.0
2024-25,S,30,66647,3030483,Orange,Placentia-Yorba Linda Unified,Buena Vista Virtual Academy,No,No,GM,16,15,93.8,2,13.3,0,0.0,0,0.0,0,0.0,0,0.0,0,0.0,0,0.0,0,0.0,0,0.0,1,6.3,0,0.0
2024-25,S,30,66647,3030483,Orange,Placentia-Yorba Linda Unified,Buena Vista Virtual Academy,No,No,RA,*,*,*,*,*,*,*,*,*,*,*,*,*,*,*,*,*,*,*,*,*,*,*,*,*
2024-25,S,30,66647,3030483,Orange,Placentia-Yorba Linda Unified,Buena Vista Virtual Academy,No,No,RB,*,*,*,*,*,*,*,*,*,*,*,*,*,*,*,*,*,*,*,*,*,*,*,*,*
2024-25,S,30,66647,3030483,Orange,Placentia-Yorba Linda Unified,Buena Vista Virtual Academy,No,No,RD,*,*,*,*,*,*,*,*,*,*,*,*,*,*,*,*,*,*,*,*,*,*,*,*,*
2024-25,S,30,66647,3030483,Orange,Placentia-Yorba Linda Unified,Buena Vista Virtual Academy,No,No,RF,*,*,*,*,*,*,*,*,*,*,*,*,*,*,*,*,*,*,*,*,*,*,*,*,*
2024-25,S,30,66647,3030483,Orange,Placentia-Yorba Linda Unified,Buena Vista Virtual Academy,No,No,RH,26,26,100.0,2,7.7,1,3.8,1,3.8,1,3.8,0,0.0,0,0.0,0,0.0,0,0.0,0,0.0,0,0.0,0,0.0
2024-25,S,30,66647,3030483,Orange,Placentia-Yorba Linda Unified,Buena Vista Virtual Academy,No,No,RI,*,*,*,*,*,*,*,*,*,*,*,*,*,*,*,*,*,*,*,*,*,*,*,*,*
2024-25,S,30,66647,3030483,Orange,Placentia-Yorba Linda Unified,Buena Vista Virtual Academy,No,No,RP,*,*,*,*,*,*,*,*,*,*,*,*,*,*,*,*,*,*,*,*,*,*,*,*,*
2024-25,S,30,66647,3030483,Orange,Placentia-Yorba Linda Unified,Buena Vista Virtual Academy,No,No,RT,*,*,*,*,*,*,*,*,*,*,*,*,*,*,*,*,*,*,*,*,*,*,*,*,*
2024-25,S,30,66647,3030483,Orange,Placentia-Yorba Linda Unified,Buena Vista Virtual Academy,No,No,RW,*,*,*,*,*,*,*,*,*,*,*,*,*,*,*,*,*,*,*,*,*,*,*,*,*
2024-25,S,30,66647,3030483,Orange,Placentia-Yorba Linda Unified,Buena Vista Virtual Academy,No,No,SD,*,*,*,*,*,*,*,*,*,*,*,*,*,*,*,*,*,*,*,*,*,*,*,*,*
2024-25,S,30,66647,3030483,Orange,Placentia-Yorba Linda Unified,Buena Vista Virtual Academy,No,No,SE,*,*,*,*,*,*,*,*,*,*,*,*,*,*,*,*,*,*,*,*,*,*,*,*,*
2024-25,S,30,66647,3030483,Orange,Placentia-Yorba Linda Unified,Buena Vista Virtual Academy,No,No,SH,*,*,*,*,*,*,*,*,*,*,*,*,*,*,*,*,*,*,*,*,*,*,*,*,*
2024-25,S,30,66647,3030483,Orange,Placentia-Yorba Linda Unified,Buena Vista Virtual Academy,No,No,SS,28,28,100.0,5,17.9,1,3.6,1,3.6,1,3.6,0,0.0,0,0.0,0,0.0,0,0.0,0,0.0,0,0.0,0,0.0
2024-25,S,30,66647,3030483,Orange,Placentia-Yorba Linda Unified,Buena Vista Virtual Academy,No,No,TA,41,39,95.1,6,15.4,2,5.1,1,2.6,1,2.6,0,0.0,0,0.0,0,0.0,0,0.0,0,0.0,2,4.9,0,0.0
2024-25,S,30,66647,3031929,Orange,Placentia-Yorba Linda Unified,El Dorado High,No,No,GF,213,204,95.8,144,70.6,71,34.8,83,40.7,2,1.0,0,0.0,0,0.0,4,1.9,0,0.0,0,0.0,5,2.3,0,0.0
2024-25,S,30,66647,3031929,Orange,Placentia-Yorba Linda Unified,El Dorado High,No,No,GM,214,209,97.7,115,55.0,34,16.3,70,33.5,5,2.4,0,0.0,0,0.0,2,0.9,1,0.5,0,0.0,1,0.5,1,0.5
2024-25,S,30,66647,3031929,Orange,Placentia-Yorba Linda Unified,El Dorado High,No,No,GX,*,*,*,*,*,*,*,*,*,*,*,*,*,*,*,*,*,*,*,*,*,*,*,*,*
2024-25,S,30,66647,3031929,Orange,Placentia-Yorba Linda Unified,El Dorado High,No,No,RA,70,66,94.3,57,86.4,20,30.3,39,59.1,1,1.5,0,0.0,0,0.0,3,4.3,0,0.0,0,0.0,1,1.4,0,0.0
2024-25,S,30,66647,3031929,Orange,Placentia-Yorba Linda Unified,El Dorado High,No,No,RB,*,*,*,*,*,*,*,*,*,*,*,*,*,*,*,*,*,*,*,*,*,*,*,*,*
2024-25,S,30,66647,3031929,Orange,Placentia-Yorba Linda Unified,El Dorado High,No,No,RD,*,*,*,*,*,*,*,*,*,*,*,*,*,*,*,*,*,*,*,*,*,*,*,*,*
2024-25,S,30,66647,3031929,Orange,Placentia-Yorba Linda Unified,El Dorado High,No,No,RF,13,13,100.0,11,84.6,2,15.4,7,53.8,0,0.0,0,0.0,0,0.0,0,0.0,0,0.0,0,0.0,0,0.0,0,0.0
2024-25,S,30,66647,3031929,Orange,Placentia-Yorba Linda Unified,El Dorado High,No,No,RH,163,156,95.7,70,44.9,44,28.2,33,21.2,3,1.9,0,0.0,0,0.0,3,1.8,0,0.0,0,0.0,3,1.8,1,0.6
2024-25,S,30,66647,3031929,Orange,Placentia-Yorba Linda Unified,El Dorado High,No,No,RI,*,*,*,*,*,*,*,*,*,*,*,*,*,*,*,*,*,*,*,*,*,*,*,*,*
2024-25,S,30,66647,3031929,Orange,Placentia-Yorba Linda Unified,El Dorado High,No,No,RP,*,*,*,*,*,*,*,*,*,*,*,*,*,*,*,*,*,*,*,*,*,*,*,*,*
2024-25,S,30,66647,3031929,Orange,Placentia-Yorba Linda Unified,El Dorado High,No,No,RT,13,13,100.0,9,69.2,3,23.1,7,53.8,0,0.0,0,0.0,0,0.0,0,0.0,0,0.0,0,0.0,0,0.0,0,0.0
2024-25,S,30,66647,3031929,Orange,Placentia-Yorba Linda Unified,El Dorado High,No,No,RW,159,157,98.7,108,68.8,35,22.3,67,42.7,1,0.6,0,0.0,0,0.0,0,0.0,1,0.6,0,0.0,1,0.6,0,0.0
2024-25,S,30,66647,3031929,Orange,Placentia-Yorba Linda Unified,El Dorado High,No,No,SD,43,35,81.4,6,17.1,2,5.7,7,20.0,2,5.7,0,0.0,0,0.0,6,14.0,0,0.0,0,0.0,1,2.3,1,2.3
2024-25,S,30,66647,3031929,Orange,Placentia-Yorba Linda Unified,El Dorado High,No,No,SE,30,27,90.0,4,14.8,3,11.1,2,7.4,4,14.8,0,0.0,0,0.0,1,3.3,0,0.0,0,0.0,1,3.3,1,3.3
2024-25,S,30,66647,3031929,Orange,Placentia-Yorba Linda Unified,El Dorado High,No,No,SF,*,*,*,*,*,*,*,*,*,*,*,*,*,*,*,*,*,*,*,*,*,*,*,*,*
2024-25,S,30,66647,3031929,Orange,Placentia-Yorba Linda Unified,El Dorado High,No,No,SH,54,51,94.4,10,19.6,10,19.6,6,11.8,4,7.8,0,0.0,0,0.0,1,1.9,0,0.0,0,0.0,1,1.9,1,1.9
2024-25,S,30,66647,3031929,Orange,Placentia-Yorba Linda Unified,El Dorado High,No,No,SS,215,207,96.3,95,45.9,42,20.3,46,22.2,5,2.4,0,0.0,0,0.0,4,1.9,1,0.5,0,0.0,2,0.9,1,0.5
2024-25,S,30,66647,3031929,Orange,Placentia-Yorba Linda Unified,El Dorado High,No,No,TA,428,414,96.7,260,62.8,105,25.4,154,37.2,7,1.7,0,0.0,0,0.0,6,1.4,1,0.2,0,0.0,6,1.4,1,0.2
2024-25,S,30,66647,3031945,Orange,Placentia-Yorba Linda Unified,El Camino Real Continuation High,No,Yes,GF,37,31,83.8,1,3.2,0,0.0,0,0.0,7,22.6,0,0.0,0,0.0,0,0.0,0,0.0,0,0.0,4,10.8,2,5.4
2024-25,S,30,66647,3031945,Orange,Placentia-Yorba Linda Unified,El Camino Real Continuation High,No,Yes,GM,48,40,83.3,0,0.0,0,0.0,0,0.0,16,40.0,0,0.0,0,0.0,0,0.0,0,0.0,0,0.0,5,10.4,3,6.3
2024-25,S,30,66647,3031945,Orange,Placentia-Yorba Linda Unified,El Camino Real Continuation High,No,Yes,RA,*,*,*,*,*,*,*,*,*,*,*,*,*,*,*,*,*,*,*,*,*,*,*,*,*
2024-25,S,30,66647,3031945,Orange,Placentia-Yorba Linda Unified,El Camino Real Continuation High,No,Yes,RB,*,*,*,*,*,*,*,*,*,*,*,*,*,*,*,*,*,*,*,*,*,*,*,*,*
2024-25,S,30,66647,3031945,Orange,Placentia-Yorba Linda Unified,El Camino Real Continuation High,No,Yes,RD,*,*,*,*,*,*,*,*,*,*,*,*,*,*,*,*,*,*,*,*,*,*,*,*,*
2024-25,S,30,66647,3031945,Orange,Placentia-Yorba Linda Unified,El Camino Real Continuation High,No,Yes,RF,*,*,*,*,*,*,*,*,*,*,*,*,*,*,*,*,*,*,*,*,*,*,*,*,*
2024-25,S,30,66647,3031945,Orange,Placentia-Yorba Linda Unified,El Camino Real Continuation High,No,Yes,RH,60,49,81.7,0,0.0,0,0.0,0,0.0,16,32.7,0,0.0,0,0.0,0,0.0,0,0.0,0,0.0,7,11.7,4,6.7
2024-25,S,30,66647,3031945,Orange,Placentia-Yorba Linda Unified,El Camino Real Continuation High,No,Yes,RI,*,*,*,*,*,*,*,*,*,*,*,*,*,*,*,*,*,*,*,*,*,*,*,*,*
2024-25,S,30,66647,3031945,Orange,Placentia-Yorba Linda Unified,El Camino Real Continuation High,No,Yes,RP,*,*,*,*,*,*,*,*,*,*,*,*,*,*,*,*,*,*,*,*,*,*,*,*,*
2024-25,S,30,66647,3031945,Orange,Placentia-Yorba Linda Unified,El Camino Real Continuation High,No,Yes,RT,*,*,*,*,*,*,*,*,*,*,*,*,*,*,*,*,*,*,*,*,*,*,*,*,*
2024-25,S,30,66647,3031945,Orange,Placentia-Yorba Linda Unified,El Camino Real Continuation High,No,Yes,RW,13,11,84.6,0,0.0,0,0.0,0,0.0,4,36.4,0,0.0,0,0.0,0,0.0,0,0.0,0,0.0,1,7.7,1,7.7
2024-25,S,30,66647,3031945,Orange,Placentia-Yorba Linda Unified,El Camino Real Continuation High,No,Yes,SD,22,16,72.7,0,0.0,0,0.0,0,0.0,10,62.5,0,0.0,0,0.0,0,0.0,0,0.0,0,0.0,4,18.2,2,9.1
2024-25,S,30,66647,3031945,Orange,Placentia-Yorba Linda Unified,El Camino Real Continuation High,No,Yes,SE,29,24,82.8,0,0.0,0,0.0,0,0.0,8,33.3,0,0.0,0,0.0,0,0.0,0,0.0,0,0.0,2,6.9,3,10.3
2024-25,S,30,66647,3031945,Orange,Placentia-Yorba Linda Unified,El Camino Real Continuation High,No,Yes,SF,*,*,*,*,*,*,*,*,*,*,*,*,*,*,*,*,*,*,*,*,*,*,*,*,*
2024-25,S,30,66647,3031945,Orange,Placentia-Yorba Linda Unified,El Camino Real Continuation High,No,Yes,SH,37,31,83.8,0,0.0,0,0.0,0,0.0,12,38.7,0,0.0,0,0.0,0,0.0,0,0.0,0,0.0,4,10.8,2,5.4
2024-25,S,30,66647,3031945,Orange,Placentia-Yorba Linda Unified,El Camino Real Continuation High,No,Yes,SS,80,66,82.5,1,1.5,0,0.0,0,0.0,22,33.3,0,0.0,0,0.0,0,0.0,0,0.0,0,0.0,9,11.3,5,6.3
2024-25,S,30,66647,3031945,Orange,Placentia-Yorba Linda Unified,El Camino Real Continuation High,No,Yes,TA,85,71,83.5,1,1.4,0,0.0,0,0.0,23,32.4,0,0.0,0,0.0,0,0.0,0,0.0,0,0.0,9,10.6,5,5.9
2024-25,S,30,66647,3038023,Orange,Placentia-Yorba Linda Unified,Valencia High,No,No,GF,303,294,97.0,183,62.2,73,24.8,141,48.0,1,0.3,0,0.0,0,0.0,5,1.7,0,0.0,0,0.0,3,1.0,1,0.3
2024-25,S,30,66647,3038023,Orange,Placentia-Yorba Linda Unified,Valencia High,No,No,GM,336,314,93.5,170,54.1,66,21.0,157,50.0,0,0.0,6,1.8,0,0.0,6,1.8,0,0.0,0,0.0,10,3.0,0,0.0
2024-25,S,30,66647,3038023,Orange,Placentia-Yorba Linda Unified,Valencia High,No,No,RA,137,130,94.9,120,92.3,64,49.2,126,96.9,0,0.0,6,4.4,0,0.0,1,0.7,0,0.0,0,0.0,0,0.0,0,0.0
2024-25,S,30,66647,3038023,Orange,Placentia-Yorba Linda Unified,Valencia High,No,No,RB,*,*,*,*,*,*,*,*,*,*,*,*,*,*,*,*,*,*,*,*,*,*,*,*,*
2024-25,S,30,66647,3038023,Orange,Placentia-Yorba Linda Unified,Valencia High,No,No,RD,*,*,*,*,*,*,*,*,*,*,*,*,*,*,*,*,*,*,*,*,*,*,*,*,*
2024-25,S,30,66647,3038023,Orange,Placentia-Yorba Linda Unified,Valencia High,No,No,RF,14,13,92.9,11,84.6,1,7.7,10,76.9,0,0.0,0,0.0,0,0.0,1,7.1,0,0.0,0,0.0,0,0.0,0,0.0
2024-25,S,30,66647,3038023,Orange,Placentia-Yorba Linda Unified,Valencia High,No,No,RH,400,384,96.0,166,43.2,66,17.2,117,30.5,1,0.3,0,0.0,0,0.0,8,2.0,0,0.0,0,0.0,7,1.8,1,0.3
2024-25,S,30,66647,3038023,Orange,Placentia-Yorba Linda Unified,Valencia High,No,No,RI,*,*,*,*,*,*,*,*,*,*,*,*,*,*,*,*,*,*,*,*,*,*,*,*,*
2024-25,S,30,66647,3038023,Orange,Placentia-Yorba Linda Unified,Valencia High,No,No,RP,*,*,*,*,*,*,*,*,*,*,*,*,*,*,*,*,*,*,*,*,*,*,*,*,*
2024-25,S,30,66647,3038023,Orange,Placentia-Yorba Linda Unified,Valencia High,No,No,RT,14,14,100.0,11,78.6,5,35.7,10,71.4,0,0.0,0,0.0,0,0.0,0,0.0,0,0.0,0,0.0,0,0.0,0,0.0
2024-25,S,30,66647,3038023,Orange,Placentia-Yorba Linda Unified,Valencia High,No,No,RW,60,55,91.7,42,76.4,3,5.5,31,56.4,0,0.0,0,0.0,0,0.0,1,1.7,0,0.0,0,0.0,4,6.7,0,0.0
2024-25,S,30,66647,3038023,Orange,Placentia-Yorba Linda Unified,Valencia High,No,No,SD,62,47,75.8,9,19.1,1,2.1,12,25.5,1,2.1,0,0.0,0,0.0,11,17.7,0,0.0,0,0.0,4,6.5,0,0.0
2024-25,S,30,66647,3038023,Orange,Placentia-Yorba Linda Unified,Valencia High,No,No,SE,127,116,91.3,29,25.0,15,12.9,17,14.7,1,0.9,0,0.0,0,0.0,3,2.4,0,0.0,0,0.0,7,5.5,1,0.8
2024-25,S,30,66647,3038023,Orange,Placentia-Yorba Linda Unified,Valencia High,No,No,SF,*,*,*,*,*,*,*,*,*,*,*,*,*,*,*,*,*,*,*,*,*,*,*,*,*
2024-25,S,30,66647,3038023,Orange,Placentia-Yorba Linda Unified,Valencia High,No,No,SH,204,195,95.6,73,37.4,28,14.4,47,24.1,1,0.5,0,0.0,0,0.0,5,2.5,0,0.0,0,0.0,4,2.0,0,0.0
2024-25,S,30,66647,3038023,Orange,Placentia-Yorba Linda Unified,Valencia High,No,No,SS,476,452,95.0,220,48.7,86,19.0,169,37.4,1,0.2,2,0.4,0,0.0,11,2.3,0,0.0,0,0.0,11,2.3,0,0.0
2024-25,S,30,66647,3038023,Orange,Placentia-Yorba Linda Unified,Valencia High,No,No,TA,639,608,95.1,353,58.1,139,22.9,298,49.0,1,0.2,6,0.9,0,0.0,11,1.7,0,0.0,0,0.0,13,2.0,1,0.2
2024-25,S,30,66647,6089478,Orange,Placentia-Yorba Linda Unified,George Key,No,Yes,GF,*,*,*,*,*,*,*,*,*,*,*,*,*,*,*,*,*,*,*,*,*,*,*,*,*
2024-25,S,30,66647,6089478,Orange,Placentia-Yorba Linda Unified,George Key,No,Yes,GM,*,*,*,*,*,*,*,*,*,*,*,*,*,*,*,*,*,*,*,*,*,*,*,*,*
2024-25,S,30,66647,6089478,Orange,Placentia-Yorba Linda Unified,George Key,No,Yes,RA,*,*,*,*,*,*,*,*,*,*,*,*,*,*,*,*,*,*,*,*,*,*,*,*,*
2024-25,S,30,66647,6089478,Orange,Placentia-Yorba Linda Unified,George Key,No,Yes,RB,*,*,*,*,*,*,*,*,*,*,*,*,*,*,*,*,*,*,*,*,*,*,*,*,*
2024-25,S,30,66647,6089478,Orange,Placentia-Yorba Linda Unified,George Key,No,Yes,RD,*,*,*,*,*,*,*,*,*,*,*,*,*,*,*,*,*,*,*,*,*,*,*,*,*
2024-25,S,30,66647,6089478,Orange,Placentia-Yorba Linda Unified,George Key,No,Yes,RF,*,*,*,*,*,*,*,*,*,*,*,*,*,*,*,*,*,*,*,*,*,*,*,*,*
2024-25,S,30,66647,6089478,Orange,Placentia-Yorba Linda Unified,George Key,No,Yes,RH,*,*,*,*,*,*,*,*,*,*,*,*,*,*,*,*,*,*,*,*,*,*,*,*,*
2024-25,S,30,66647,6089478,Orange,Placentia-Yorba Linda Unified,George Key,No,Yes,RI,*,*,*,*,*,*,*,*,*,*,*,*,*,*,*,*,*,*,*,*,*,*,*,*,*
2024-25,S,30,66647,6089478,Orange,Placentia-Yorba Linda Unified,George Key,No,Yes,RP,*,*,*,*,*,*,*,*,*,*,*,*,*,*,*,*,*,*,*,*,*,*,*,*,*
2024-25,S,30,66647,6089478,Orange,Placentia-Yorba Linda Unified,George Key,No,Yes,RT,*,*,*,*,*,*,*,*,*,*,*,*,*,*,*,*,*,*,*,*,*,*,*,*,*
2024-25,S,30,66647,6089478,Orange,Placentia-Yorba Linda Unified,George Key,No,Yes,RW,*,*,*,*,*,*,*,*,*,*,*,*,*,*,*,*,*,*,*,*,*,*,*,*,*
2024-25,S,30,66647,6089478,Orange,Placentia-Yorba Linda Unified,George Key,No,Yes,SD,*,*,*,*,*,*,*,*,*,*,*,*,*,*,*,*,*,*,*,*,*,*,*,*,*
2024-25,S,30,66647,6089478,Orange,Placentia-Yorba Linda Unified,George Key,No,Yes,SE,*,*,*,*,*,*,*,*,*,*,*,*,*,*,*,*,*,*,*,*,*,*,*,*,*
2024-25,S,30,66647,6089478,Orange,Placentia-Yorba Linda Unified,George Key,No,Yes,SH,*,*,*,*,*,*,*,*,*,*,*,*,*,*,*,*,*,*,*,*,*,*,*,*,*
2024-25,S,30,66647,6089478,Orange,Placentia-Yorba Linda Unified,George Key,No,Yes,SS,*,*,*,*,*,*,*,*,*,*,*,*,*,*,*,*,*,*,*,*,*,*,*,*,*
2024-25,S,30,66647,6089478,Orange,Placentia-Yorba Linda Unified,George Key,No,Yes,TA,*,*,*,*,*,*,*,*,*,*,*,*,*,*,*,*,*,*,*,*,*,*,*,*,*
2024-25,S,30,66647,6119556,Orange,Placentia-Yorba Linda Unified,Parkview,No,No,GF,23,23,100.0,14,60.9,1,4.3,0,0.0,0,0.0,0,0.0,0,0.0,0,0.0,0,0.0,0,0.0,0,0.0,0,0.0
2024-25,S,30,66647,6119556,Orange,Placentia-Yorba Linda Unified,Parkview,No,No,GM,16,16,100.0,7,43.8,0,0.0,1,6.3,0,0.0,0,0.0,0,0.0,0,0.0,0,0.0,0,0.0,0,0.0,0,0.0
2024-25,S,30,66647,6119556,Orange,Placentia-Yorba Linda Unified,Parkview,No,No,RA,*,*,*,*,*,*,*,*,*,*,*,*,*,*,*,*,*,*,*,*,*,*,*,*,*
2024-25,S,30,66647,6119556,Orange,Placentia-Yorba Linda Unified,Parkview,No,No,RB,*,*,*,*,*,*,*,*,*,*,*,*,*,*,*,*,*,*,*,*,*,*,*,*,*
2024-25,S,30,66647,6119556,Orange,Placentia-Yorba Linda Unified,Parkview,No,No,RD,*,*,*,*,*,*,*,*,*,*,*,*,*,*,*,*,*,*,*,*,*,*,*,*,*
2024-25,S,30,66647,6119556,Orange,Placentia-Yorba Linda Unified,Parkview,No,No,RF,*,*,*,*,*,*,*,*,*,*,*,*,*,*,*,*,*,*,*,*,*,*,*,*,*
2024-25,S,30,66647,6119556,Orange,Placentia-Yorba Linda Unified,Parkview,No,No,RH,13,13,100.0,6,46.2,0,0.0,0,0.0,0,0.0,0,0.0,0,0.0,0,0.0,0,0.0,0,0.0,0,0.0,0,0.0
2024-25,S,30,66647,6119556,Orange,Placentia-Yorba Linda Unified,Parkview,No,No,RI,*,*,*,*,*,*,*,*,*,*,*,*,*,*,*,*,*,*,*,*,*,*,*,*,*
2024-25,S,30,66647,6119556,Orange,Placentia-Yorba Linda Unified,Parkview,No,No,RP,*,*,*,*,*,*,*,*,*,*,*,*,*,*,*,*,*,*,*,*,*,*,*,*,*
2024-25,S,30,66647,6119556,Orange,Placentia-Yorba Linda Unified,Parkview,No,No,RT,*,*,*,*,*,*,*,*,*,*,*,*,*,*,*,*,*,*,*,*,*,*,*,*,*
2024-25,S,30,66647,6119556,Orange,Placentia-Yorba Linda Unified,Parkview,No,No,RW,20,20,100.0,11,55.0,1,5.0,1,5.0,0,0.0,0,0.0,0,0.0,0,0.0,0,0.0,0,0.0,0,0.0,0,0.0
2024-25,S,30,66647,6119556,Orange,Placentia-Yorba Linda Unified,Parkview,No,No,SD,*,*,*,*,*,*,*,*,*,*,*,*,*,*,*,*,*,*,*,*,*,*,*,*,*
2024-25,S,30,66647,6119556,Orange,Placentia-Yorba Linda Unified,Parkview,No,No,SE,*,*,*,*,*,*,*,*,*,*,*,*,*,*,*,*,*,*,*,*,*,*,*,*,*
2024-25,S,30,66647,6119556,Orange,Placentia-Yorba Linda Unified,Parkview,No,No,SH,*,*,*,*,*,*,*,*,*,*,*,*,*,*,*,*,*,*,*,*,*,*,*,*,*
2024-25,S,30,66647,6119556,Orange,Placentia-Yorba Linda Unified,Parkview,No,No,SS,20,20,100.0,10,50.0,0,0.0,1,5.0,0,0.0,0,0.0,0,0.0,0,0.0,0,0.0,0,0.0,0,0.0,0,0.0
2024-25,S,30,66647,6119556,Orange,Placentia-Yorba Linda Unified,Parkview,No,No,TA,39,39,100.0,21,53.8,1,2.6,1,2.6,0,0.0,0,0.0,0,0.0,0,0.0,0,0.0,0,0.0,0,0.0,0,0.0
2024-25,S,30,66670,1,Orange,Santa Ana Unified,"Nonpublic, Nonsectarian Schools",No,No,GF,*,*,*,*,*,*,*,*,*,*,*,*,*,*,*,*,*,*,*,*,*,*,*,*,*
2024-25,S,30,66670,1,Orange,Santa Ana Unified,"Nonpublic, Nonsectarian Schools",No,No,GM,*,*,*,*,*,*,*,*,*,*,*,*,*,*,*,*,*,*,*,*,*,*,*,*,*
2024-25,S,30,66670,1,Orange,Santa Ana Unified,"Nonpublic, Nonsectarian Schools",No,No,RA,*,*,*,*,*,*,*,*,*,*,*,*,*,*,*,*,*,*,*,*,*,*,*,*,*
2024-25,S,30,66670,1,Orange,Santa Ana Unified,"Nonpublic, Nonsectarian Schools",No,No,RB,*,*,*,*,*,*,*,*,*,*,*,*,*,*,*,*,*,*,*,*,*,*,*,*,*
2024-25,S,30,66670,1,Orange,Santa Ana Unified,"Nonpublic, Nonsectarian Schools",No,No,RD,*,*,*,*,*,*,*,*,*,*,*,*,*,*,*,*,*,*,*,*,*,*,*,*,*
2024-25,S,30,66670,1,Orange,Santa Ana Unified,"Nonpublic, Nonsectarian Schools",No,No,RF,*,*,*,*,*,*,*,*,*,*,*,*,*,*,*,*,*,*,*,*,*,*,*,*,*
2024-25,S,30,66670,1,Orange,Santa Ana Unified,"Nonpublic, Nonsectarian Schools",No,No,RH,*,*,*,*,*,*,*,*,*,*,*,*,*,*,*,*,*,*,*,*,*,*,*,*,*
2024-25,S,30,66670,1,Orange,Santa Ana Unified,"Nonpublic, Nonsectarian Schools",No,No,RI,*,*,*,*,*,*,*,*,*,*,*,*,*,*,*,*,*,*,*,*,*,*,*,*,*
2024-25,S,30,66670,1,Orange,Santa Ana Unified,"Nonpublic, Nonsectarian Schools",No,No,RP,*,*,*,*,*,*,*,*,*,*,*,*,*,*,*,*,*,*,*,*,*,*,*,*,*
2024-25,S,30,66670,1,Orange,Santa Ana Unified,"Nonpublic, Nonsectarian Schools",No,No,RT,*,*,*,*,*,*,*,*,*,*,*,*,*,*,*,*,*,*,*,*,*,*,*,*,*
2024-25,S,30,66670,1,Orange,Santa Ana Unified,"Nonpublic, Nonsectarian Schools",No,No,RW,*,*,*,*,*,*,*,*,*,*,*,*,*,*,*,*,*,*,*,*,*,*,*,*,*
2024-25,S,30,66670,1,Orange,Santa Ana Unified,"Nonpublic, Nonsectarian Schools",No,No,SD,*,*,*,*,*,*,*,*,*,*,*,*,*,*,*,*,*,*,*,*,*,*,*,*,*
2024-25,S,30,66670,1,Orange,Santa Ana Unified,"Nonpublic, Nonsectarian Schools",No,No,SE,*,*,*,*,*,*,*,*,*,*,*,*,*,*,*,*,*,*,*,*,*,*,*,*,*
2024-25,S,30,66670,1,Orange,Santa Ana Unified,"Nonpublic, Nonsectarian Schools",No,No,SS,*,*,*,*,*,*,*,*,*,*,*,*,*,*,*,*,*,*,*,*,*,*,*,*,*
2024-25,S,30,66670,1,Orange,Santa Ana Unified,"Nonpublic, Nonsectarian Schools",No,No,TA,*,*,*,*,*,*,*,*,*,*,*,*,*,*,*,*,*,*,*,*,*,*,*,*,*
2024-25,S,30,66670,106567,Orange,Santa Ana Unified,Nova Academy Early College High,Yes,No,GF,30,30,100.0,27,90.0,8,26.7,8,26.7,0,0.0,0,0.0,0,0.0,0,0.0,0,0.0,0,0.0,0,0.0,0,0.0
2024-25,S,30,66670,106567,Orange,Santa Ana Unified,Nova Academy Early College High,Yes,No,GM,39,37,94.9,31,83.8,9,24.3,9,24.3,0,0.0,0,0.0,0,0.0,0,0.0,0,0.0,0,0.0,2,5.1,0,0.0
2024-25,S,30,66670,106567,Orange,Santa Ana Unified,Nova Academy Early College High,Yes,No,GX,*,*,*,*,*,*,*,*,*,*,*,*,*,*,*,*,*,*,*,*,*,*,*,*,*
2024-25,S,30,66670,106567,Orange,Santa Ana Unified,Nova Academy Early College High,Yes,No,RA,*,*,*,*,*,*,*,*,*,*,*,*,*,*,*,*,*,*,*,*,*,*,*,*,*
2024-25,S,30,66670,106567,Orange,Santa Ana Unified,Nova Academy Early College High,Yes,No,RB,*,*,*,*,*,*,*,*,*,*,*,*,*,*,*,*,*,*,*,*,*,*,*,*,*
2024-25,S,30,66670,106567,Orange,Santa Ana Unified,Nova Academy Early College High,Yes,No,RD,*,*,*,*,*,*,*,*,*,*,*,*,*,*,*,*,*,*,*,*,*,*,*,*,*
2024-25,S,30,66670,106567,Orange,Santa Ana Unified,Nova Academy Early College High,Yes,No,RF,*,*,*,*,*,*,*,*,*,*,*,*,*,*,*,*,*,*,*,*,*,*,*,*,*
2024-25,S,30,66670,106567,Orange,Santa Ana Unified,Nova Academy Early College High,Yes,No,RH,65,65,100.0,57,87.7,17,26.2,16,24.6,0,0.0,0,0.0,0,0.0,0,0.0,0,0.0,0,0.0,0,0.0,0,0.0
2024-25,S,30,66670,106567,Orange,Santa Ana Unified,Nova Academy Early College High,Yes,No,RI,*,*,*,*,*,*,*,*,*,*,*,*,*,*,*,*,*,*,*,*,*,*,*,*,*
2024-25,S,30,66670,106567,Orange,Santa Ana Unified,Nova Academy Early College High,Yes,No,RP,*,*,*,*,*,*,*,*,*,*,*,*,*,*,*,*,*,*,*,*,*,*,*,*,*
2024-25,S,30,66670,106567,Orange,Santa Ana Unified,Nova Academy Early College High,Yes,No,RT,*,*,*,*,*,*,*,*,*,*,*,*,*,*,*,*,*,*,*,*,*,*,*,*,*
2024-25,S,30,66670,106567,Orange,Santa Ana Unified,Nova Academy Early College High,Yes,No,RW,*,*,*,*,*,*,*,*,*,*,*,*,*,*,*,*,*,*,*,*,*,*,*,*,*
2024-25,S,30,66670,106567,Orange,Santa Ana Unified,Nova Academy Early College High,Yes,No,SD,*,*,*,*,*,*,*,*,*,*,*,*,*,*,*,*,*,*,*,*,*,*,*,*,*
2024-25,S,30,66670,106567,Orange,Santa Ana Unified,Nova Academy Early College High,Yes,No,SE,16,16,100.0,12,75.0,1,6.3,1,6.3,0,0.0,0,0.0,0,0.0,0,0.0,0,0.0,0,0.0,0,0.0,0,0.0
2024-25,S,30,66670,106567,Orange,Santa Ana Unified,Nova Academy Early College High,Yes,No,SH,*,*,*,*,*,*,*,*,*,*,*,*,*,*,*,*,*,*,*,*,*,*,*,*,*
2024-25,S,30,66670,106567,Orange,Santa Ana Unified,Nova Academy Early College High,Yes,No,SS,65,64,98.5,55,85.9,14,21.9,16,25.0,0,0.0,0,0.0,0,0.0,0,0.0,0,0.0,0,0.0,1,1.5,0,0.0
2024-25,S,30,66670,106567,Orange,Santa Ana Unified,Nova Academy Early College High,Yes,No,TA,70,68,97.1,59,86.8,17,25.0,17,25.0,0,0.0,0,0.0,0,0.0,0,0.0,0,0.0,0,0.0,2,2.9,0,0.0
2024-25,S,30,66670,108365,Orange,Santa Ana Unified,Segerstrom High,No,No,GF,311,307,98.7,216,70.4,102,33.2,157,51.1,1,0.3,1,0.3,0,0.0,0,0.0,0,0.0,0,0.0,3,1.0,0,0.0
2024-25,S,30,66670,108365,Orange,Santa Ana Unified,Segerstrom High,No,No,GM,283,278,98.2,160,57.6,41,14.7,106,38.1,0,0.0,0,0.0,0,0.0,3,1.1,0,0.0,1,0.4,1,0.4,0,0.0
2024-25,S,30,66670,108365,Orange,Santa Ana Unified,Segerstrom High,No,No,GX,*,*,*,*,*,*,*,*,*,*,*,*,*,*,*,*,*,*,*,*,*,*,*,*,*
2024-25,S,30,66670,108365,Orange,Santa Ana Unified,Segerstrom High,No,No,RA,34,33,97.1,29,87.9,1,3.0,21,63.6,0,0.0,1,2.9,0,0.0,0,0.0,0,0.0,0,0.0,0,0.0,0,0.0
2024-25,S,30,66670,108365,Orange,Santa Ana Unified,Segerstrom High,No,No,RB,*,*,*,*,*,*,*,*,*,*,*,*,*,*,*,*,*,*,*,*,*,*,*,*,*
2024-25,S,30,66670,108365,Orange,Santa Ana Unified,Segerstrom High,No,No,RD,*,*,*,*,*,*,*,*,*,*,*,*,*,*,*,*,*,*,*,*,*,*,*,*,*
2024-25,S,30,66670,108365,Orange,Santa Ana Unified,Segerstrom High,No,No,RF,*,*,*,*,*,*,*,*,*,*,*,*,*,*,*,*,*,*,*,*,*,*,*,*,*
2024-25,S,30,66670,108365,Orange,Santa Ana Unified,Segerstrom High,No,No,RH,547,539,98.5,336,62.3,142,26.3,235,43.6,0,0.0,0,0.0,0,0.0,3,0.5,0,0.0,1,0.2,4,0.7,0,0.0
2024-25,S,30,66670,108365,Orange,Santa Ana Unified,Segerstrom High,No,No,RI,*,*,*,*,*,*,*,*,*,*,*,*,*,*,*,*,*,*,*,*,*,*,*,*,*
2024-25,S,30,66670,108365,Orange,Santa Ana Unified,Segerstrom High,No,No,RP,*,*,*,*,*,*,*,*,*,*,*,*,*,*,*,*,*,*,*,*,*,*,*,*,*
2024-25,S,30,66670,108365,Orange,Santa Ana Unified,Segerstrom High,No,No,RT,*,*,*,*,*,*,*,*,*,*,*,*,*,*,*,*,*,*,*,*,*,*,*,*,*
2024-25,S,30,66670,108365,Orange,Santa Ana Unified,Segerstrom High,No,No,RW,*,*,*,*,*,*,*,*,*,*,*,*,*,*,*,*,*,*,*,*,*,*,*,*,*
2024-25,S,30,66670,108365,Orange,Santa Ana Unified,Segerstrom High,No,No,SD,52,47,90.4,19,40.4,1,2.1,10,21.3,0,0.0,0,0.0,0,0.0,3,5.8,0,0.0,0,0.0,2,3.8,0,0.0
2024-25,S,30,66670,108365,Orange,Santa Ana Unified,Segerstrom High,No,No,SE,92,90,97.8,37,41.1,9,10.0,15,16.7,0,0.0,0,0.0,0,0.0,0,0.0,0,0.0,0,0.0,2,2.2,0,0.0
2024-25,S,30,66670,108365,Orange,Santa Ana Unified,Segerstrom High,No,No,SF,*,*,*,*,*,*,*,*,*,*,*,*,*,*,*,*,*,*,*,*,*,*,*,*,*
2024-25,S,30,66670,108365,Orange,Santa Ana Unified,Segerstrom High,No,No,SH,34,33,97.1,16,48.5,7,21.2,10,30.3,1,3.0,0,0.0,0,0.0,0,0.0,0,0.0,0,0.0,1,2.9,0,0.0
2024-25,S,30,66670,108365,Orange,Santa Ana Unified,Segerstrom High,No,No,SM,*,*,*,*,*,*,*,*,*,*,*,*,*,*,*,*,*,*,*,*,*,*,*,*,*
2024-25,S,30,66670,108365,Orange,Santa Ana Unified,Segerstrom High,No,No,SS,497,489,98.4,298,60.9,129,26.4,209,42.7,1,0.2,1,0.2,0,0.0,2,0.4,0,0.0,1,0.2,4,0.8,0,0.0
2024-25,S,30,66670,108365,Orange,Santa Ana Unified,Segerstrom High,No,No,TA,595,586,98.5,376,64.2,143,24.4,263,44.9,1,0.2,1,0.2,0,0.0,3,0.5,0,0.0,1,0.2,4,0.7,0,0.0
2024-25,S,30,66670,114736,Orange,Santa Ana Unified,Hector G. Godinez,No,No,GF,211,207,98.1,149,72.0,87,42.0,103,49.8,0,0.0,0,0.0,0,0.0,2,0.9,0,0.0,0,0.0,2,0.9,0,0.0
2024-25,S,30,66670,114736,Orange,Santa Ana Unified,Hector G. Godinez,No,No,GM,202,201,99.5,129,64.2,62,30.8,107,53.2,0,0.0,0,0.0,0,0.0,0,0.0,0,0.0,0,0.0,1,0.5,0,0.0
2024-25,S,30,66670,114736,Orange,Santa Ana Unified,Hector G. Godinez,No,No,RA,*,*,*,*,*,*,*,*,*,*,*,*,*,*,*,*,*,*,*,*,*,*,*,*,*
2024-25,S,30,66670,114736,Orange,Santa Ana Unified,Hector G. Godinez,No,No,RB,*,*,*,*,*,*,*,*,*,*,*,*,*,*,*,*,*,*,*,*,*,*,*,*,*
2024-25,S,30,66670,114736,Orange,Santa Ana Unified,Hector G. Godinez,No,No,RD,*,*,*,*,*,*,*,*,*,*,*,*,*,*,*,*,*,*,*,*,*,*,*,*,*
2024-25,S,30,66670,114736,Orange,Santa Ana Unified,Hector G. Godinez,No,No,RF,*,*,*,*,*,*,*,*,*,*,*,*,*,*,*,*,*,*,*,*,*,*,*,*,*
2024-25,S,30,66670,114736,Orange,Santa Ana Unified,Hector G. Godinez,No,No,RH,402,399,99.3,270,67.7,147,36.8,204,51.1,0,0.0,0,0.0,0,0.0,0,0.0,0,0.0,0,0.0,3,0.7,0,0.0
2024-25,S,30,66670,114736,Orange,Santa Ana Unified,Hector G. Godinez,No,No,RI,*,*,*,*,*,*,*,*,*,*,*,*,*,*,*,*,*,*,*,*,*,*,*,*,*
2024-25,S,30,66670,114736,Orange,Santa Ana Unified,Hector G. Godinez,No,No,RP,*,*,*,*,*,*,*,*,*,*,*,*,*,*,*,*,*,*,*,*,*,*,*,*,*
2024-25,S,30,66670,114736,Orange,Santa Ana Unified,Hector G. Godinez,No,No,RT,*,*,*,*,*,*,*,*,*,*,*,*,*,*,*,*,*,*,*,*,*,*,*,*,*
2024-25,S,30,66670,114736,Orange,Santa Ana Unified,Hector G. Godinez,No,No,RW,*,*,*,*,*,*,*,*,*,*,*,*,*,*,*,*,*,*,*,*,*,*,*,*,*
2024-25,S,30,66670,114736,Orange,Santa Ana Unified,Hector G. Godinez,No,No,SD,36,32,88.9,17,53.1,2,6.3,12,37.5,0,0.0,0,0.0,0,0.0,2,5.6,0,0.0,0,0.0,2,5.6,0,0.0
2024-25,S,30,66670,114736,Orange,Santa Ana Unified,Hector G. Godinez,No,No,SE,89,88,98.9,41,46.6,12,13.6,29,33.0,0,0.0,0,0.0,0,0.0,0,0.0,0,0.0,0,0.0,1,1.1,0,0.0
2024-25,S,30,66670,114736,Orange,Santa Ana Unified,Hector G. Godinez,No,No,SF,*,*,*,*,*,*,*,*,*,*,*,*,*,*,*,*,*,*,*,*,*,*,*,*,*
2024-25,S,30,66670,114736,Orange,Santa Ana Unified,Hector G. Godinez,No,No,SH,72,70,97.2,43,61.4,24,34.3,36,51.4,0,0.0,0,0.0,0,0.0,0,0.0,0,0.0,0,0.0,2,2.8,0,0.0
2024-25,S,30,66670,114736,Orange,Santa Ana Unified,Hector G. Godinez,No,No,SM,*,*,*,*,*,*,*,*,*,*,*,*,*,*,*,*,*,*,*,*,*,*,*,*,*
2024-25,S,30,66670,114736,Orange,Santa Ana Unified,Hector G. Godinez,No,No,SS,369,366,99.2,246,67.2,142,38.8,186,50.8,0,0.0,0,0.0,0,0.0,0,0.0,0,0.0,0,0.0,3,0.8,0,0.0
2024-25,S,30,66670,114736,Orange,Santa Ana Unified,Hector G. Godinez,No,No,TA,413,408,98.8,278,68.1,149,36.5,210,51.5,0,0.0,0,0.0,0,0.0,2,0.5,0,0.0,0,0.0,3,0.7,0,0.0
2024-25,S,30,66670,135897,Orange,Santa Ana Unified,Advanced Learning Academy,Yes,No,GF,25,24,96.0,20,83.3,10,41.7,17,70.8,0,0.0,0,0.0,0,0.0,0,0.0,0,0.0,0,0.0,1,4.0,0,0.0
2024-25,S,30,66670,135897,Orange,Santa Ana Unified,Advanced Learning Academy,Yes,No,GM,19,19,100.0,14,73.7,4,21.1,12,63.2,0,0.0,0,0.0,0,0.0,0,0.0,0,0.0,0,0.0,0,0.0,0,0.0
2024-25,S,30,66670,135897,Orange,Santa Ana Unified,Advanced Learning Academy,Yes,No,RA,*,*,*,*,*,*,*,*,*,*,*,*,*,*,*,*,*,*,*,*,*,*,*,*,*
2024-25,S,30,66670,135897,Orange,Santa Ana Unified,Advanced Learning Academy,Yes,No,RB,*,*,*,*,*,*,*,*,*,*,*,*,*,*,*,*,*,*,*,*,*,*,*,*,*
2024-25,S,30,66670,135897,Orange,Santa Ana Unified,Advanced Learning Academy,Yes,No,RD,*,*,*,*,*,*,*,*,*,*,*,*,*,*,*,*,*,*,*,*,*,*,*,*,*
2024-25,S,30,66670,135897,Orange,Santa Ana Unified,Advanced Learning Academy,Yes,No,RF,*,*,*,*,*,*,*,*,*,*,*,*,*,*,*,*,*,*,*,*,*,*,*,*,*
2024-25,S,30,66670,135897,Orange,Santa Ana Unified,Advanced Learning Academy,Yes,No,RH,42,42,100.0,34,81.0,14,33.3,28,66.7,0,0.0,0,0.0,0,0.0,0,0.0,0,0.0,0,0.0,0,0.0,0,0.0
2024-25,S,30,66670,135897,Orange,Santa Ana Unified,Advanced Learning Academy,Yes,No,RI,*,*,*,*,*,*,*,*,*,*,*,*,*,*,*,*,*,*,*,*,*,*,*,*,*
2024-25,S,30,66670,135897,Orange,Santa Ana Unified,Advanced Learning Academy,Yes,No,RP,*,*,*,*,*,*,*,*,*,*,*,*,*,*,*,*,*,*,*,*,*,*,*,*,*
2024-25,S,30,66670,135897,Orange,Santa Ana Unified,Advanced Learning Academy,Yes,No,RT,*,*,*,*,*,*,*,*,*,*,*,*,*,*,*,*,*,*,*,*,*,*,*,*,*
2024-25,S,30,66670,135897,Orange,Santa Ana Unified,Advanced Learning Academy,Yes,No,RW,*,*,*,*,*,*,*,*,*,*,*,*,*,*,*,*,*,*,*,*,*,*,*,*,*
2024-25,S,30,66670,135897,Orange,Santa Ana Unified,Advanced Learning Academy,Yes,No,SD,*,*,*,*,*,*,*,*,*,*,*,*,*,*,*,*,*,*,*,*,*,*,*,*,*
2024-25,S,30,66670,135897,Orange,Santa Ana Unified,Advanced Learning Academy,Yes,No,SE,12,12,100.0,8,66.7,2,16.7,7,58.3,0,0.0,0,0.0,0,0.0,0,0.0,0,0.0,0,0.0,0,0.0,0,0.0
2024-25,S,30,66670,135897,Orange,Santa Ana Unified,Advanced Learning Academy,Yes,No,SF,*,*,*,*,*,*,*,*,*,*,*,*,*,*,*,*,*,*,*,*,*,*,*,*,*
2024-25,S,30,66670,135897,Orange,Santa Ana Unified,Advanced Learning Academy,Yes,No,SH,*,*,*,*,*,*,*,*,*,*,*,*,*,*,*,*,*,*,*,*,*,*,*,*,*
2024-25,S,30,66670,135897,Orange,Santa Ana Unified,Advanced Learning Academy,Yes,No,SS,42,42,100.0,33,78.6,14,33.3,28,66.7,0,0.0,0,0.0,0,0.0,0,0.0,0,0.0,0,0.0,0,0.0,0,0.0
2024-25,S,30,66670,135897,Orange,Santa Ana Unified,Advanced Learning Academy,Yes,No,TA,44,43,97.7,34,79.1,14,32.6,29,67.4,0,0.0,0,0.0,0,0.0,0,0.0,0,0.0,0,0.0,1,2.3,0,0.0
2024-25,S,30,66670,3030475,Orange,Santa Ana Unified,Cesar E. Chavez High,No,Yes,GF,107,89,83.2,0,0.0,0,0.0,1,1.1,71,79.8,0,0.0,0,0.0,0,0.0,0,0.0,0,0.0,18,16.8,0,0.0
2024-25,S,30,66670,3030475,Orange,Santa Ana Unified,Cesar E. Chavez High,No,Yes,GM,137,95,69.3,0,0.0,1,1.1,0,0.0,83,87.4,0,0.0,0,0.0,0,0.0,0,0.0,0,0.0,42,30.7,0,0.0
2024-25,S,30,66670,3030475,Orange,Santa Ana Unified,Cesar E. Chavez High,No,Yes,RA,*,*,*,*,*,*,*,*,*,*,*,*,*,*,*,*,*,*,*,*,*,*,*,*,*
2024-25,S,30,66670,3030475,Orange,Santa Ana Unified,Cesar E. Chavez High,No,Yes,RB,*,*,*,*,*,*,*,*,*,*,*,*,*,*,*,*,*,*,*,*,*,*,*,*,*
2024-25,S,30,66670,3030475,Orange,Santa Ana Unified,Cesar E. Chavez High,No,Yes,RD,*,*,*,*,*,*,*,*,*,*,*,*,*,*,*,*,*,*,*,*,*,*,*,*,*
2024-25,S,30,66670,3030475,Orange,Santa Ana Unified,Cesar E. Chavez High,No,Yes,RF,*,*,*,*,*,*,*,*,*,*,*,*,*,*,*,*,*,*,*,*,*,*,*,*,*
2024-25,S,30,66670,3030475,Orange,Santa Ana Unified,Cesar E. Chavez High,No,Yes,RH,241,183,75.9,0,0.0,1,0.5,1,0.5,153,83.6,0,0.0,0,0.0,0,0.0,0,0.0,0,0.0,58,24.1,0,0.0
2024-25,S,30,66670,3030475,Orange,Santa Ana Unified,Cesar E. Chavez High,No,Yes,RI,*,*,*,*,*,*,*,*,*,*,*,*,*,*,*,*,*,*,*,*,*,*,*,*,*
2024-25,S,30,66670,3030475,Orange,Santa Ana Unified,Cesar E. Chavez High,No,Yes,RP,*,*,*,*,*,*,*,*,*,*,*,*,*,*,*,*,*,*,*,*,*,*,*,*,*
2024-25,S,30,66670,3030475,Orange,Santa Ana Unified,Cesar E. Chavez High,No,Yes,RT,*,*,*,*,*,*,*,*,*,*,*,*,*,*,*,*,*,*,*,*,*,*,*,*,*
2024-25,S,30,66670,3030475,Orange,Santa Ana Unified,Cesar E. Chavez High,No,Yes,RW,*,*,*,*,*,*,*,*,*,*,*,*,*,*,*,*,*,*,*,*,*,*,*,*,*
2024-25,S,30,66670,3030475,Orange,Santa Ana Unified,Cesar E. Chavez High,No,Yes,SD,18,12,66.7,0,0.0,1,8.3,0,0.0,12,100.0,0,0.0,0,0.0,0,0.0,0,0.0,0,0.0,6,33.3,0,0.0
2024-25,S,30,66670,3030475,Orange,Santa Ana Unified,Cesar E. Chavez High,No,Yes,SE,110,80,72.7,0,0.0,0,0.0,0,0.0,67,83.8,0,0.0,0,0.0,0,0.0,0,0.0,0,0.0,30,27.3,0,0.0
2024-25,S,30,66670,3030475,Orange,Santa Ana Unified,Cesar E. Chavez High,No,Yes,SF,*,*,*,*,*,*,*,*,*,*,*,*,*,*,*,*,*,*,*,*,*,*,*,*,*
2024-25,S,30,66670,3030475,Orange,Santa Ana Unified,Cesar E. Chavez High,No,Yes,SH,103,72,69.9,0,0.0,0,0.0,0,0.0,62,86.1,0,0.0,0,0.0,0,0.0,0,0.0,0,0.0,31,30.1,0,0.0
2024-25,S,30,66670,3030475,Orange,Santa Ana Unified,Cesar E. Chavez High,No,Yes,SM,*,*,*,*,*,*,*,*,*,*,*,*,*,*,*,*,*,*,*,*,*,*,*,*,*
2024-25,S,30,66670,3030475,Orange,Santa Ana Unified,Cesar E. Chavez High,No,Yes,SS,237,178,75.1,0,0.0,1,0.6,1,0.6,150,84.3,0,0.0,0,0.0,0,0.0,0,0.0,0,0.0,59,24.9,0,0.0
2024-25,S,30,66670,3030475,Orange,Santa Ana Unified,Cesar E. Chavez High,No,Yes,TA,244,184,75.4,0,0.0,1,0.5,1,0.5,154,83.7,0,0.0,0,0.0,0,0.0,0,0.0,0,0.0,60,24.6,0,0.0
2024-25,S,30,66670,3030491,Orange,Santa Ana Unified,Century High,No,No,GF,151,142,94.0,72,50.7,39,27.5,22,15.5,4,2.8,0,0.0,0,0.0,2,1.3,0,0.0,0,0.0,7,4.6,0,0.0
2024-25,S,30,66670,3030491,Orange,Santa Ana Unified,Century High,No,No,GM,165,137,83.0,39,28.5,9,6.6,12,8.8,7,5.1,0,0.0,0,0.0,8,4.8,0,0.0,1,0.6,19,11.5,0,0.0
2024-25,S,30,66670,3030491,Orange,Santa Ana Unified,Century High,No,No,GX,*,*,*,*,*,*,*,*,*,*,*,*,*,*,*,*,*,*,*,*,*,*,*,*,*
2024-25,S,30,66670,3030491,Orange,Santa Ana Unified,Century High,No,No,RA,*,*,*,*,*,*,*,*,*,*,*,*,*,*,*,*,*,*,*,*,*,*,*,*,*
2024-25,S,30,66670,3030491,Orange,Santa Ana Unified,Century High,No,No,RB,*,*,*,*,*,*,*,*,*,*,*,*,*,*,*,*,*,*,*,*,*,*,*,*,*
2024-25,S,30,66670,3030491,Orange,Santa Ana Unified,Century High,No,No,RD,*,*,*,*,*,*,*,*,*,*,*,*,*,*,*,*,*,*,*,*,*,*,*,*,*
2024-25,S,30,66670,3030491,Orange,Santa Ana Unified,Century High,No,No,RF,*,*,*,*,*,*,*,*,*,*,*,*,*,*,*,*,*,*,*,*,*,*,*,*,*
2024-25,S,30,66670,3030491,Orange,Santa Ana Unified,Century High,No,No,RH,307,270,87.9,106,39.3,47,17.4,32,11.9,10,3.7,0,0.0,0,0.0,10,3.3,0,0.0,1,0.3,26,8.5,0,0.0
2024-25,S,30,66670,3030491,Orange,Santa Ana Unified,Century High,No,No,RI,*,*,*,*,*,*,*,*,*,*,*,*,*,*,*,*,*,*,*,*,*,*,*,*,*
2024-25,S,30,66670,3030491,Orange,Santa Ana Unified,Century High,No,No,RP,*,*,*,*,*,*,*,*,*,*,*,*,*,*,*,*,*,*,*,*,*,*,*,*,*
2024-25,S,30,66670,3030491,Orange,Santa Ana Unified,Century High,No,No,RT,*,*,*,*,*,*,*,*,*,*,*,*,*,*,*,*,*,*,*,*,*,*,*,*,*
2024-25,S,30,66670,3030491,Orange,Santa Ana Unified,Century High,No,No,RW,*,*,*,*,*,*,*,*,*,*,*,*,*,*,*,*,*,*,*,*,*,*,*,*,*
2024-25,S,30,66670,3030491,Orange,Santa Ana Unified,Century High,No,No,SD,54,39,72.2,13,33.3,1,2.6,12,30.8,0,0.0,0,0.0,0,0.0,10,18.5,0,0.0,0,0.0,5,9.3,0,0.0
2024-25,S,30,66670,3030491,Orange,Santa Ana Unified,Century High,No,No,SE,147,120,81.6,32,26.7,7,5.8,17,14.2,11,9.2,0,0.0,0,0.0,4,2.7,0,0.0,1,0.7,22,15.0,0,0.0
2024-25,S,30,66670,3030491,Orange,Santa Ana Unified,Century High,No,No,SF,*,*,*,*,*,*,*,*,*,*,*,*,*,*,*,*,*,*,*,*,*,*,*,*,*
2024-25,S,30,66670,3030491,Orange,Santa Ana Unified,Century High,No,No,SH,68,53,77.9,17,32.1,5,9.4,6,11.3,6,11.3,0,0.0,0,0.0,2,2.9,0,0.0,0,0.0,13,19.1,0,0.0
2024-25,S,30,66670,3030491,Orange,Santa Ana Unified,Century High,No,No,SM,*,*,*,*,*,*,*,*,*,*,*,*,*,*,*,*,*,*,*,*,*,*,*,*,*
2024-25,S,30,66670,3030491,Orange,Santa Ana Unified,Century High,No,No,SS,300,266,88.7,102,38.3,44,16.5,31,11.7,11,4.1,0,0.0,0,0.0,9,3.0,0,0.0,1,0.3,24,8.0,0,0.0
2024-25,S,30,66670,3030491,Orange,Santa Ana Unified,Century High,No,No,TA,318,280,88.1,111,39.6,48,17.1,34,12.1,11,3.9,0,0.0,0,0.0,10,3.1,0,0.0,1,0.3,27,8.5,0,0.0
2024-25,S,30,66670,3030608,Orange,Santa Ana Unified,Middle College High,No,No,GF,62,62,100.0,62,100.0,32,51.6,54,87.1,0,0.0,0,0.0,0,0.0,0,0.0,0,0.0,0,0.0,0,0.0,0,0.0
2024-25,S,30,66670,3030608,Orange,Santa Ana Unified,Middle College High,No,No,GM,32,32,100.0,30,93.8,12,37.5,27,84.4,0,0.0,0,0.0,0,0.0,0,0.0,0,0.0,0,0.0,0,0.0,0,0.0
2024-25,S,30,66670,3030608,Orange,Santa Ana Unified,Middle College High,No,No,RA,*,*,*,*,*,*,*,*,*,*,*,*,*,*,*,*,*,*,*,*,*,*,*,*,*
2024-25,S,30,66670,3030608,Orange,Santa Ana Unified,Middle College High,No,No,RB,*,*,*,*,*,*,*,*,*,*,*,*,*,*,*,*,*,*,*,*,*,*,*,*,*
2024-25,S,30,66670,3030608,Orange,Santa Ana Unified,Middle College High,No,No,RD,*,*,*,*,*,*,*,*,*,*,*,*,*,*,*,*,*,*,*,*,*,*,*,*,*
2024-25,S,30,66670,3030608,Orange,Santa Ana Unified,Middle College High,No,No,RF,*,*,*,*,*,*,*,*,*,*,*,*,*,*,*,*,*,*,*,*,*,*,*,*,*
2024-25,S,30,66670,3030608,Orange,Santa Ana Unified,Middle College High,No,No,RH,83,83,100.0,81,97.6,43,51.8,70,84.3,0,0.0,0,0.0,0,0.0,0,0.0,0,0.0,0,0.0,0,0.0,0,0.0
2024-25,S,30,66670,3030608,Orange,Santa Ana Unified,Middle College High,No,No,RI,*,*,*,*,*,*,*,*,*,*,*,*,*,*,*,*,*,*,*,*,*,*,*,*,*
2024-25,S,30,66670,3030608,Orange,Santa Ana Unified,Middle College High,No,No,RP,*,*,*,*,*,*,*,*,*,*,*,*,*,*,*,*,*,*,*,*,*,*,*,*,*
2024-25,S,30,66670,3030608,Orange,Santa Ana Unified,Middle College High,No,No,RT,*,*,*,*,*,*,*,*,*,*,*,*,*,*,*,*,*,*,*,*,*,*,*,*,*
2024-25,S,30,66670,3030608,Orange,Santa Ana Unified,Middle College High,No,No,RW,*,*,*,*,*,*,*,*,*,*,*,*,*,*,*,*,*,*,*,*,*,*,*,*,*
2024-25,S,30,66670,3030608,Orange,Santa Ana Unified,Middle College High,No,No,SE,*,*,*,*,*,*,*,*,*,*,*,*,*,*,*,*,*,*,*,*,*,*,*,*,*
2024-25,S,30,66670,3030608,Orange,Santa Ana Unified,Middle College High,No,No,SH,*,*,*,*,*,*,*,*,*,*,*,*,*,*,*,*,*,*,*,*,*,*,*,*,*
2024-25,S,30,66670,3030608,Orange,Santa Ana Unified,Middle College High,No,No,SS,84,84,100.0,83,98.8,42,50.0,72,85.7,0,0.0,0,0.0,0,0.0,0,0.0,0,0.0,0,0.0,0,0.0,0,0.0
2024-25,S,30,66670,3030608,Orange,Santa Ana Unified,Middle College High,No,No,TA,94,94,100.0,92,97.9,44,46.8,81,86.2,0,0.0,0,0.0,0,0.0,0,0.0,0,0.0,0,0.0,0,0.0,0,0.0
2024-25,S,30,66670,3034998,Orange,Santa Ana Unified,Lorin Griset Academy,No,Yes,GF,101,68,67.3,2,2.9,2,2.9,0,0.0,42,61.8,0,0.0,0,0.0,0,0.0,0,0.0,0,0.0,33,32.7,0,0.0
2024-25,S,30,66670,3034998,Orange,Santa Ana Unified,Lorin Griset Academy,No,Yes,GM,122,81,66.4,1,1.2,1,1.2,0,0.0,52,64.2,0,0.0,0,0.0,0,0.0,0,0.0,1,0.8,40,32.8,0,0.0
2024-25,S,30,66670,3034998,Orange,Santa Ana Unified,Lorin Griset Academy,No,Yes,RA,*,*,*,*,*,*,*,*,*,*,*,*,*,*,*,*,*,*,*,*,*,*,*,*,*
2024-25,S,30,66670,3034998,Orange,Santa Ana Unified,Lorin Griset Academy,No,Yes,RB,*,*,*,*,*,*,*,*,*,*,*,*,*,*,*,*,*,*,*,*,*,*,*,*,*
2024-25,S,30,66670,3034998,Orange,Santa Ana Unified,Lorin Griset Academy,No,Yes,RD,*,*,*,*,*,*,*,*,*,*,*,*,*,*,*,*,*,*,*,*,*,*,*,*,*
2024-25,S,30,66670,3034998,Orange,Santa Ana Unified,Lorin Griset Academy,No,Yes,RF,*,*,*,*,*,*,*,*,*,*,*,*,*,*,*,*,*,*,*,*,*,*,*,*,*
2024-25,S,30,66670,3034998,Orange,Santa Ana Unified,Lorin Griset Academy,No,Yes,RH,220,146,66.4,3,2.1,3,2.1,0,0.0,93,63.7,0,0.0,0,0.0,0,0.0,0,0.0,1,0.5,73,33.2,0,0.0
2024-25,S,30,66670,3034998,Orange,Santa Ana Unified,Lorin Griset Academy,No,Yes,RI,*,*,*,*,*,*,*,*,*,*,*,*,*,*,*,*,*,*,*,*,*,*,*,*,*
2024-25,S,30,66670,3034998,Orange,Santa Ana Unified,Lorin Griset Academy,No,Yes,RP,*,*,*,*,*,*,*,*,*,*,*,*,*,*,*,*,*,*,*,*,*,*,*,*,*
2024-25,S,30,66670,3034998,Orange,Santa Ana Unified,Lorin Griset Academy,No,Yes,RT,*,*,*,*,*,*,*,*,*,*,*,*,*,*,*,*,*,*,*,*,*,*,*,*,*
2024-25,S,30,66670,3034998,Orange,Santa Ana Unified,Lorin Griset Academy,No,Yes,RW,*,*,*,*,*,*,*,*,*,*,*,*,*,*,*,*,*,*,*,*,*,*,*,*,*
2024-25,S,30,66670,3034998,Orange,Santa Ana Unified,Lorin Griset Academy,No,Yes,SD,35,26,74.3,0,0.0,0,0.0,0,0.0,17,65.4,0,0.0,0,0.0,0,0.0,0,0.0,1,2.9,8,22.9,0,0.0
2024-25,S,30,66670,3034998,Orange,Santa Ana Unified,Lorin Griset Academy,No,Yes,SE,99,63,63.6,0,0.0,1,1.6,0,0.0,40,63.5,0,0.0,0,0.0,0,0.0,0,0.0,1,1.0,35,35.4,0,0.0
2024-25,S,30,66670,3034998,Orange,Santa Ana Unified,Lorin Griset Academy,No,Yes,SF,*,*,*,*,*,*,*,*,*,*,*,*,*,*,*,*,*,*,*,*,*,*,*,*,*
2024-25,S,30,66670,3034998,Orange,Santa Ana Unified,Lorin Griset Academy,No,Yes,SH,154,94,61.0,0,0.0,1,1.1,0,0.0,83,88.3,0,0.0,0,0.0,0,0.0,0,0.0,1,0.6,59,38.3,0,0.0
2024-25,S,30,66670,3034998,Orange,Santa Ana Unified,Lorin Griset Academy,No,Yes,SM,*,*,*,*,*,*,*,*,*,*,*,*,*,*,*,*,*,*,*,*,*,*,*,*,*
2024-25,S,30,66670,3034998,Orange,Santa Ana Unified,Lorin Griset Academy,No,Yes,SS,220,146,66.4,3,2.1,3,2.1,0,0.0,93,63.7,0,0.0,0,0.0,0,0.0,0,0.0,1,0.5,73,33.2,0,0.0
2024-25,S,30,66670,3034998,Orange,Santa Ana Unified,Lorin Griset Academy,No,Yes,TA,223,149,66.8,3,2.0,3,2.0,0,0.0,94,63.1,0,0.0,0,0.0,0,0.0,0,0.0,1,0.4,73,32.7,0,0.0
2024-25,S,30,66670,3035821,Orange,Santa Ana Unified,Saddleback High,No,No,GF,159,157,98.7,78,49.7,66,42.0,66,42.0,1,0.6,0,0.0,0,0.0,1,0.6,0,0.0,1,0.6,0,0.0,0,0.0
2024-25,S,30,66670,3035821,Orange,Santa Ana Unified,Saddleback High,No,No,GM,171,165,96.5,68,41.2,35,21.2,53,32.1,0,0.0,0,0.0,0,0.0,6,3.5,0,0.0,0,0.0,0,0.0,0,0.0
2024-25,S,30,66670,3035821,Orange,Santa Ana Unified,Saddleback High,No,No,RA,*,*,*,*,*,*,*,*,*,*,*,*,*,*,*,*,*,*,*,*,*,*,*,*,*
2024-25,S,30,66670,3035821,Orange,Santa Ana Unified,Saddleback High,No,No,RB,*,*,*,*,*,*,*,*,*,*,*,*,*,*,*,*,*,*,*,*,*,*,*,*,*
2024-25,S,30,66670,3035821,Orange,Santa Ana Unified,Saddleback High,No,No,RD,*,*,*,*,*,*,*,*,*,*,*,*,*,*,*,*,*,*,*,*,*,*,*,*,*
2024-25,S,30,66670,3035821,Orange,Santa Ana Unified,Saddleback High,No,No,RF,*,*,*,*,*,*,*,*,*,*,*,*,*,*,*,*,*,*,*,*,*,*,*,*,*
2024-25,S,30,66670,3035821,Orange,Santa Ana Unified,Saddleback High,No,No,RH,319,312,97.8,141,45.2,100,32.1,112,35.9,1,0.3,0,0.0,0,0.0,6,1.9,0,0.0,1,0.3,0,0.0,0,0.0
2024-25,S,30,66670,3035821,Orange,Santa Ana Unified,Saddleback High,No,No,RI,*,*,*,*,*,*,*,*,*,*,*,*,*,*,*,*,*,*,*,*,*,*,*,*,*
2024-25,S,30,66670,3035821,Orange,Santa Ana Unified,Saddleback High,No,No,RP,*,*,*,*,*,*,*,*,*,*,*,*,*,*,*,*,*,*,*,*,*,*,*,*,*
2024-25,S,30,66670,3035821,Orange,Santa Ana Unified,Saddleback High,No,No,RT,*,*,*,*,*,*,*,*,*,*,*,*,*,*,*,*,*,*,*,*,*,*,*,*,*
2024-25,S,30,66670,3035821,Orange,Santa Ana Unified,Saddleback High,No,No,RW,*,*,*,*,*,*,*,*,*,*,*,*,*,*,*,*,*,*,*,*,*,*,*,*,*
2024-25,S,30,66670,3035821,Orange,Santa Ana Unified,Saddleback High,No,No,SD,70,63,90.0,15,23.8,5,7.9,29,46.0,0,0.0,0,0.0,0,0.0,7,10.0,0,0.0,0,0.0,0,0.0,0,0.0
2024-25,S,30,66670,3035821,Orange,Santa Ana Unified,Saddleback High,No,No,SE,108,106,98.1,39,36.8,16,15.1,25,23.6,1,0.9,0,0.0,0,0.0,1,0.9,0,0.0,1,0.9,0,0.0,0,0.0
2024-25,S,30,66670,3035821,Orange,Santa Ana Unified,Saddleback High,No,No,SF,*,*,*,*,*,*,*,*,*,*,*,*,*,*,*,*,*,*,*,*,*,*,*,*,*
2024-25,S,30,66670,3035821,Orange,Santa Ana Unified,Saddleback High,No,No,SH,92,91,98.9,45,49.5,33,36.3,36,39.6,1,1.1,0,0.0,0,0.0,0,0.0,0,0.0,1,1.1,0,0.0,0,0.0
2024-25,S,30,66670,3035821,Orange,Santa Ana Unified,Saddleback High,No,No,SS,313,306,97.8,138,45.1,97,31.7,114,37.3,1,0.3,0,0.0,0,0.0,6,1.9,0,0.0,1,0.3,0,0.0,0,0.0
2024-25,S,30,66670,3035821,Orange,Santa Ana Unified,Saddleback High,No,No,TA,330,322,97.6,146,45.3,101,31.4,119,37.0,1,0.3,0,0.0,0,0.0,7,2.1,0,0.0,1,0.3,0,0.0,0,0.0
2024-25,S,30,66670,3036357,Orange,Santa Ana Unified,Santa Ana High,No,No,GF,306,291,95.1,136,46.7,113,38.8,106,36.4,2,0.7,0,0.0,0,0.0,4,1.3,0,0.0,1,0.3,10,3.3,0,0.0
2024-25,S,30,66670,3036357,Orange,Santa Ana Unified,Santa Ana High,No,No,GM,317,294,92.7,116,39.5,86,29.3,99,33.7,5,1.7,0,0.0,0,0.0,6,1.9,0,0.0,2,0.6,15,4.7,0,0.0
2024-25,S,30,66670,3036357,Orange,Santa Ana Unified,Santa Ana High,No,No,GX,*,*,*,*,*,*,*,*,*,*,*,*,*,*,*,*,*,*,*,*,*,*,*,*,*
2024-25,S,30,66670,3036357,Orange,Santa Ana Unified,Santa Ana High,No,No,RA,*,*,*,*,*,*,*,*,*,*,*,*,*,*,*,*,*,*,*,*,*,*,*,*,*
2024-25,S,30,66670,3036357,Orange,Santa Ana Unified,Santa Ana High,No,No,RB,*,*,*,*,*,*,*,*,*,*,*,*,*,*,*,*,*,*,*,*,*,*,*,*,*
2024-25,S,30,66670,3036357,Orange,Santa Ana Unified,Santa Ana High,No,No,RD,*,*,*,*,*,*,*,*,*,*,*,*,*,*,*,*,*,*,*,*,*,*,*,*,*
2024-25,S,30,66670,3036357,Orange,Santa Ana Unified,Santa Ana High,No,No,RF,*,*,*,*,*,*,*,*,*,*,*,*,*,*,*,*,*,*,*,*,*,*,*,*,*
2024-25,S,30,66670,3036357,Orange,Santa Ana Unified,Santa Ana High,No,No,RH,620,581,93.7,249,42.9,198,34.1,204,35.1,7,1.2,0,0.0,0,0.0,11,1.8,0,0.0,3,0.5,25,4.0,0,0.0
2024-25,S,30,66670,3036357,Orange,Santa Ana Unified,Santa Ana High,No,No,RI,*,*,*,*,*,*,*,*,*,*,*,*,*,*,*,*,*,*,*,*,*,*,*,*,*
2024-25,S,30,66670,3036357,Orange,Santa Ana Unified,Santa Ana High,No,No,RP,*,*,*,*,*,*,*,*,*,*,*,*,*,*,*,*,*,*,*,*,*,*,*,*,*
2024-25,S,30,66670,3036357,Orange,Santa Ana Unified,Santa Ana High,No,No,RT,*,*,*,*,*,*,*,*,*,*,*,*,*,*,*,*,*,*,*,*,*,*,*,*,*
2024-25,S,30,66670,3036357,Orange,Santa Ana Unified,Santa Ana High,No,No,RW,*,*,*,*,*,*,*,*,*,*,*,*,*,*,*,*,*,*,*,*,*,*,*,*,*
2024-25,S,30,66670,3036357,Orange,Santa Ana Unified,Santa Ana High,No,No,SD,90,70,77.8,13,18.6,4,5.7,16,22.9,1,1.4,0,0.0,0,0.0,11,12.2,0,0.0,0,0.0,9,10.0,0,0.0
2024-25,S,30,66670,3036357,Orange,Santa Ana Unified,Santa Ana High,No,No,SE,234,203,86.8,62,30.5,29,14.3,48,23.6,4,2.0,0,0.0,0,0.0,8,3.4,0,0.0,3,1.3,20,8.5,0,0.0
2024-25,S,30,66670,3036357,Orange,Santa Ana Unified,Santa Ana High,No,No,SF,*,*,*,*,*,*,*,*,*,*,*,*,*,*,*,*,*,*,*,*,*,*,*,*,*
2024-25,S,30,66670,3036357,Orange,Santa Ana Unified,Santa Ana High,No,No,SH,75,65,86.7,27,41.5,18,27.7,27,41.5,4,6.2,0,0.0,0,0.0,1,1.3,0,0.0,0,0.0,9,12.0,0,0.0
2024-25,S,30,66670,3036357,Orange,Santa Ana Unified,Santa Ana High,No,No,SM,*,*,*,*,*,*,*,*,*,*,*,*,*,*,*,*,*,*,*,*,*,*,*,*,*
2024-25,S,30,66670,3036357,Orange,Santa Ana Unified,Santa Ana High,No,No,SS,593,555,93.6,236,42.5,189,34.1,192,34.6,7,1.3,0,0.0,0,0.0,11,1.9,0,0.0,3,0.5,24,4.0,0,0.0
2024-25,S,30,66670,3036357,Orange,Santa Ana Unified,Santa Ana High,No,No,TA,625,585,93.6,252,43.1,199,34.0,205,35.0,7,1.2,0,0.0,0,0.0,11,1.8,0,0.0,3,0.5,26,4.2,0,0.0
2024-25,S,30,66670,3036456,Orange,Santa Ana Unified,Valley High,No,No,GF,209,192,91.9,92,47.9,30,15.6,58,30.2,1,0.5,0,0.0,0,0.0,2,1.0,0,0.0,4,1.9,11,5.3,0,0.0
2024-25,S,30,66670,3036456,Orange,Santa Ana Unified,Valley High,No,No,GM,247,224,90.7,58,25.9,8,3.6,52,23.2,14,6.3,0,0.0,0,0.0,7,2.8,0,0.0,4,1.6,12,4.9,0,0.0
2024-25,S,30,66670,3036456,Orange,Santa Ana Unified,Valley High,No,No,RA,15,11,73.3,6,54.5,1,9.1,3,27.3,0,0.0,0,0.0,0,0.0,1,6.7,0,0.0,1,6.7,2,13.3,0,0.0
2024-25,S,30,66670,3036456,Orange,Santa Ana Unified,Valley High,No,No,RB,*,*,*,*,*,*,*,*,*,*,*,*,*,*,*,*,*,*,*,*,*,*,*,*,*
2024-25,S,30,66670,3036456,Orange,Santa Ana Unified,Valley High,No,No,RD,*,*,*,*,*,*,*,*,*,*,*,*,*,*,*,*,*,*,*,*,*,*,*,*,*
2024-25,S,30,66670,3036456,Orange,Santa Ana Unified,Valley High,No,No,RF,*,*,*,*,*,*,*,*,*,*,*,*,*,*,*,*,*,*,*,*,*,*,*,*,*
2024-25,S,30,66670,3036456,Orange,Santa Ana Unified,Valley High,No,No,RH,439,403,91.8,143,35.5,37,9.2,106,26.3,15,3.7,0,0.0,0,0.0,8,1.8,0,0.0,7,1.6,21,4.8,0,0.0
2024-25,S,30,66670,3036456,Orange,Santa Ana Unified,Valley High,No,No,RI,*,*,*,*,*,*,*,*,*,*,*,*,*,*,*,*,*,*,*,*,*,*,*,*,*
2024-25,S,30,66670,3036456,Orange,Santa Ana Unified,Valley High,No,No,RP,*,*,*,*,*,*,*,*,*,*,*,*,*,*,*,*,*,*,*,*,*,*,*,*,*
2024-25,S,30,66670,3036456,Orange,Santa Ana Unified,Valley High,No,No,RT,*,*,*,*,*,*,*,*,*,*,*,*,*,*,*,*,*,*,*,*,*,*,*,*,*
2024-25,S,30,66670,3036456,Orange,Santa Ana Unified,Valley High,No,No,RW,*,*,*,*,*,*,*,*,*,*,*,*,*,*,*,*,*,*,*,*,*,*,*,*,*
2024-25,S,30,66670,3036456,Orange,Santa Ana Unified,Valley High,No,No,SD,69,54,78.3,10,18.5,0,0.0,13,24.1,3,5.6,0,0.0,0,0.0,9,13.0,0,0.0,1,1.4,5,7.2,0,0.0
2024-25,S,30,66670,3036456,Orange,Santa Ana Unified,Valley High,No,No,SE,202,173,85.6,34,19.7,3,1.7,40,23.1,12,6.9,0,0.0,0,0.0,3,1.5,0,0.0,7,3.5,19,9.4,0,0.0
2024-25,S,30,66670,3036456,Orange,Santa Ana Unified,Valley High,No,No,SH,159,145,91.2,48,33.1,12,8.3,47,32.4,11,7.6,0,0.0,0,0.0,2,1.3,0,0.0,4,2.5,8,5.0,0,0.0
2024-25,S,30,66670,3036456,Orange,Santa Ana Unified,Valley High,No,No,SM,*,*,*,*,*,*,*,*,*,*,*,*,*,*,*,*,*,*,*,*,*,*,*,*,*
2024-25,S,30,66670,3036456,Orange,Santa Ana Unified,Valley High,No,No,SS,429,392,91.4,137,34.9,37,9.4,104,26.5,14,3.6,0,0.0,0,0.0,8,1.9,0,0.0,7,1.6,22,5.1,0,0.0
2024-25,S,30,66670,3036456,Orange,Santa Ana Unified,Valley High,No,No,TA,456,416,91.2,150,36.1,38,9.1,110,26.4,15,3.6,0,0.0,0,0.0,9,2.0,0,0.0,8,1.8,23,5.0,0,0.0
2024-25,S,30,66670,6115133,Orange,Santa Ana Unified,REACH Academy,No,Yes,GF,*,*,*,*,*,*,*,*,*,*,*,*,*,*,*,*,*,*,*,*,*,*,*,*,*
2024-25,S,30,66670,6115133,Orange,Santa Ana Unified,REACH Academy,No,Yes,GM,*,*,*,*,*,*,*,*,*,*,*,*,*,*,*,*,*,*,*,*,*,*,*,*,*
2024-25,S,30,66670,6115133,Orange,Santa Ana Unified,REACH Academy,No,Yes,RA,*,*,*,*,*,*,*,*,*,*,*,*,*,*,*,*,*,*,*,*,*,*,*,*,*
2024-25,S,30,66670,6115133,Orange,Santa Ana Unified,REACH Academy,No,Yes,RB,*,*,*,*,*,*,*,*,*,*,*,*,*,*,*,*,*,*,*,*,*,*,*,*,*
2024-25,S,30,66670,6115133,Orange,Santa Ana Unified,REACH Academy,No,Yes,RD,*,*,*,*,*,*,*,*,*,*,*,*,*,*,*,*,*,*,*,*,*,*,*,*,*
2024-25,S,30,66670,6115133,Orange,Santa Ana Unified,REACH Academy,No,Yes,RF,*,*,*,*,*,*,*,*,*,*,*,*,*,*,*,*,*,*,*,*,*,*,*,*,*
2024-25,S,30,66670,6115133,Orange,Santa Ana Unified,REACH Academy,No,Yes,RH,*,*,*,*,*,*,*,*,*,*,*,*,*,*,*,*,*,*,*,*,*,*,*,*,*
2024-25,S,30,66670,6115133,Orange,Santa Ana Unified,REACH Academy,No,Yes,RI,*,*,*,*,*,*,*,*,*,*,*,*,*,*,*,*,*,*,*,*,*,*,*,*,*
2024-25,S,30,66670,6115133,Orange,Santa Ana Unified,REACH Academy,No,Yes,RP,*,*,*,*,*,*,*,*,*,*,*,*,*,*,*,*,*,*,*,*,*,*,*,*,*
2024-25,S,30,66670,6115133,Orange,Santa Ana Unified,REACH Academy,No,Yes,RT,*,*,*,*,*,*,*,*,*,*,*,*,*,*,*,*,*,*,*,*,*,*,*,*,*
2024-25,S,30,66670,6115133,Orange,Santa Ana Unified,REACH Academy,No,Yes,RW,*,*,*,*,*,*,*,*,*,*,*,*,*,*,*,*,*,*,*,*,*,*,*,*,*
2024-25,S,30,66670,6115133,Orange,Santa Ana Unified,REACH Academy,No,Yes,SD,*,*,*,*,*,*,*,*,*,*,*,*,*,*,*,*,*,*,*,*,*,*,*,*,*
2024-25,S,30,66670,6115133,Orange,Santa Ana Unified,REACH Academy,No,Yes,SE,*,*,*,*,*,*,*,*,*,*,*,*,*,*,*,*,*,*,*,*,*,*,*,*,*
2024-25,S,30,66670,6115133,Orange,Santa Ana Unified,REACH Academy,No,Yes,SF,*,*,*,*,*,*,*,*,*,*,*,*,*,*,*,*,*,*,*,*,*,*,*,*,*
2024-25,S,30,66670,6115133,Orange,Santa Ana Unified,REACH Academy,No,Yes,SH,*,*,*,*,*,*,*,*,*,*,*,*,*,*,*,*,*,*,*,*,*,*,*,*,*
2024-25,S,30,66670,6115133,Orange,Santa Ana Unified,REACH Academy,No,Yes,SS,*,*,*,*,*,*,*,*,*,*,*,*,*,*,*,*,*,*,*,*,*,*,*,*,*
2024-25,S,30,66670,6115133,Orange,Santa Ana Unified,REACH Academy,No,Yes,TA,*,*,*,*,*,*,*,*,*,*,*,*,*,*,*,*,*,*,*,*,*,*,*,*,*
2024-25,S,30,73635,1,Orange,Saddleback Valley Unified,"Nonpublic, Nonsectarian Schools",No,No,GF,*,*,*,*,*,*,*,*,*,*,*,*,*,*,*,*,*,*,*,*,*,*,*,*,*
2024-25,S,30,73635,1,Orange,Saddleback Valley Unified,"Nonpublic, Nonsectarian Schools",No,No,GM,*,*,*,*,*,*,*,*,*,*,*,*,*,*,*,*,*,*,*,*,*,*,*,*,*
2024-25,S,30,73635,1,Orange,Saddleback Valley Unified,"Nonpublic, Nonsectarian Schools",No,No,RA,*,*,*,*,*,*,*,*,*,*,*,*,*,*,*,*,*,*,*,*,*,*,*,*,*
2024-25,S,30,73635,1,Orange,Saddleback Valley Unified,"Nonpublic, Nonsectarian Schools",No,No,RB,*,*,*,*,*,*,*,*,*,*,*,*,*,*,*,*,*,*,*,*,*,*,*,*,*
2024-25,S,30,73635,1,Orange,Saddleback Valley Unified,"Nonpublic, Nonsectarian Schools",No,No,RD,*,*,*,*,*,*,*,*,*,*,*,*,*,*,*,*,*,*,*,*,*,*,*,*,*
2024-25,S,30,73635,1,Orange,Saddleback Valley Unified,"Nonpublic, Nonsectarian Schools",No,No,RF,*,*,*,*,*,*,*,*,*,*,*,*,*,*,*,*,*,*,*,*,*,*,*,*,*
2024-25,S,30,73635,1,Orange,Saddleback Valley Unified,"Nonpublic, Nonsectarian Schools",No,No,RH,*,*,*,*,*,*,*,*,*,*,*,*,*,*,*,*,*,*,*,*,*,*,*,*,*
2024-25,S,30,73635,1,Orange,Saddleback Valley Unified,"Nonpublic, Nonsectarian Schools",No,No,RI,*,*,*,*,*,*,*,*,*,*,*,*,*,*,*,*,*,*,*,*,*,*,*,*,*
2024-25,S,30,73635,1,Orange,Saddleback Valley Unified,"Nonpublic, Nonsectarian Schools",No,No,RP,*,*,*,*,*,*,*,*,*,*,*,*,*,*,*,*,*,*,*,*,*,*,*,*,*
2024-25,S,30,73635,1,Orange,Saddleback Valley Unified,"Nonpublic, Nonsectarian Schools",No,No,RT,*,*,*,*,*,*,*,*,*,*,*,*,*,*,*,*,*,*,*,*,*,*,*,*,*
2024-25,S,30,73635,1,Orange,Saddleback Valley Unified,"Nonpublic, Nonsectarian Schools",No,No,RW,*,*,*,*,*,*,*,*,*,*,*,*,*,*,*,*,*,*,*,*,*,*,*,*,*
2024-25,S,30,73635,1,Orange,Saddleback Valley Unified,"Nonpublic, Nonsectarian Schools",No,No,SD,*,*,*,*,*,*,*,*,*,*,*,*,*,*,*,*,*,*,*,*,*,*,*,*,*
2024-25,S,30,73635,1,Orange,Saddleback Valley Unified,"Nonpublic, Nonsectarian Schools",No,No,SS,*,*,*,*,*,*,*,*,*,*,*,*,*,*,*,*,*,*,*,*,*,*,*,*,*
2024-25,S,30,73635,1,Orange,Saddleback Valley Unified,"Nonpublic, Nonsectarian Schools",No,No,TA,*,*,*,*,*,*,*,*,*,*,*,*,*,*,*,*,*,*,*,*,*,*,*,*,*
2024-25,S,30,73635,3030061,Orange,Saddleback Valley Unified,El Toro High,No,No,GF,222,216,97.3,120,55.6,28,13.0,107,49.5,6,2.8,0,0.0,0,0.0,4,1.8,0,0.0,0,0.0,2,0.9,0,0.0
2024-25,S,30,73635,3030061,Orange,Saddleback Valley Unified,El Toro High,No,No,GM,251,232,92.4,115,49.6,30,12.9,97,41.8,11,4.7,1,0.4,0,0.0,4,1.6,4,1.6,0,0.0,10,4.0,0,0.0
2024-25,S,30,73635,3030061,Orange,Saddleback Valley Unified,El Toro High,No,No,GX,*,*,*,*,*,*,*,*,*,*,*,*,*,*,*,*,*,*,*,*,*,*,*,*,*
2024-25,S,30,73635,3030061,Orange,Saddleback Valley Unified,El Toro High,No,No,RA,41,38,92.7,28,73.7,5,13.2,24,63.2,0,0.0,1,2.4,0,0.0,2,4.9,0,0.0,0,0.0,0,0.0,0,0.0
2024-25,S,30,73635,3030061,Orange,Saddleback Valley Unified,El Toro High,No,No,RB,*,*,*,*,*,*,*,*,*,*,*,*,*,*,*,*,*,*,*,*,*,*,*,*,*
2024-25,S,30,73635,3030061,Orange,Saddleback Valley Unified,El Toro High,No,No,RD,*,*,*,*,*,*,*,*,*,*,*,*,*,*,*,*,*,*,*,*,*,*,*,*,*
2024-25,S,30,73635,3030061,Orange,Saddleback Valley Unified,El Toro High,No,No,RF,24,23,95.8,13,56.5,6,26.1,13,56.5,2,8.7,0,0.0,0,0.0,1,4.2,0,0.0,0,0.0,0,0.0,0,0.0
2024-25,S,30,73635,3030061,Orange,Saddleback Valley Unified,El Toro High,No,No,RH,207,189,91.3,60,31.7,22,11.6,43,22.8,14,7.4,0,0.0,0,0.0,5,2.4,2,1.0,0,0.0,11,5.3,0,0.0
2024-25,S,30,73635,3030061,Orange,Saddleback Valley Unified,El Toro High,No,No,RI,*,*,*,*,*,*,*,*,*,*,*,*,*,*,*,*,*,*,*,*,*,*,*,*,*
2024-25,S,30,73635,3030061,Orange,Saddleback Valley Unified,El Toro High,No,No,RP,*,*,*,*,*,*,*,*,*,*,*,*,*,*,*,*,*,*,*,*,*,*,*,*,*
2024-25,S,30,73635,3030061,Orange,Saddleback Valley Unified,El Toro High,No,No,RT,27,27,100.0,19,70.4,6,22.2,16,59.3,0,0.0,0,0.0,0,0.0,0,0.0,0,0.0,0,0.0,0,0.0,0,0.0
2024-25,S,30,73635,3030061,Orange,Saddleback Valley Unified,El Toro High,No,No,RW,164,161,98.2,110,68.3,17,10.6,104,64.6,1,0.6,0,0.0,0,0.0,0,0.0,2,1.2,0,0.0,1,0.6,0,0.0
2024-25,S,30,73635,3030061,Orange,Saddleback Valley Unified,El Toro High,No,No,SD,61,50,82.0,6,12.0,0,0.0,9,18.0,1,2.0,0,0.0,0,0.0,8,13.1,2,3.3,0,0.0,1,1.6,0,0.0
2024-25,S,30,73635,3030061,Orange,Saddleback Valley Unified,El Toro High,No,No,SE,115,99,86.1,13,13.1,3,3.0,19,19.2,12,12.1,0,0.0,0,0.0,3,2.6,2,1.7,0,0.0,11,9.6,0,0.0
2024-25,S,30,73635,3030061,Orange,Saddleback Valley Unified,El Toro High,No,No,SF,*,*,*,*,*,*,*,*,*,*,*,*,*,*,*,*,*,*,*,*,*,*,*,*,*
2024-25,S,30,73635,3030061,Orange,Saddleback Valley Unified,El Toro High,No,No,SH,69,56,81.2,9,16.1,3,5.4,8,14.3,12,21.4,0,0.0,0,0.0,3,4.3,1,1.4,0,0.0,9,13.0,0,0.0
2024-25,S,30,73635,3030061,Orange,Saddleback Valley Unified,El Toro High,No,No,SS,280,258,92.1,92,35.7,21,8.1,76,29.5,16,6.2,0,0.0,0,0.0,7,2.5,3,1.1,0,0.0,12,4.3,0,0.0
2024-25,S,30,73635,3030061,Orange,Saddleback Valley Unified,El Toro High,No,No,TA,475,450,94.7,236,52.4,58,12.9,204,45.3,17,3.8,1,0.2,0,0.0,8,1.7,4,0.8,0,0.0,12,2.5,0,0.0
2024-25,S,30,73635,3030079,Orange,Saddleback Valley Unified,Silverado High,No,Yes,GF,43,38,88.4,1,2.6,0,0.0,0,0.0,17,44.7,0,0.0,0,0.0,0,0.0,0,0.0,0,0.0,5,11.6,0,0.0
2024-25,S,30,73635,3030079,Orange,Saddleback Valley Unified,Silverado High,No,Yes,GM,72,58,80.6,0,0.0,0,0.0,0,0.0,33,56.9,0,0.0,1,1.4,0,0.0,0,0.0,0,0.0,13,18.1,0,0.0
2024-25,S,30,73635,3030079,Orange,Saddleback Valley Unified,Silverado High,No,Yes,RA,*,*,*,*,*,*,*,*,*,*,*,*,*,*,*,*,*,*,*,*,*,*,*,*,*
2024-25,S,30,73635,3030079,Orange,Saddleback Valley Unified,Silverado High,No,Yes,RB,*,*,*,*,*,*,*,*,*,*,*,*,*,*,*,*,*,*,*,*,*,*,*,*,*
2024-25,S,30,73635,3030079,Orange,Saddleback Valley Unified,Silverado High,No,Yes,RD,*,*,*,*,*,*,*,*,*,*,*,*,*,*,*,*,*,*,*,*,*,*,*,*,*
2024-25,S,30,73635,3030079,Orange,Saddleback Valley Unified,Silverado High,No,Yes,RF,*,*,*,*,*,*,*,*,*,*,*,*,*,*,*,*,*,*,*,*,*,*,*,*,*
2024-25,S,30,73635,3030079,Orange,Saddleback Valley Unified,Silverado High,No,Yes,RH,81,68,84.0,0,0.0,0,0.0,0,0.0,37,54.4,0,0.0,0,0.0,0,0.0,0,0.0,0,0.0,13,16.0,0,0.0
2024-25,S,30,73635,3030079,Orange,Saddleback Valley Unified,Silverado High,No,Yes,RI,*,*,*,*,*,*,*,*,*,*,*,*,*,*,*,*,*,*,*,*,*,*,*,*,*
2024-25,S,30,73635,3030079,Orange,Saddleback Valley Unified,Silverado High,No,Yes,RP,*,*,*,*,*,*,*,*,*,*,*,*,*,*,*,*,*,*,*,*,*,*,*,*,*
2024-25,S,30,73635,3030079,Orange,Saddleback Valley Unified,Silverado High,No,Yes,RT,*,*,*,*,*,*,*,*,*,*,*,*,*,*,*,*,*,*,*,*,*,*,*,*,*
2024-25,S,30,73635,3030079,Orange,Saddleback Valley Unified,Silverado High,No,Yes,RW,26,21,80.8,1,4.8,0,0.0,0,0.0,10,47.6,0,0.0,1,3.8,0,0.0,0,0.0,0,0.0,4,15.4,0,0.0
2024-25,S,30,73635,3030079,Orange,Saddleback Valley Unified,Silverado High,No,Yes,SD,20,17,85.0,0,0.0,0,0.0,0,0.0,10,58.8,0,0.0,0,0.0,0,0.0,0,0.0,0,0.0,3,15.0,0,0.0
2024-25,S,30,73635,3030079,Orange,Saddleback Valley Unified,Silverado High,No,Yes,SE,57,45,78.9,0,0.0,0,0.0,0,0.0,27,60.0,0,0.0,0,0.0,0,0.0,0,0.0,0,0.0,12,21.1,0,0.0
2024-25,S,30,73635,3030079,Orange,Saddleback Valley Unified,Silverado High,No,Yes,SF,*,*,*,*,*,*,*,*,*,*,*,*,*,*,*,*,*,*,*,*,*,*,*,*,*
2024-25,S,30,73635,3030079,Orange,Saddleback Valley Unified,Silverado High,No,Yes,SH,74,60,81.1,1,1.7,0,0.0,0,0.0,44,73.3,0,0.0,0,0.0,0,0.0,0,0.0,0,0.0,14,18.9,0,0.0
2024-25,S,30,73635,3030079,Orange,Saddleback Valley Unified,Silverado High,No,Yes,SS,103,86,83.5,1,1.2,0,0.0,0,0.0,49,57.0,0,0.0,1,1.0,0,0.0,0,0.0,0,0.0,16,15.5,0,0.0
2024-25,S,30,73635,3030079,Orange,Saddleback Valley Unified,Silverado High,No,Yes,TA,115,96,83.5,1,1.0,0,0.0,0,0.0,50,52.1,0,0.0,1,0.9,0,0.0,0,0.0,0,0.0,18,15.7,0,0.0
2024-25,S,30,73635,3030244,Orange,Saddleback Valley Unified,Laguna Hills High,No,No,GF,139,135,97.1,84,62.2,51,37.8,59,43.7,7,5.2,2,1.4,0,0.0,0,0.0,1,0.7,0,0.0,1,0.7,0,0.0
2024-25,S,30,73635,3030244,Orange,Saddleback Valley Unified,Laguna Hills High,No,No,GM,185,181,97.8,100,55.2,48,26.5,79,43.6,6,3.3,0,0.0,0,0.0,0,0.0,1,0.5,0,0.0,2,1.1,1,0.5
2024-25,S,30,73635,3030244,Orange,Saddleback Valley Unified,Laguna Hills High,No,No,GX,*,*,*,*,*,*,*,*,*,*,*,*,*,*,*,*,*,*,*,*,*,*,*,*,*
2024-25,S,30,73635,3030244,Orange,Saddleback Valley Unified,Laguna Hills High,No,No,RA,26,24,92.3,22,91.7,12,50.0,16,66.7,0,0.0,1,3.8,0,0.0,0,0.0,1,3.8,0,0.0,0,0.0,0,0.0
2024-25,S,30,73635,3030244,Orange,Saddleback Valley Unified,Laguna Hills High,No,No,RB,*,*,*,*,*,*,*,*,*,*,*,*,*,*,*,*,*,*,*,*,*,*,*,*,*
2024-25,S,30,73635,3030244,Orange,Saddleback Valley Unified,Laguna Hills High,No,No,RD,*,*,*,*,*,*,*,*,*,*,*,*,*,*,*,*,*,*,*,*,*,*,*,*,*
2024-25,S,30,73635,3030244,Orange,Saddleback Valley Unified,Laguna Hills High,No,No,RF,*,*,*,*,*,*,*,*,*,*,*,*,*,*,*,*,*,*,*,*,*,*,*,*,*
2024-25,S,30,73635,3030244,Orange,Saddleback Valley Unified,Laguna Hills High,No,No,RH,181,178,98.3,77,43.3,54,30.3,52,29.2,11,6.2,0,0.0,0,0.0,0,0.0,0,0.0,0,0.0,2,1.1,1,0.6
2024-25,S,30,73635,3030244,Orange,Saddleback Valley Unified,Laguna Hills High,No,No,RI,*,*,*,*,*,*,*,*,*,*,*,*,*,*,*,*,*,*,*,*,*,*,*,*,*
2024-25,S,30,73635,3030244,Orange,Saddleback Valley Unified,Laguna Hills High,No,No,RP,*,*,*,*,*,*,*,*,*,*,*,*,*,*,*,*,*,*,*,*,*,*,*,*,*
2024-25,S,30,73635,3030244,Orange,Saddleback Valley Unified,Laguna Hills High,No,No,RT,17,16,94.1,10,62.5,6,37.5,8,50.0,1,6.3,0,0.0,0,0.0,0,0.0,0,0.0,0,0.0,1,5.9,0,0.0
2024-25,S,30,73635,3030244,Orange,Saddleback Valley Unified,Laguna Hills High,No,No,RW,92,89,96.7,70,78.7,26,29.2,58,65.2,0,0.0,1,1.1,0,0.0,0,0.0,1,1.1,0,0.0,1,1.1,0,0.0
2024-25,S,30,73635,3030244,Orange,Saddleback Valley Unified,Laguna Hills High,No,No,SD,49,47,95.9,6,12.8,1,2.1,6,12.8,4,8.5,0,0.0,0,0.0,0,0.0,0,0.0,0,0.0,2,4.1,0,0.0
2024-25,S,30,73635,3030244,Orange,Saddleback Valley Unified,Laguna Hills High,No,No,SE,95,93,97.9,26,28.0,17,18.3,13,14.0,10,10.8,0,0.0,0,0.0,0,0.0,0,0.0,0,0.0,1,1.1,1,1.1
2024-25,S,30,73635,3030244,Orange,Saddleback Valley Unified,Laguna Hills High,No,No,SH,61,60,98.4,15,25.0,7,11.7,8,13.3,8,13.3,0,0.0,0,0.0,0,0.0,0,0.0,0,0.0,1,1.6,0,0.0
2024-25,S,30,73635,3030244,Orange,Saddleback Valley Unified,Laguna Hills High,No,No,SM,*,*,*,*,*,*,*,*,*,*,*,*,*,*,*,*,*,*,*,*,*,*,*,*,*
2024-25,S,30,73635,3030244,Orange,Saddleback Valley Unified,Laguna Hills High,No,No,SS,217,211,97.2,93,44.1,51,24.2,65,30.8,12,5.7,1,0.5,0,0.0,0,0.0,0,0.0,0,0.0,4,1.8,1,0.5
2024-25,S,30,73635,3030244,Orange,Saddleback Valley Unified,Laguna Hills High,No,No,TA,328,319,97.3,186,58.3,100,31.3,141,44.2,13,4.1,2,0.6,0,0.0,0,0.0,2,0.6,0,0.0,4,1.2,1,0.3
2024-25,S,30,73635,3030392,Orange,Saddleback Valley Unified,Trabuco Hills High,No,No,GF,274,271,98.9,164,60.5,62,22.9,127,46.9,5,1.8,0,0.0,0,0.0,0,0.0,0,0.0,1,0.4,1,0.4,1,0.4
2024-25,S,30,73635,3030392,Orange,Saddleback Valley Unified,Trabuco Hills High,No,No,GM,320,312,97.5,172,55.1,48,15.4,142,45.5,8,2.6,3,0.9,0,0.0,1,0.3,0,0.0,0,0.0,4,1.3,0,0.0
2024-25,S,30,73635,3030392,Orange,Saddleback Valley Unified,Trabuco Hills High,No,No,GX,*,*,*,*,*,*,*,*,*,*,*,*,*,*,*,*,*,*,*,*,*,*,*,*,*
2024-25,S,30,73635,3030392,Orange,Saddleback Valley Unified,Trabuco Hills High,No,No,RA,76,75,98.7,65,86.7,32,42.7,64,85.3,0,0.0,1,1.3,0,0.0,0,0.0,0,0.0,0,0.0,0,0.0,0,0.0
2024-25,S,30,73635,3030392,Orange,Saddleback Valley Unified,Trabuco Hills High,No,No,RB,*,*,*,*,*,*,*,*,*,*,*,*,*,*,*,*,*,*,*,*,*,*,*,*,*
2024-25,S,30,73635,3030392,Orange,Saddleback Valley Unified,Trabuco Hills High,No,No,RD,*,*,*,*,*,*,*,*,*,*,*,*,*,*,*,*,*,*,*,*,*,*,*,*,*
2024-25,S,30,73635,3030392,Orange,Saddleback Valley Unified,Trabuco Hills High,No,No,RF,29,29,100.0,17,58.6,2,6.9,18,62.1,0,0.0,0,0.0,0,0.0,0,0.0,0,0.0,0,0.0,0,0.0,0,0.0
2024-25,S,30,73635,3030392,Orange,Saddleback Valley Unified,Trabuco Hills High,No,No,RH,167,160,95.8,65,40.6,29,18.1,38,23.8,11,6.9,1,0.6,0,0.0,0,0.0,0,0.0,1,0.6,4,2.4,1,0.6
2024-25,S,30,73635,3030392,Orange,Saddleback Valley Unified,Trabuco Hills High,No,No,RI,*,*,*,*,*,*,*,*,*,*,*,*,*,*,*,*,*,*,*,*,*,*,*,*,*
2024-25,S,30,73635,3030392,Orange,Saddleback Valley Unified,Trabuco Hills High,No,No,RP,*,*,*,*,*,*,*,*,*,*,*,*,*,*,*,*,*,*,*,*,*,*,*,*,*
2024-25,S,30,73635,3030392,Orange,Saddleback Valley Unified,Trabuco Hills High,No,No,RT,39,39,100.0,23,59.0,3,7.7,19,48.7,0,0.0,0,0.0,0,0.0,0,0.0,0,0.0,0,0.0,0,0.0,0,0.0
2024-25,S,30,73635,3030392,Orange,Saddleback Valley Unified,Trabuco Hills High,No,No,RW,270,267,98.9,161,60.3,43,16.1,127,47.6,2,0.7,1,0.4,0,0.0,1,0.4,0,0.0,0,0.0,1,0.4,0,0.0
2024-25,S,30,73635,3030392,Orange,Saddleback Valley Unified,Trabuco Hills High,No,No,SD,68,63,92.6,5,7.9,1,1.6,10,15.9,5,7.9,0,0.0,0,0.0,1,1.5,0,0.0,0,0.0,4,5.9,0,0.0
2024-25,S,30,73635,3030392,Orange,Saddleback Valley Unified,Trabuco Hills High,No,No,SE,73,68,93.2,17,25.0,6,8.8,9,13.2,7,10.3,0,0.0,0,0.0,0,0.0,0,0.0,1,1.4,3,4.1,1,1.4
2024-25,S,30,73635,3030392,Orange,Saddleback Valley Unified,Trabuco Hills High,No,No,SF,*,*,*,*,*,*,*,*,*,*,*,*,*,*,*,*,*,*,*,*,*,*,*,*,*
2024-25,S,30,73635,3030392,Orange,Saddleback Valley Unified,Trabuco Hills High,No,No,SH,35,32,91.4,7,21.9,3,9.4,3,9.4,10,31.3,0,0.0,0,0.0,0,0.0,0,0.0,1,2.9,2,5.7,0,0.0
2024-25,S,30,73635,3030392,Orange,Saddleback Valley Unified,Trabuco Hills High,No,No,SS,294,287,97.6,132,46.0,44,15.3,103,35.9,12,4.2,0,0.0,0,0.0,0,0.0,0,0.0,1,0.3,5,1.7,1,0.3
2024-25,S,30,73635,3030392,Orange,Saddleback Valley Unified,Trabuco Hills High,No,No,TA,596,585,98.2,338,57.8,110,18.8,271,46.3,13,2.2,3,0.5,0,0.0,1,0.2,0,0.0,1,0.2,5,0.8,1,0.2
2024-25,S,30,73635,3030509,Orange,Saddleback Valley Unified,SVUSD Virtual Academy (Alternative),No,No,GF,24,18,75.0,4,22.2,1,5.6,4,22.2,0,0.0,2,8.3,0,0.0,0,0.0,1,4.2,0,0.0,3,12.5,0,0.0
2024-25,S,30,73635,3030509,Orange,Saddleback Valley Unified,SVUSD Virtual Academy (Alternative),No,No,GM,*,*,*,*,*,*,*,*,*,*,*,*,*,*,*,*,*,*,*,*,*,*,*,*,*
2024-25,S,30,73635,3030509,Orange,Saddleback Valley Unified,SVUSD Virtual Academy (Alternative),No,No,RA,*,*,*,*,*,*,*,*,*,*,*,*,*,*,*,*,*,*,*,*,*,*,*,*,*
2024-25,S,30,73635,3030509,Orange,Saddleback Valley Unified,SVUSD Virtual Academy (Alternative),No,No,RB,*,*,*,*,*,*,*,*,*,*,*,*,*,*,*,*,*,*,*,*,*,*,*,*,*
2024-25,S,30,73635,3030509,Orange,Saddleback Valley Unified,SVUSD Virtual Academy (Alternative),No,No,RD,*,*,*,*,*,*,*,*,*,*,*,*,*,*,*,*,*,*,*,*,*,*,*,*,*
2024-25,S,30,73635,3030509,Orange,Saddleback Valley Unified,SVUSD Virtual Academy (Alternative),No,No,RF,*,*,*,*,*,*,*,*,*,*,*,*,*,*,*,*,*,*,*,*,*,*,*,*,*
2024-25,S,30,73635,3030509,Orange,Saddleback Valley Unified,SVUSD Virtual Academy (Alternative),No,No,RH,*,*,*,*,*,*,*,*,*,*,*,*,*,*,*,*,*,*,*,*,*,*,*,*,*
2024-25,S,30,73635,3030509,Orange,Saddleback Valley Unified,SVUSD Virtual Academy (Alternative),No,No,RI,*,*,*,*,*,*,*,*,*,*,*,*,*,*,*,*,*,*,*,*,*,*,*,*,*
2024-25,S,30,73635,3030509,Orange,Saddleback Valley Unified,SVUSD Virtual Academy (Alternative),No,No,RP,*,*,*,*,*,*,*,*,*,*,*,*,*,*,*,*,*,*,*,*,*,*,*,*,*
2024-25,S,30,73635,3030509,Orange,Saddleback Valley Unified,SVUSD Virtual Academy (Alternative),No,No,RT,*,*,*,*,*,*,*,*,*,*,*,*,*,*,*,*,*,*,*,*,*,*,*,*,*
2024-25,S,30,73635,3030509,Orange,Saddleback Valley Unified,SVUSD Virtual Academy (Alternative),No,No,RW,21,18,85.7,7,38.9,2,11.1,8,44.4,0,0.0,1,4.8,0,0.0,0,0.0,0,0.0,0,0.0,2,9.5,0,0.0
2024-25,S,30,73635,3030509,Orange,Saddleback Valley Unified,SVUSD Virtual Academy (Alternative),No,No,SD,*,*,*,*,*,*,*,*,*,*,*,*,*,*,*,*,*,*,*,*,*,*,*,*,*
2024-25,S,30,73635,3030509,Orange,Saddleback Valley Unified,SVUSD Virtual Academy (Alternative),No,No,SE,*,*,*,*,*,*,*,*,*,*,*,*,*,*,*,*,*,*,*,*,*,*,*,*,*
2024-25,S,30,73635,3030509,Orange,Saddleback Valley Unified,SVUSD Virtual Academy (Alternative),No,No,SH,*,*,*,*,*,*,*,*,*,*,*,*,*,*,*,*,*,*,*,*,*,*,*,*,*
2024-25,S,30,73635,3030509,Orange,Saddleback Valley Unified,SVUSD Virtual Academy (Alternative),No,No,SS,24,19,79.2,7,36.8,1,5.3,6,31.6,0,0.0,2,8.3,0,0.0,0,0.0,2,8.3,0,0.0,1,4.2,0,0.0
2024-25,S,30,73635,3030509,Orange,Saddleback Valley Unified,SVUSD Virtual Academy (Alternative),No,No,TA,34,27,79.4,9,33.3,2,7.4,9,33.3,0,0.0,2,5.9,0,0.0,0,0.0,2,5.9,0,0.0,3,8.8,0,0.0
2024-25,S,30,73635,3034956,Orange,Saddleback Valley Unified,Mission Viejo High,No,No,GF,178,175,98.3,108,61.7,59,33.7,87,49.7,0,0.0,0,0.0,0,0.0,1,0.6,0,0.0,1,0.6,1,0.6,0,0.0
2024-25,S,30,73635,3034956,Orange,Saddleback Valley Unified,Mission Viejo High,No,No,GM,211,202,95.7,120,59.4,43,21.3,97,48.0,3,1.5,0,0.0,0,0.0,5,2.4,0,0.0,3,1.4,1,0.5,0,0.0
2024-25,S,30,73635,3034956,Orange,Saddleback Valley Unified,Mission Viejo High,No,No,RA,24,24,100.0,19,79.2,12,50.0,16,66.7,0,0.0,0,0.0,0,0.0,0,0.0,0,0.0,0,0.0,0,0.0,0,0.0
2024-25,S,30,73635,3034956,Orange,Saddleback Valley Unified,Mission Viejo High,No,No,RB,*,*,*,*,*,*,*,*,*,*,*,*,*,*,*,*,*,*,*,*,*,*,*,*,*
2024-25,S,30,73635,3034956,Orange,Saddleback Valley Unified,Mission Viejo High,No,No,RD,*,*,*,*,*,*,*,*,*,*,*,*,*,*,*,*,*,*,*,*,*,*,*,*,*
2024-25,S,30,73635,3034956,Orange,Saddleback Valley Unified,Mission Viejo High,No,No,RF,*,*,*,*,*,*,*,*,*,*,*,*,*,*,*,*,*,*,*,*,*,*,*,*,*
2024-25,S,30,73635,3034956,Orange,Saddleback Valley Unified,Mission Viejo High,No,No,RH,135,127,94.1,55,43.3,22,17.3,43,33.9,2,1.6,0,0.0,0,0.0,2,1.5,0,0.0,4,3.0,2,1.5,0,0.0
2024-25,S,30,73635,3034956,Orange,Saddleback Valley Unified,Mission Viejo High,No,No,RI,*,*,*,*,*,*,*,*,*,*,*,*,*,*,*,*,*,*,*,*,*,*,*,*,*
2024-25,S,30,73635,3034956,Orange,Saddleback Valley Unified,Mission Viejo High,No,No,RP,*,*,*,*,*,*,*,*,*,*,*,*,*,*,*,*,*,*,*,*,*,*,*,*,*
2024-25,S,30,73635,3034956,Orange,Saddleback Valley Unified,Mission Viejo High,No,No,RT,32,32,100.0,25,78.1,10,31.3,19,59.4,0,0.0,0,0.0,0,0.0,0,0.0,0,0.0,0,0.0,0,0.0,0,0.0
2024-25,S,30,73635,3034956,Orange,Saddleback Valley Unified,Mission Viejo High,No,No,RW,183,179,97.8,122,68.2,56,31.3,102,57.0,1,0.6,0,0.0,0,0.0,4,2.2,0,0.0,0,0.0,0,0.0,0,0.0
2024-25,S,30,73635,3034956,Orange,Saddleback Valley Unified,Mission Viejo High,No,No,SD,39,33,84.6,7,21.2,1,3.0,3,9.1,1,3.0,0,0.0,0,0.0,6,15.4,0,0.0,0,0.0,0,0.0,0,0.0
2024-25,S,30,73635,3034956,Orange,Saddleback Valley Unified,Mission Viejo High,No,No,SE,50,45,90.0,9,20.0,3,6.7,8,17.8,2,4.4,0,0.0,0,0.0,0,0.0,0,0.0,4,8.0,1,2.0,0,0.0
2024-25,S,30,73635,3034956,Orange,Saddleback Valley Unified,Mission Viejo High,No,No,SF,*,*,*,*,*,*,*,*,*,*,*,*,*,*,*,*,*,*,*,*,*,*,*,*,*
2024-25,S,30,73635,3034956,Orange,Saddleback Valley Unified,Mission Viejo High,No,No,SH,35,32,91.4,10,31.3,6,18.8,9,28.1,3,9.4,0,0.0,0,0.0,0,0.0,0,0.0,2,5.7,1,2.9,0,0.0
2024-25,S,30,73635,3034956,Orange,Saddleback Valley Unified,Mission Viejo High,No,No,SS,200,191,95.5,88,46.1,37,19.4,65,34.0,3,1.6,0,0.0,0,0.0,4,2.0,0,0.0,4,2.0,1,0.5,0,0.0
2024-25,S,30,73635,3034956,Orange,Saddleback Valley Unified,Mission Viejo High,No,No,TA,389,377,96.9,228,60.5,102,27.1,184,48.8,3,0.8,0,0.0,0,0.0,6,1.5,0,0.0,4,1.0,2,0.5,0,0.0
2024-25,S,30,73635,6089510,Orange,Saddleback Valley Unified,Esperanza Education Center,No,No,GF,*,*,*,*,*,*,*,*,*,*,*,*,*,*,*,*,*,*,*,*,*,*,*,*,*
2024-25,S,30,73635,6089510,Orange,Saddleback Valley Unified,Esperanza Education Center,No,No,RA,*,*,*,*,*,*,*,*,*,*,*,*,*,*,*,*,*,*,*,*,*,*,*,*,*
2024-25,S,30,73635,6089510,Orange,Saddleback Valley Unified,Esperanza Education Center,No,No,RB,*,*,*,*,*,*,*,*,*,*,*,*,*,*,*,*,*,*,*,*,*,*,*,*,*
2024-25,S,30,73635,6089510,Orange,Saddleback Valley Unified,Esperanza Education Center,No,No,RD,*,*,*,*,*,*,*,*,*,*,*,*,*,*,*,*,*,*,*,*,*,*,*,*,*
2024-25,S,30,73635,6089510,Orange,Saddleback Valley Unified,Esperanza Education Center,No,No,RF,*,*,*,*,*,*,*,*,*,*,*,*,*,*,*,*,*,*,*,*,*,*,*,*,*
2024-25,S,30,73635,6089510,Orange,Saddleback Valley Unified,Esperanza Education Center,No,No,RH,*,*,*,*,*,*,*,*,*,*,*,*,*,*,*,*,*,*,*,*,*,*,*,*,*
2024-25,S,30,73635,6089510,Orange,Saddleback Valley Unified,Esperanza Education Center,No,No,RI,*,*,*,*,*,*,*,*,*,*,*,*,*,*,*,*,*,*,*,*,*,*,*,*,*
2024-25,S,30,73635,6089510,Orange,Saddleback Valley Unified,Esperanza Education Center,No,No,RP,*,*,*,*,*,*,*,*,*,*,*,*,*,*,*,*,*,*,*,*,*,*,*,*,*
2024-25,S,30,73635,6089510,Orange,Saddleback Valley Unified,Esperanza Education Center,No,No,RT,*,*,*,*,*,*,*,*,*,*,*,*,*,*,*,*,*,*,*,*,*,*,*,*,*
2024-25,S,30,73635,6089510,Orange,Saddleback Valley Unified,Esperanza Education Center,No,No,RW,*,*,*,*,*,*,*,*,*,*,*,*,*,*,*,*,*,*,*,*,*,*,*,*,*
2024-25,S,30,73635,6089510,Orange,Saddleback Valley Unified,Esperanza Education Center,No,No,SD,*,*,*,*,*,*,*,*,*,*,*,*,*,*,*,*,*,*,*,*,*,*,*,*,*
2024-25,S,30,73635,6089510,Orange,Saddleback Valley Unified,Esperanza Education Center,No,No,TA,*,*,*,*,*,*,*,*,*,*,*,*,*,*,*,*,*,*,*,*,*,*,*,*,*
2024-25,S,30,73643,0,Orange,Tustin Unified,District Office,No,No,GM,*,*,*,*,*,*,*,*,*,*,*,*,*,*,*,*,*,*,*,*,*,*,*,*,*
2024-25,S,30,73643,0,Orange,Tustin Unified,District Office,No,No,RA,*,*,*,*,*,*,*,*,*,*,*,*,*,*,*,*,*,*,*,*,*,*,*,*,*
2024-25,S,30,73643,0,Orange,Tustin Unified,District Office,No,No,RB,*,*,*,*,*,*,*,*,*,*,*,*,*,*,*,*,*,*,*,*,*,*,*,*,*
2024-25,S,30,73643,0,Orange,Tustin Unified,District Office,No,No,RD,*,*,*,*,*,*,*,*,*,*,*,*,*,*,*,*,*,*,*,*,*,*,*,*,*
2024-25,S,30,73643,0,Orange,Tustin Unified,District Office,No,No,RF,*,*,*,*,*,*,*,*,*,*,*,*,*,*,*,*,*,*,*,*,*,*,*,*,*
2024-25,S,30,73643,0,Orange,Tustin Unified,District Office,No,No,RH,*,*,*,*,*,*,*,*,*,*,*,*,*,*,*,*,*,*,*,*,*,*,*,*,*
2024-25,S,30,73643,0,Orange,Tustin Unified,District Office,No,No,RI,*,*,*,*,*,*,*,*,*,*,*,*,*,*,*,*,*,*,*,*,*,*,*,*,*
2024-25,S,30,73643,0,Orange,Tustin Unified,District Office,No,No,RP,*,*,*,*,*,*,*,*,*,*,*,*,*,*,*,*,*,*,*,*,*,*,*,*,*
2024-25,S,30,73643,0,Orange,Tustin Unified,District Office,No,No,RT,*,*,*,*,*,*,*,*,*,*,*,*,*,*,*,*,*,*,*,*,*,*,*,*,*
2024-25,S,30,73643,0,Orange,Tustin Unified,District Office,No,No,RW,*,*,*,*,*,*,*,*,*,*,*,*,*,*,*,*,*,*,*,*,*,*,*,*,*
2024-25,S,30,73643,0,Orange,Tustin Unified,District Office,No,No,SD,*,*,*,*,*,*,*,*,*,*,*,*,*,*,*,*,*,*,*,*,*,*,*,*,*
2024-25,S,30,73643,0,Orange,Tustin Unified,District Office,No,No,TA,*,*,*,*,*,*,*,*,*,*,*,*,*,*,*,*,*,*,*,*,*,*,*,*,*
2024-25,S,30,73643,1,Orange,Tustin Unified,"Nonpublic, Nonsectarian Schools",No,No,GF,*,*,*,*,*,*,*,*,*,*,*,*,*,*,*,*,*,*,*,*,*,*,*,*,*
2024-25,S,30,73643,1,Orange,Tustin Unified,"Nonpublic, Nonsectarian Schools",No,No,GM,*,*,*,*,*,*,*,*,*,*,*,*,*,*,*,*,*,*,*,*,*,*,*,*,*
2024-25,S,30,73643,1,Orange,Tustin Unified,"Nonpublic, Nonsectarian Schools",No,No,RA,*,*,*,*,*,*,*,*,*,*,*,*,*,*,*,*,*,*,*,*,*,*,*,*,*
2024-25,S,30,73643,1,Orange,Tustin Unified,"Nonpublic, Nonsectarian Schools",No,No,RB,*,*,*,*,*,*,*,*,*,*,*,*,*,*,*,*,*,*,*,*,*,*,*,*,*
2024-25,S,30,73643,1,Orange,Tustin Unified,"Nonpublic, Nonsectarian Schools",No,No,RD,*,*,*,*,*,*,*,*,*,*,*,*,*,*,*,*,*,*,*,*,*,*,*,*,*
2024-25,S,30,73643,1,Orange,Tustin Unified,"Nonpublic, Nonsectarian Schools",No,No,RF,*,*,*,*,*,*,*,*,*,*,*,*,*,*,*,*,*,*,*,*,*,*,*,*,*
2024-25,S,30,73643,1,Orange,Tustin Unified,"Nonpublic, Nonsectarian Schools",No,No,RH,*,*,*,*,*,*,*,*,*,*,*,*,*,*,*,*,*,*,*,*,*,*,*,*,*
2024-25,S,30,73643,1,Orange,Tustin Unified,"Nonpublic, Nonsectarian Schools",No,No,RI,*,*,*,*,*,*,*,*,*,*,*,*,*,*,*,*,*,*,*,*,*,*,*,*,*
2024-25,S,30,73643,1,Orange,Tustin Unified,"Nonpublic, Nonsectarian Schools",No,No,RP,*,*,*,*,*,*,*,*,*,*,*,*,*,*,*,*,*,*,*,*,*,*,*,*,*
2024-25,S,30,73643,1,Orange,Tustin Unified,"Nonpublic, Nonsectarian Schools",No,No,RT,*,*,*,*,*,*,*,*,*,*,*,*,*,*,*,*,*,*,*,*,*,*,*,*,*
2024-25,S,30,73643,1,Orange,Tustin Unified,"Nonpublic, Nonsectarian Schools",No,No,RW,*,*,*,*,*,*,*,*,*,*,*,*,*,*,*,*,*,*,*,*,*,*,*,*,*
2024-25,S,30,73643,1,Orange,Tustin Unified,"Nonpublic, Nonsectarian Schools",No,No,SD,*,*,*,*,*,*,*,*,*,*,*,*,*,*,*,*,*,*,*,*,*,*,*,*,*
2024-25,S,30,73643,1,Orange,Tustin Unified,"Nonpublic, Nonsectarian Schools",No,No,SE,*,*,*,*,*,*,*,*,*,*,*,*,*,*,*,*,*,*,*,*,*,*,*,*,*
2024-25,S,30,73643,1,Orange,Tustin Unified,"Nonpublic, Nonsectarian Schools",No,No,SH,*,*,*,*,*,*,*,*,*,*,*,*,*,*,*,*,*,*,*,*,*,*,*,*,*
2024-25,S,30,73643,1,Orange,Tustin Unified,"Nonpublic, Nonsectarian Schools",No,No,SS,*,*,*,*,*,*,*,*,*,*,*,*,*,*,*,*,*,*,*,*,*,*,*,*,*
2024-25,S,30,73643,1,Orange,Tustin Unified,"Nonpublic, Nonsectarian Schools",No,No,TA,*,*,*,*,*,*,*,*,*,*,*,*,*,*,*,*,*,*,*,*,*,*,*,*,*
2024-25,S,30,73643,102871,Orange,Tustin Unified,Arnold O. Beckman High,No,No,GF,332,323,97.3,252,78.0,104,32.2,207,64.1,0,0.0,0,0.0,0,0.0,2,0.6,0,0.0,4,1.2,3,0.9,0,0.0
2024-25,S,30,73643,102871,Orange,Tustin Unified,Arnold O. Beckman High,No,No,GM,337,322,95.5,224,69.6,69,21.4,182,56.5,0,0.0,0,0.0,0,0.0,8,2.4,0,0.0,6,1.8,1,0.3,0,0.0
2024-25,S,30,73643,102871,Orange,Tustin Unified,Arnold O. Beckman High,No,No,GX,*,*,*,*,*,*,*,*,*,*,*,*,*,*,*,*,*,*,*,*,*,*,*,*,*
2024-25,S,30,73643,102871,Orange,Tustin Unified,Arnold O. Beckman High,No,No,RA,285,275,96.5,243,88.4,90,32.7,228,82.9,0,0.0,0,0.0,0,0.0,3,1.1,0,0.0,5,1.8,2,0.7,0,0.0
2024-25,S,30,73643,102871,Orange,Tustin Unified,Arnold O. Beckman High,No,No,RB,23,23,100.0,11,47.8,5,21.7,7,30.4,0,0.0,0,0.0,0,0.0,0,0.0,0,0.0,0,0.0,0,0.0,0,0.0
2024-25,S,30,73643,102871,Orange,Tustin Unified,Arnold O. Beckman High,No,No,RD,*,*,*,*,*,*,*,*,*,*,*,*,*,*,*,*,*,*,*,*,*,*,*,*,*
2024-25,S,30,73643,102871,Orange,Tustin Unified,Arnold O. Beckman High,No,No,RF,19,19,100.0,15,78.9,5,26.3,13,68.4,0,0.0,0,0.0,0,0.0,0,0.0,0,0.0,0,0.0,0,0.0,0,0.0
2024-25,S,30,73643,102871,Orange,Tustin Unified,Arnold O. Beckman High,No,No,RH,164,156,95.1,83,53.2,48,30.8,49,31.4,0,0.0,0,0.0,0,0.0,5,3.0,0,0.0,1,0.6,2,1.2,0,0.0
2024-25,S,30,73643,102871,Orange,Tustin Unified,Arnold O. Beckman High,No,No,RI,*,*,*,*,*,*,*,*,*,*,*,*,*,*,*,*,*,*,*,*,*,*,*,*,*
2024-25,S,30,73643,102871,Orange,Tustin Unified,Arnold O. Beckman High,No,No,RP,*,*,*,*,*,*,*,*,*,*,*,*,*,*,*,*,*,*,*,*,*,*,*,*,*
2024-25,S,30,73643,102871,Orange,Tustin Unified,Arnold O. Beckman High,No,No,RT,32,30,93.8,22,73.3,4,13.3,19,63.3,0,0.0,0,0.0,0,0.0,1,3.1,0,0.0,1,3.1,0,0.0,0,0.0
2024-25,S,30,73643,102871,Orange,Tustin Unified,Arnold O. Beckman High,No,No,RW,144,140,97.2,100,71.4,20,14.3,72,51.4,0,0.0,0,0.0,0,0.0,1,0.7,0,0.0,3,2.1,0,0.0,0,0.0
2024-25,S,30,73643,102871,Orange,Tustin Unified,Arnold O. Beckman High,No,No,SD,65,52,80.0,8,15.4,1,1.9,6,11.5,0,0.0,0,0.0,0,0.0,10,15.4,0,0.0,2,3.1,1,1.5,0,0.0
2024-25,S,30,73643,102871,Orange,Tustin Unified,Arnold O. Beckman High,No,No,SE,59,50,84.7,12,24.0,6,12.0,8,16.0,0,0.0,0,0.0,0,0.0,4,6.8,0,0.0,3,5.1,2,3.4,0,0.0
2024-25,S,30,73643,102871,Orange,Tustin Unified,Arnold O. Beckman High,No,No,SF,*,*,*,*,*,*,*,*,*,*,*,*,*,*,*,*,*,*,*,*,*,*,*,*,*
2024-25,S,30,73643,102871,Orange,Tustin Unified,Arnold O. Beckman High,No,No,SH,*,*,*,*,*,*,*,*,*,*,*,*,*,*,*,*,*,*,*,*,*,*,*,*,*
2024-25,S,30,73643,102871,Orange,Tustin Unified,Arnold O. Beckman High,No,No,SS,322,306,95.0,191,62.4,75,24.5,133,43.5,0,0.0,0,0.0,0,0.0,7,2.2,0,0.0,8,2.5,1,0.3,0,0.0
2024-25,S,30,73643,102871,Orange,Tustin Unified,Arnold O. Beckman High,No,No,TA,674,650,96.4,479,73.7,173,26.6,391,60.2,0,0.0,0,0.0,0,0.0,10,1.5,0,0.0,10,1.5,4,0.6,0,0.0
2024-25,S,30,73643,139774,Orange,Tustin Unified,Legacy Magnet Academy,No,No,GF,31,31,100.0,31,100.0,10,32.3,24,77.4,0,0.0,0,0.0,0,0.0,0,0.0,0,0.0,0,0.0,0,0.0,0,0.0
2024-25,S,30,73643,139774,Orange,Tustin Unified,Legacy Magnet Academy,No,No,GM,61,60,98.4,55,91.7,8,13.3,46,76.7,0,0.0,1,1.6,0,0.0,0,0.0,0,0.0,0,0.0,0,0.0,0,0.0
2024-25,S,30,73643,139774,Orange,Tustin Unified,Legacy Magnet Academy,No,No,RA,46,45,97.8,43,95.6,7,15.6,39,86.7,0,0.0,1,2.2,0,0.0,0,0.0,0,0.0,0,0.0,0,0.0,0,0.0
2024-25,S,30,73643,139774,Orange,Tustin Unified,Legacy Magnet Academy,No,No,RB,*,*,*,*,*,*,*,*,*,*,*,*,*,*,*,*,*,*,*,*,*,*,*,*,*
2024-25,S,30,73643,139774,Orange,Tustin Unified,Legacy Magnet Academy,No,No,RD,*,*,*,*,*,*,*,*,*,*,*,*,*,*,*,*,*,*,*,*,*,*,*,*,*
2024-25,S,30,73643,139774,Orange,Tustin Unified,Legacy Magnet Academy,No,No,RF,*,*,*,*,*,*,*,*,*,*,*,*,*,*,*,*,*,*,*,*,*,*,*,*,*
2024-25,S,30,73643,139774,Orange,Tustin Unified,Legacy Magnet Academy,No,No,RH,23,23,100.0,20,87.0,9,39.1,12,52.2,0,0.0,0,0.0,0,0.0,0,0.0,0,0.0,0,0.0,0,0.0,0,0.0
2024-25,S,30,73643,139774,Orange,Tustin Unified,Legacy Magnet Academy,No,No,RI,*,*,*,*,*,*,*,*,*,*,*,*,*,*,*,*,*,*,*,*,*,*,*,*,*
2024-25,S,30,73643,139774,Orange,Tustin Unified,Legacy Magnet Academy,No,No,RP,*,*,*,*,*,*,*,*,*,*,*,*,*,*,*,*,*,*,*,*,*,*,*,*,*
2024-25,S,30,73643,139774,Orange,Tustin Unified,Legacy Magnet Academy,No,No,RT,*,*,*,*,*,*,*,*,*,*,*,*,*,*,*,*,*,*,*,*,*,*,*,*,*
2024-25,S,30,73643,139774,Orange,Tustin Unified,Legacy Magnet Academy,No,No,RW,14,14,100.0,14,100.0,2,14.3,12,85.7,0,0.0,0,0.0,0,0.0,0,0.0,0,0.0,0,0.0,0,0.0,0,0.0
2024-25,S,30,73643,139774,Orange,Tustin Unified,Legacy Magnet Academy,No,No,SD,*,*,*,*,*,*,*,*,*,*,*,*,*,*,*,*,*,*,*,*,*,*,*,*,*
2024-25,S,30,73643,139774,Orange,Tustin Unified,Legacy Magnet Academy,No,No,SE,*,*,*,*,*,*,*,*,*,*,*,*,*,*,*,*,*,*,*,*,*,*,*,*,*
2024-25,S,30,73643,139774,Orange,Tustin Unified,Legacy Magnet Academy,No,No,SH,*,*,*,*,*,*,*,*,*,*,*,*,*,*,*,*,*,*,*,*,*,*,*,*,*
2024-25,S,30,73643,139774,Orange,Tustin Unified,Legacy Magnet Academy,No,No,SS,53,53,100.0,50,94.3,11,20.8,36,67.9,0,0.0,0,0.0,0,0.0,0,0.0,0,0.0,0,0.0,0,0.0,0,0.0
2024-25,S,30,73643,139774,Orange,Tustin Unified,Legacy Magnet Academy,No,No,TA,92,91,98.9,86,94.5,18,19.8,70,76.9,0,0.0,1,1.1,0,0.0,0,0.0,0,0.0,0,0.0,0,0.0,0,0.0
2024-25,S,30,73643,3030590,Orange,Tustin Unified,Tustin Connect,No,No,GF,55,53,96.4,35,66.0,9,17.0,23,43.4,0,0.0,1,1.8,0,0.0,0,0.0,0,0.0,0,0.0,1,1.8,0,0.0
2024-25,S,30,73643,3030590,Orange,Tustin Unified,Tustin Connect,No,No,GM,34,31,91.2,14,45.2,2,6.5,10,32.3,0,0.0,0,0.0,0,0.0,0,0.0,0,0.0,2,5.9,1,2.9,0,0.0
2024-25,S,30,73643,3030590,Orange,Tustin Unified,Tustin Connect,No,No,RA,13,12,92.3,7,58.3,1,8.3,6,50.0,0,0.0,1,7.7,0,0.0,0,0.0,0,0.0,0,0.0,0,0.0,0,0.0
2024-25,S,30,73643,3030590,Orange,Tustin Unified,Tustin Connect,No,No,RB,*,*,*,*,*,*,*,*,*,*,*,*,*,*,*,*,*,*,*,*,*,*,*,*,*
2024-25,S,30,73643,3030590,Orange,Tustin Unified,Tustin Connect,No,No,RD,*,*,*,*,*,*,*,*,*,*,*,*,*,*,*,*,*,*,*,*,*,*,*,*,*
2024-25,S,30,73643,3030590,Orange,Tustin Unified,Tustin Connect,No,No,RF,*,*,*,*,*,*,*,*,*,*,*,*,*,*,*,*,*,*,*,*,*,*,*,*,*
2024-25,S,30,73643,3030590,Orange,Tustin Unified,Tustin Connect,No,No,RH,34,33,97.1,14,42.4,6,18.2,9,27.3,0,0.0,0,0.0,0,0.0,0,0.0,0,0.0,1,2.9,0,0.0,0,0.0
2024-25,S,30,73643,3030590,Orange,Tustin Unified,Tustin Connect,No,No,RI,*,*,*,*,*,*,*,*,*,*,*,*,*,*,*,*,*,*,*,*,*,*,*,*,*
2024-25,S,30,73643,3030590,Orange,Tustin Unified,Tustin Connect,No,No,RP,*,*,*,*,*,*,*,*,*,*,*,*,*,*,*,*,*,*,*,*,*,*,*,*,*
2024-25,S,30,73643,3030590,Orange,Tustin Unified,Tustin Connect,No,No,RT,*,*,*,*,*,*,*,*,*,*,*,*,*,*,*,*,*,*,*,*,*,*,*,*,*
2024-25,S,30,73643,3030590,Orange,Tustin Unified,Tustin Connect,No,No,RW,36,33,91.7,24,72.7,3,9.1,16,48.5,0,0.0,0,0.0,0,0.0,0,0.0,0,0.0,1,2.8,2,5.6,0,0.0
2024-25,S,30,73643,3030590,Orange,Tustin Unified,Tustin Connect,No,No,SD,13,11,84.6,3,27.3,1,9.1,2,18.2,0,0.0,0,0.0,0,0.0,0,0.0,0,0.0,1,7.7,1,7.7,0,0.0
2024-25,S,30,73643,3030590,Orange,Tustin Unified,Tustin Connect,No,No,SE,*,*,*,*,*,*,*,*,*,*,*,*,*,*,*,*,*,*,*,*,*,*,*,*,*
2024-25,S,30,73643,3030590,Orange,Tustin Unified,Tustin Connect,No,No,SF,*,*,*,*,*,*,*,*,*,*,*,*,*,*,*,*,*,*,*,*,*,*,*,*,*
2024-25,S,30,73643,3030590,Orange,Tustin Unified,Tustin Connect,No,No,SH,*,*,*,*,*,*,*,*,*,*,*,*,*,*,*,*,*,*,*,*,*,*,*,*,*
2024-25,S,30,73643,3030590,Orange,Tustin Unified,Tustin Connect,No,No,SS,47,46,97.9,23,50.0,8,17.4,15,32.6,0,0.0,0,0.0,0,0.0,0,0.0,0,0.0,0,0.0,1,2.1,0,0.0
2024-25,S,30,73643,3030590,Orange,Tustin Unified,Tustin Connect,No,No,TA,89,84,94.4,49,58.3,11,13.1,33,39.3,0,0.0,1,1.1,0,0.0,0,0.0,0,0.0,2,2.2,2,2.2,0,0.0
2024-25,S,30,73643,3032109,Orange,Tustin Unified,Foothill High,No,No,GF,249,244,98.0,199,81.6,72,29.5,138,56.6,0,0.0,0,0.0,0,0.0,2,0.8,0,0.0,2,0.8,1,0.4,0,0.0
2024-25,S,30,73643,3032109,Orange,Tustin Unified,Foothill High,No,No,GM,277,268,96.8,202,75.4,51,19.0,130,48.5,0,0.0,2,0.7,0,0.0,2,0.7,0,0.0,4,1.4,1,0.4,0,0.0
2024-25,S,30,73643,3032109,Orange,Tustin Unified,Foothill High,No,No,GX,*,*,*,*,*,*,*,*,*,*,*,*,*,*,*,*,*,*,*,*,*,*,*,*,*
2024-25,S,30,73643,3032109,Orange,Tustin Unified,Foothill High,No,No,RA,47,47,100.0,42,89.4,15,31.9,42,89.4,0,0.0,0,0.0,0,0.0,0,0.0,0,0.0,0,0.0,0,0.0,0,0.0
2024-25,S,30,73643,3032109,Orange,Tustin Unified,Foothill High,No,No,RB,*,*,*,*,*,*,*,*,*,*,*,*,*,*,*,*,*,*,*,*,*,*,*,*,*
2024-25,S,30,73643,3032109,Orange,Tustin Unified,Foothill High,No,No,RD,*,*,*,*,*,*,*,*,*,*,*,*,*,*,*,*,*,*,*,*,*,*,*,*,*
2024-25,S,30,73643,3032109,Orange,Tustin Unified,Foothill High,No,No,RF,*,*,*,*,*,*,*,*,*,*,*,*,*,*,*,*,*,*,*,*,*,*,*,*,*
2024-25,S,30,73643,3032109,Orange,Tustin Unified,Foothill High,No,No,RH,216,209,96.8,140,67.0,65,31.1,73,34.9,0,0.0,0,0.0,0,0.0,3,1.4,0,0.0,3,1.4,1,0.5,0,0.0
2024-25,S,30,73643,3032109,Orange,Tustin Unified,Foothill High,No,No,RI,*,*,*,*,*,*,*,*,*,*,*,*,*,*,*,*,*,*,*,*,*,*,*,*,*
2024-25,S,30,73643,3032109,Orange,Tustin Unified,Foothill High,No,No,RP,*,*,*,*,*,*,*,*,*,*,*,*,*,*,*,*,*,*,*,*,*,*,*,*,*
2024-25,S,30,73643,3032109,Orange,Tustin Unified,Foothill High,No,No,RT,28,27,96.4,25,92.6,6,22.2,19,70.4,0,0.0,0,0.0,0,0.0,1,3.6,0,0.0,0,0.0,0,0.0,0,0.0
2024-25,S,30,73643,3032109,Orange,Tustin Unified,Foothill High,No,No,RW,224,219,97.8,186,84.9,36,16.4,131,59.8,0,0.0,2,0.9,0,0.0,0,0.0,0,0.0,3,1.3,0,0.0,0,0.0
2024-25,S,30,73643,3032109,Orange,Tustin Unified,Foothill High,No,No,SD,67,61,91.0,17,27.9,2,3.3,6,9.8,0,0.0,0,0.0,0,0.0,4,6.0,0,0.0,0,0.0,2,3.0,0,0.0
2024-25,S,30,73643,3032109,Orange,Tustin Unified,Foothill High,No,No,SE,47,43,91.5,10,23.3,4,9.3,7,16.3,0,0.0,0,0.0,0,0.0,3,6.4,0,0.0,0,0.0,1,2.1,0,0.0
2024-25,S,30,73643,3032109,Orange,Tustin Unified,Foothill High,No,No,SF,*,*,*,*,*,*,*,*,*,*,*,*,*,*,*,*,*,*,*,*,*,*,*,*,*
2024-25,S,30,73643,3032109,Orange,Tustin Unified,Foothill High,No,No,SH,19,18,94.7,11,61.1,4,22.2,4,22.2,0,0.0,0,0.0,0,0.0,0,0.0,0,0.0,0,0.0,1,5.3,0,0.0
2024-25,S,30,73643,3032109,Orange,Tustin Unified,Foothill High,No,No,SS,254,243,95.7,161,66.3,65,26.7,90,37.0,0,0.0,1,0.4,0,0.0,3,1.2,0,0.0,5,2.0,2,0.8,0,0.0
2024-25,S,30,73643,3032109,Orange,Tustin Unified,Foothill High,No,No,TA,529,515,97.4,402,78.1,123,23.9,270,52.4,0,0.0,2,0.4,0,0.0,4,0.8,0,0.0,6,1.1,2,0.4,0,0.0
2024-25,S,30,73643,3032919,Orange,Tustin Unified,Hillview High (Continuation),No,Yes,GF,33,29,87.9,0,0.0,0,0.0,0,0.0,0,0.0,0,0.0,0,0.0,0,0.0,0,0.0,4,12.1,0,0.0,0,0.0
2024-25,S,30,73643,3032919,Orange,Tustin Unified,Hillview High (Continuation),No,Yes,GM,52,44,84.6,0,0.0,0,0.0,0,0.0,0,0.0,0,0.0,0,0.0,0,0.0,0,0.0,7,13.5,1,1.9,0,0.0
2024-25,S,30,73643,3032919,Orange,Tustin Unified,Hillview High (Continuation),No,Yes,RA,*,*,*,*,*,*,*,*,*,*,*,*,*,*,*,*,*,*,*,*,*,*,*,*,*
2024-25,S,30,73643,3032919,Orange,Tustin Unified,Hillview High (Continuation),No,Yes,RB,*,*,*,*,*,*,*,*,*,*,*,*,*,*,*,*,*,*,*,*,*,*,*,*,*
2024-25,S,30,73643,3032919,Orange,Tustin Unified,Hillview High (Continuation),No,Yes,RD,*,*,*,*,*,*,*,*,*,*,*,*,*,*,*,*,*,*,*,*,*,*,*,*,*
2024-25,S,30,73643,3032919,Orange,Tustin Unified,Hillview High (Continuation),No,Yes,RF,*,*,*,*,*,*,*,*,*,*,*,*,*,*,*,*,*,*,*,*,*,*,*,*,*
2024-25,S,30,73643,3032919,Orange,Tustin Unified,Hillview High (Continuation),No,Yes,RH,74,66,89.2,0,0.0,0,0.0,0,0.0,0,0.0,0,0.0,0,0.0,0,0.0,0,0.0,7,9.5,1,1.4,0,0.0
2024-25,S,30,73643,3032919,Orange,Tustin Unified,Hillview High (Continuation),No,Yes,RI,*,*,*,*,*,*,*,*,*,*,*,*,*,*,*,*,*,*,*,*,*,*,*,*,*
2024-25,S,30,73643,3032919,Orange,Tustin Unified,Hillview High (Continuation),No,Yes,RP,*,*,*,*,*,*,*,*,*,*,*,*,*,*,*,*,*,*,*,*,*,*,*,*,*
2024-25,S,30,73643,3032919,Orange,Tustin Unified,Hillview High (Continuation),No,Yes,RT,*,*,*,*,*,*,*,*,*,*,*,*,*,*,*,*,*,*,*,*,*,*,*,*,*
2024-25,S,30,73643,3032919,Orange,Tustin Unified,Hillview High (Continuation),No,Yes,RW,*,*,*,*,*,*,*,*,*,*,*,*,*,*,*,*,*,*,*,*,*,*,*,*,*
2024-25,S,30,73643,3032919,Orange,Tustin Unified,Hillview High (Continuation),No,Yes,SD,12,9,75.0,0,0.0,0,0.0,0,0.0,0,0.0,0,0.0,0,0.0,0,0.0,0,0.0,3,25.0,0,0.0,0,0.0
2024-25,S,30,73643,3032919,Orange,Tustin Unified,Hillview High (Continuation),No,Yes,SE,49,42,85.7,0,0.0,0,0.0,0,0.0,0,0.0,0,0.0,0,0.0,0,0.0,0,0.0,6,12.2,1,2.0,0,0.0
2024-25,S,30,73643,3032919,Orange,Tustin Unified,Hillview High (Continuation),No,Yes,SF,*,*,*,*,*,*,*,*,*,*,*,*,*,*,*,*,*,*,*,*,*,*,*,*,*
2024-25,S,30,73643,3032919,Orange,Tustin Unified,Hillview High (Continuation),No,Yes,SH,21,21,100.0,0,0.0,0,0.0,0,0.0,0,0.0,0,0.0,0,0.0,0,0.0,0,0.0,0,0.0,0,0.0,0,0.0
2024-25,S,30,73643,3032919,Orange,Tustin Unified,Hillview High (Continuation),No,Yes,SS,80,70,87.5,0,0.0,0,0.0,0,0.0,0,0.0,0,0.0,0,0.0,0,0.0,0,0.0,9,11.3,1,1.3,0,0.0
2024-25,S,30,73643,3032919,Orange,Tustin Unified,Hillview High (Continuation),No,Yes,TA,85,73,85.9,0,0.0,0,0.0,0,0.0,0,0.0,0,0.0,0,0.0,0,0.0,0,0.0,11,12.9,1,1.2,0,0.0
2024-25,S,30,73643,3037553,Orange,Tustin Unified,Tustin High,No,No,GF,207,201,97.1,125,62.2,45,22.4,75,37.3,0,0.0,0,0.0,0,0.0,0,0.0,0,0.0,3,1.4,3,1.4,0,0.0
2024-25,S,30,73643,3037553,Orange,Tustin Unified,Tustin High,No,No,GM,249,236,94.8,106,44.9,26,11.0,69,29.2,0,0.0,0,0.0,0,0.0,3,1.2,0,0.0,5,2.0,5,2.0,0,0.0
2024-25,S,30,73643,3037553,Orange,Tustin Unified,Tustin High,No,No,RA,28,27,96.4,17,63.0,3,11.1,16,59.3,0,0.0,0,0.0,0,0.0,0,0.0,0,0.0,0,0.0,1,3.6,0,0.0
2024-25,S,30,73643,3037553,Orange,Tustin Unified,Tustin High,No,No,RB,14,14,100.0,7,50.0,1,7.1,3,21.4,0,0.0,0,0.0,0,0.0,0,0.0,0,0.0,0,0.0,0,0.0,0,0.0
2024-25,S,30,73643,3037553,Orange,Tustin Unified,Tustin High,No,No,RD,*,*,*,*,*,*,*,*,*,*,*,*,*,*,*,*,*,*,*,*,*,*,*,*,*
2024-25,S,30,73643,3037553,Orange,Tustin Unified,Tustin High,No,No,RF,*,*,*,*,*,*,*,*,*,*,*,*,*,*,*,*,*,*,*,*,*,*,*,*,*
2024-25,S,30,73643,3037553,Orange,Tustin Unified,Tustin High,No,No,RH,354,342,96.6,174,50.9,64,18.7,103,30.1,0,0.0,0,0.0,0,0.0,1,0.3,0,0.0,6,1.7,5,1.4,0,0.0
2024-25,S,30,73643,3037553,Orange,Tustin Unified,Tustin High,No,No,RI,*,*,*,*,*,*,*,*,*,*,*,*,*,*,*,*,*,*,*,*,*,*,*,*,*
2024-25,S,30,73643,3037553,Orange,Tustin Unified,Tustin High,No,No,RP,*,*,*,*,*,*,*,*,*,*,*,*,*,*,*,*,*,*,*,*,*,*,*,*,*
2024-25,S,30,73643,3037553,Orange,Tustin Unified,Tustin High,No,No,RT,*,*,*,*,*,*,*,*,*,*,*,*,*,*,*,*,*,*,*,*,*,*,*,*,*
2024-25,S,30,73643,3037553,Orange,Tustin Unified,Tustin High,No,No,RW,36,32,88.9,20,62.5,3,9.4,13,40.6,0,0.0,0,0.0,0,0.0,1,2.8,0,0.0,1,2.8,2,5.6,0,0.0
2024-25,S,30,73643,3037553,Orange,Tustin Unified,Tustin High,No,No,SD,71,66,93.0,13,19.7,1,1.5,10,15.2,0,0.0,0,0.0,0,0.0,3,4.2,0,0.0,0,0.0,2,2.8,0,0.0
2024-25,S,30,73643,3037553,Orange,Tustin Unified,Tustin High,No,No,SE,156,143,91.7,43,30.1,13,9.1,16,11.2,0,0.0,0,0.0,0,0.0,0,0.0,0,0.0,8,5.1,5,3.2,0,0.0
2024-25,S,30,73643,3037553,Orange,Tustin Unified,Tustin High,No,No,SF,*,*,*,*,*,*,*,*,*,*,*,*,*,*,*,*,*,*,*,*,*,*,*,*,*
2024-25,S,30,73643,3037553,Orange,Tustin Unified,Tustin High,No,No,SH,47,43,91.5,13,30.2,2,4.7,6,14.0,0,0.0,0,0.0,0,0.0,1,2.1,0,0.0,2,4.3,1,2.1,0,0.0
2024-25,S,30,73643,3037553,Orange,Tustin Unified,Tustin High,No,No,SS,418,402,96.2,204,50.7,65,16.2,123,30.6,0,0.0,0,0.0,0,0.0,2,0.5,0,0.0,7,1.7,7,1.7,0,0.0
2024-25,S,30,73643,3037553,Orange,Tustin Unified,Tustin High,No,No,TA,456,437,95.8,231,52.9,71,16.2,144,33.0,0,0.0,0,0.0,0,0.0,3,0.7,0,0.0,8,1.8,8,1.8,0,0.0
2024-25,S,30,73650,0,Orange,Irvine Unified,District Office,No,No,GM,*,*,*,*,*,*,*,*,*,*,*,*,*,*,*,*,*,*,*,*,*,*,*,*,*
2024-25,S,30,73650,0,Orange,Irvine Unified,District Office,No,No,RA,*,*,*,*,*,*,*,*,*,*,*,*,*,*,*,*,*,*,*,*,*,*,*,*,*
2024-25,S,30,73650,0,Orange,Irvine Unified,District Office,No,No,RB,*,*,*,*,*,*,*,*,*,*,*,*,*,*,*,*,*,*,*,*,*,*,*,*,*
2024-25,S,30,73650,0,Orange,Irvine Unified,District Office,No,No,RD,*,*,*,*,*,*,*,*,*,*,*,*,*,*,*,*,*,*,*,*,*,*,*,*,*
2024-25,S,30,73650,0,Orange,Irvine Unified,District Office,No,No,RF,*,*,*,*,*,*,*,*,*,*,*,*,*,*,*,*,*,*,*,*,*,*,*,*,*
2024-25,S,30,73650,0,Orange,Irvine Unified,District Office,No,No,RH,*,*,*,*,*,*,*,*,*,*,*,*,*,*,*,*,*,*,*,*,*,*,*,*,*
2024-25,S,30,73650,0,Orange,Irvine Unified,District Office,No,No,RI,*,*,*,*,*,*,*,*,*,*,*,*,*,*,*,*,*,*,*,*,*,*,*,*,*
2024-25,S,30,73650,0,Orange,Irvine Unified,District Office,No,No,RP,*,*,*,*,*,*,*,*,*,*,*,*,*,*,*,*,*,*,*,*,*,*,*,*,*
2024-25,S,30,73650,0,Orange,Irvine Unified,District Office,No,No,RT,*,*,*,*,*,*,*,*,*,*,*,*,*,*,*,*,*,*,*,*,*,*,*,*,*
2024-25,S,30,73650,0,Orange,Irvine Unified,District Office,No,No,RW,*,*,*,*,*,*,*,*,*,*,*,*,*,*,*,*,*,*,*,*,*,*,*,*,*
2024-25,S,30,73650,0,Orange,Irvine Unified,District Office,No,No,SD,*,*,*,*,*,*,*,*,*,*,*,*,*,*,*,*,*,*,*,*,*,*,*,*,*
2024-25,S,30,73650,0,Orange,Irvine Unified,District Office,No,No,SE,*,*,*,*,*,*,*,*,*,*,*,*,*,*,*,*,*,*,*,*,*,*,*,*,*
2024-25,S,30,73650,0,Orange,Irvine Unified,District Office,No,No,SS,*,*,*,*,*,*,*,*,*,*,*,*,*,*,*,*,*,*,*,*,*,*,*,*,*
2024-25,S,30,73650,0,Orange,Irvine Unified,District Office,No,No,TA,*,*,*,*,*,*,*,*,*,*,*,*,*,*,*,*,*,*,*,*,*,*,*,*,*
2024-25,S,30,73650,1,Orange,Irvine Unified,"Nonpublic, Nonsectarian Schools",No,No,GF,*,*,*,*,*,*,*,*,*,*,*,*,*,*,*,*,*,*,*,*,*,*,*,*,*
2024-25,S,30,73650,1,Orange,Irvine Unified,"Nonpublic, Nonsectarian Schools",No,No,GM,*,*,*,*,*,*,*,*,*,*,*,*,*,*,*,*,*,*,*,*,*,*,*,*,*
2024-25,S,30,73650,1,Orange,Irvine Unified,"Nonpublic, Nonsectarian Schools",No,No,RA,*,*,*,*,*,*,*,*,*,*,*,*,*,*,*,*,*,*,*,*,*,*,*,*,*
2024-25,S,30,73650,1,Orange,Irvine Unified,"Nonpublic, Nonsectarian Schools",No,No,RB,*,*,*,*,*,*,*,*,*,*,*,*,*,*,*,*,*,*,*,*,*,*,*,*,*
2024-25,S,30,73650,1,Orange,Irvine Unified,"Nonpublic, Nonsectarian Schools",No,No,RD,*,*,*,*,*,*,*,*,*,*,*,*,*,*,*,*,*,*,*,*,*,*,*,*,*
2024-25,S,30,73650,1,Orange,Irvine Unified,"Nonpublic, Nonsectarian Schools",No,No,RF,*,*,*,*,*,*,*,*,*,*,*,*,*,*,*,*,*,*,*,*,*,*,*,*,*
2024-25,S,30,73650,1,Orange,Irvine Unified,"Nonpublic, Nonsectarian Schools",No,No,RH,*,*,*,*,*,*,*,*,*,*,*,*,*,*,*,*,*,*,*,*,*,*,*,*,*
2024-25,S,30,73650,1,Orange,Irvine Unified,"Nonpublic, Nonsectarian Schools",No,No,RI,*,*,*,*,*,*,*,*,*,*,*,*,*,*,*,*,*,*,*,*,*,*,*,*,*
2024-25,S,30,73650,1,Orange,Irvine Unified,"Nonpublic, Nonsectarian Schools",No,No,RP,*,*,*,*,*,*,*,*,*,*,*,*,*,*,*,*,*,*,*,*,*,*,*,*,*
2024-25,S,30,73650,1,Orange,Irvine Unified,"Nonpublic, Nonsectarian Schools",No,No,RT,*,*,*,*,*,*,*,*,*,*,*,*,*,*,*,*,*,*,*,*,*,*,*,*,*
2024-25,S,30,73650,1,Orange,Irvine Unified,"Nonpublic, Nonsectarian Schools",No,No,RW,*,*,*,*,*,*,*,*,*,*,*,*,*,*,*,*,*,*,*,*,*,*,*,*,*
2024-25,S,30,73650,1,Orange,Irvine Unified,"Nonpublic, Nonsectarian Schools",No,No,SD,*,*,*,*,*,*,*,*,*,*,*,*,*,*,*,*,*,*,*,*,*,*,*,*,*
2024-25,S,30,73650,1,Orange,Irvine Unified,"Nonpublic, Nonsectarian Schools",No,No,SF,*,*,*,*,*,*,*,*,*,*,*,*,*,*,*,*,*,*,*,*,*,*,*,*,*
2024-25,S,30,73650,1,Orange,Irvine Unified,"Nonpublic, Nonsectarian Schools",No,No,SS,*,*,*,*,*,*,*,*,*,*,*,*,*,*,*,*,*,*,*,*,*,*,*,*,*
2024-25,S,30,73650,1,Orange,Irvine Unified,"Nonpublic, Nonsectarian Schools",No,No,TA,*,*,*,*,*,*,*,*,*,*,*,*,*,*,*,*,*,*,*,*,*,*,*,*,*
2024-25,S,30,73650,116046,Orange,Irvine Unified,Irvine Adult Transition Programs,No,No,GM,*,*,*,*,*,*,*,*,*,*,*,*,*,*,*,*,*,*,*,*,*,*,*,*,*
2024-25,S,30,73650,116046,Orange,Irvine Unified,Irvine Adult Transition Programs,No,No,RA,*,*,*,*,*,*,*,*,*,*,*,*,*,*,*,*,*,*,*,*,*,*,*,*,*
2024-25,S,30,73650,116046,Orange,Irvine Unified,Irvine Adult Transition Programs,No,No,RB,*,*,*,*,*,*,*,*,*,*,*,*,*,*,*,*,*,*,*,*,*,*,*,*,*
2024-25,S,30,73650,116046,Orange,Irvine Unified,Irvine Adult Transition Programs,No,No,RD,*,*,*,*,*,*,*,*,*,*,*,*,*,*,*,*,*,*,*,*,*,*,*,*,*
2024-25,S,30,73650,116046,Orange,Irvine Unified,Irvine Adult Transition Programs,No,No,RF,*,*,*,*,*,*,*,*,*,*,*,*,*,*,*,*,*,*,*,*,*,*,*,*,*
2024-25,S,30,73650,116046,Orange,Irvine Unified,Irvine Adult Transition Programs,No,No,RH,*,*,*,*,*,*,*,*,*,*,*,*,*,*,*,*,*,*,*,*,*,*,*,*,*
2024-25,S,30,73650,116046,Orange,Irvine Unified,Irvine Adult Transition Programs,No,No,RI,*,*,*,*,*,*,*,*,*,*,*,*,*,*,*,*,*,*,*,*,*,*,*,*,*
2024-25,S,30,73650,116046,Orange,Irvine Unified,Irvine Adult Transition Programs,No,No,RP,*,*,*,*,*,*,*,*,*,*,*,*,*,*,*,*,*,*,*,*,*,*,*,*,*
2024-25,S,30,73650,116046,Orange,Irvine Unified,Irvine Adult Transition Programs,No,No,RT,*,*,*,*,*,*,*,*,*,*,*,*,*,*,*,*,*,*,*,*,*,*,*,*,*
2024-25,S,30,73650,116046,Orange,Irvine Unified,Irvine Adult Transition Programs,No,No,RW,*,*,*,*,*,*,*,*,*,*,*,*,*,*,*,*,*,*,*,*,*,*,*,*,*
2024-25,S,30,73650,116046,Orange,Irvine Unified,Irvine Adult Transition Programs,No,No,SD,*,*,*,*,*,*,*,*,*,*,*,*,*,*,*,*,*,*,*,*,*,*,*,*,*
2024-25,S,30,73650,116046,Orange,Irvine Unified,Irvine Adult Transition Programs,No,No,TA,*,*,*,*,*,*,*,*,*,*,*,*,*,*,*,*,*,*,*,*,*,*,*,*,*
2024-25,S,30,73650,133405,Orange,Irvine Unified,Portola High,No,No,GF,291,278,95.5,221,79.5,120,43.2,191,68.7,0,0.0,1,0.3,0,0.0,3,1.0,2,0.7,0,0.0,7,2.4,0,0.0
2024-25,S,30,73650,133405,Orange,Irvine Unified,Portola High,No,No,GM,333,312,93.7,235,75.3,123,39.4,236,75.6,0,0.0,2,0.6,0,0.0,10,3.0,2,0.6,0,0.0,7,2.1,0,0.0
2024-25,S,30,73650,133405,Orange,Irvine Unified,Portola High,No,No,GX,*,*,*,*,*,*,*,*,*,*,*,*,*,*,*,*,*,*,*,*,*,*,*,*,*
2024-25,S,30,73650,133405,Orange,Irvine Unified,Portola High,No,No,RA,380,358,94.2,292,81.6,157,43.9,287,80.2,0,0.0,3,0.8,0,0.0,8,2.1,2,0.5,0,0.0,9,2.4,0,0.0
2024-25,S,30,73650,133405,Orange,Irvine Unified,Portola High,No,No,RB,13,12,92.3,6,50.0,1,8.3,4,33.3,0,0.0,0,0.0,0,0.0,0,0.0,0,0.0,0,0.0,1,7.7,0,0.0
2024-25,S,30,73650,133405,Orange,Irvine Unified,Portola High,No,No,RD,*,*,*,*,*,*,*,*,*,*,*,*,*,*,*,*,*,*,*,*,*,*,*,*,*
2024-25,S,30,73650,133405,Orange,Irvine Unified,Portola High,No,No,RF,19,19,100.0,14,73.7,8,42.1,16,84.2,0,0.0,0,0.0,0,0.0,0,0.0,0,0.0,0,0.0,0,0.0,0,0.0
2024-25,S,30,73650,133405,Orange,Irvine Unified,Portola High,No,No,RH,56,49,87.5,32,65.3,28,57.1,32,65.3,0,0.0,0,0.0,0,0.0,4,7.1,1,1.8,0,0.0,2,3.6,0,0.0
2024-25,S,30,73650,133405,Orange,Irvine Unified,Portola High,No,No,RI,*,*,*,*,*,*,*,*,*,*,*,*,*,*,*,*,*,*,*,*,*,*,*,*,*
2024-25,S,30,73650,133405,Orange,Irvine Unified,Portola High,No,No,RP,*,*,*,*,*,*,*,*,*,*,*,*,*,*,*,*,*,*,*,*,*,*,*,*,*
2024-25,S,30,73650,133405,Orange,Irvine Unified,Portola High,No,No,RT,45,44,97.8,33,75.0,17,38.6,31,70.5,0,0.0,0,0.0,0,0.0,0,0.0,0,0.0,0,0.0,1,2.2,0,0.0
2024-25,S,30,73650,133405,Orange,Irvine Unified,Portola High,No,No,RW,108,106,98.1,77,72.6,33,31.1,55,51.9,0,0.0,0,0.0,0,0.0,1,0.9,1,0.9,0,0.0,0,0.0,0,0.0
2024-25,S,30,73650,133405,Orange,Irvine Unified,Portola High,No,No,SD,50,34,68.0,17,50.0,5,14.7,14,41.2,0,0.0,0,0.0,0,0.0,13,26.0,1,2.0,0,0.0,2,4.0,0,0.0
2024-25,S,30,73650,133405,Orange,Irvine Unified,Portola High,No,No,SE,71,58,81.7,31,53.4,26,44.8,34,58.6,0,0.0,0,0.0,0,0.0,3,4.2,0,0.0,0,0.0,10,14.1,0,0.0
2024-25,S,30,73650,133405,Orange,Irvine Unified,Portola High,No,No,SH,*,*,*,*,*,*,*,*,*,*,*,*,*,*,*,*,*,*,*,*,*,*,*,*,*
2024-25,S,30,73650,133405,Orange,Irvine Unified,Portola High,No,No,SS,161,145,90.1,94,64.8,55,37.9,91,62.8,0,0.0,3,1.9,0,0.0,5,3.1,0,0.0,0,0.0,8,5.0,0,0.0
2024-25,S,30,73650,133405,Orange,Irvine Unified,Portola High,No,No,TA,628,594,94.6,459,77.3,245,41.2,430,72.4,0,0.0,3,0.5,0,0.0,13,2.1,4,0.6,0,0.0,14,2.2,0,0.0
2024-25,S,30,73650,3030129,Orange,Irvine Unified,Creekside High,No,Yes,GF,16,15,93.8,0,0.0,0,0.0,0,0.0,0,0.0,0,0.0,0,0.0,0,0.0,0,0.0,0,0.0,1,6.3,0,0.0
2024-25,S,30,73650,3030129,Orange,Irvine Unified,Creekside High,No,Yes,GM,19,18,94.7,0,0.0,0,0.0,0,0.0,0,0.0,0,0.0,0,0.0,0,0.0,0,0.0,0,0.0,1,5.3,0,0.0
2024-25,S,30,73650,3030129,Orange,Irvine Unified,Creekside High,No,Yes,RA,*,*,*,*,*,*,*,*,*,*,*,*,*,*,*,*,*,*,*,*,*,*,*,*,*
2024-25,S,30,73650,3030129,Orange,Irvine Unified,Creekside High,No,Yes,RB,*,*,*,*,*,*,*,*,*,*,*,*,*,*,*,*,*,*,*,*,*,*,*,*,*
2024-25,S,30,73650,3030129,Orange,Irvine Unified,Creekside High,No,Yes,RD,*,*,*,*,*,*,*,*,*,*,*,*,*,*,*,*,*,*,*,*,*,*,*,*,*
2024-25,S,30,73650,3030129,Orange,Irvine Unified,Creekside High,No,Yes,RF,*,*,*,*,*,*,*,*,*,*,*,*,*,*,*,*,*,*,*,*,*,*,*,*,*
2024-25,S,30,73650,3030129,Orange,Irvine Unified,Creekside High,No,Yes,RH,13,12,92.3,0,0.0,0,0.0,0,0.0,0,0.0,0,0.0,0,0.0,0,0.0,0,0.0,0,0.0,1,7.7,0,0.0
2024-25,S,30,73650,3030129,Orange,Irvine Unified,Creekside High,No,Yes,RI,*,*,*,*,*,*,*,*,*,*,*,*,*,*,*,*,*,*,*,*,*,*,*,*,*
2024-25,S,30,73650,3030129,Orange,Irvine Unified,Creekside High,No,Yes,RP,*,*,*,*,*,*,*,*,*,*,*,*,*,*,*,*,*,*,*,*,*,*,*,*,*
2024-25,S,30,73650,3030129,Orange,Irvine Unified,Creekside High,No,Yes,RT,*,*,*,*,*,*,*,*,*,*,*,*,*,*,*,*,*,*,*,*,*,*,*,*,*
2024-25,S,30,73650,3030129,Orange,Irvine Unified,Creekside High,No,Yes,RW,12,11,91.7,0,0.0,0,0.0,0,0.0,0,0.0,0,0.0,0,0.0,0,0.0,0,0.0,0,0.0,1,8.3,0,0.0
2024-25,S,30,73650,3030129,Orange,Irvine Unified,Creekside High,No,Yes,SD,11,10,90.9,0,0.0,0,0.0,0,0.0,0,0.0,0,0.0,0,0.0,0,0.0,0,0.0,0,0.0,1,9.1,0,0.0
2024-25,S,30,73650,3030129,Orange,Irvine Unified,Creekside High,No,Yes,SE,*,*,*,*,*,*,*,*,*,*,*,*,*,*,*,*,*,*,*,*,*,*,*,*,*
2024-25,S,30,73650,3030129,Orange,Irvine Unified,Creekside High,No,Yes,SH,*,*,*,*,*,*,*,*,*,*,*,*,*,*,*,*,*,*,*,*,*,*,*,*,*
2024-25,S,30,73650,3030129,Orange,Irvine Unified,Creekside High,No,Yes,SS,24,23,95.8,0,0.0,0,0.0,0,0.0,0,0.0,0,0.0,0,0.0,0,0.0,0,0.0,0,0.0,1,4.2,0,0.0
2024-25,S,30,73650,3030129,Orange,Irvine Unified,Creekside High,No,Yes,TA,35,33,94.3,0,0.0,0,0.0,0,0.0,0,0.0,0,0.0,0,0.0,0,0.0,0,0.0,0,0.0,2,5.7,0,0.0
2024-25,S,30,73650,3030152,Orange,Irvine Unified,Irvine High,No,No,GF,220,209,95.0,154,73.7,67,32.1,133,63.6,0,0.0,2,0.9,0,0.0,4,1.8,0,0.0,0,0.0,5,2.3,0,0.0
2024-25,S,30,73650,3030152,Orange,Irvine Unified,Irvine High,No,No,GM,295,274,92.9,197,71.9,62,22.6,159,58.0,0,0.0,2,0.7,0,0.0,7,2.4,1,0.3,0,0.0,11,3.7,0,0.0
2024-25,S,30,73650,3030152,Orange,Irvine Unified,Irvine High,No,No,GX,*,*,*,*,*,*,*,*,*,*,*,*,*,*,*,*,*,*,*,*,*,*,*,*,*
2024-25,S,30,73650,3030152,Orange,Irvine Unified,Irvine High,No,No,RA,248,237,95.6,200,84.4,82,34.6,173,73.0,0,0.0,2,0.8,0,0.0,5,2.0,0,0.0,0,0.0,4,1.6,0,0.0
2024-25,S,30,73650,3030152,Orange,Irvine Unified,Irvine High,No,No,RB,*,*,*,*,*,*,*,*,*,*,*,*,*,*,*,*,*,*,*,*,*,*,*,*,*
2024-25,S,30,73650,3030152,Orange,Irvine Unified,Irvine High,No,No,RD,*,*,*,*,*,*,*,*,*,*,*,*,*,*,*,*,*,*,*,*,*,*,*,*,*
2024-25,S,30,73650,3030152,Orange,Irvine Unified,Irvine High,No,No,RF,20,20,100.0,14,70.0,2,10.0,12,60.0,0,0.0,0,0.0,0,0.0,0,0.0,0,0.0,0,0.0,0,0.0,0,0.0
2024-25,S,30,73650,3030152,Orange,Irvine Unified,Irvine High,No,No,RH,82,76,92.7,40,52.6,20,26.3,30,39.5,0,0.0,0,0.0,0,0.0,1,1.2,0,0.0,0,0.0,5,6.1,0,0.0
2024-25,S,30,73650,3030152,Orange,Irvine Unified,Irvine High,No,No,RI,*,*,*,*,*,*,*,*,*,*,*,*,*,*,*,*,*,*,*,*,*,*,*,*,*
2024-25,S,30,73650,3030152,Orange,Irvine Unified,Irvine High,No,No,RP,*,*,*,*,*,*,*,*,*,*,*,*,*,*,*,*,*,*,*,*,*,*,*,*,*
2024-25,S,30,73650,3030152,Orange,Irvine Unified,Irvine High,No,No,RT,33,32,97.0,25,78.1,7,21.9,23,71.9,0,0.0,0,0.0,0,0.0,1,3.0,0,0.0,0,0.0,0,0.0,0,0.0
2024-25,S,30,73650,3030152,Orange,Irvine Unified,Irvine High,No,No,RW,122,108,88.5,66,61.1,16,14.8,49,45.4,0,0.0,2,1.6,0,0.0,4,3.3,1,0.8,0,0.0,7,5.7,0,0.0
2024-25,S,30,73650,3030152,Orange,Irvine Unified,Irvine High,No,No,SD,63,49,77.8,15,30.6,2,4.1,10,20.4,0,0.0,0,0.0,0,0.0,11,17.5,0,0.0,0,0.0,3,4.8,0,0.0
2024-25,S,30,73650,3030152,Orange,Irvine Unified,Irvine High,No,No,SE,65,53,81.5,28,52.8,16,30.2,21,39.6,0,0.0,0,0.0,0,0.0,3,4.6,0,0.0,0,0.0,9,13.8,0,0.0
2024-25,S,30,73650,3030152,Orange,Irvine Unified,Irvine High,No,No,SF,*,*,*,*,*,*,*,*,*,*,*,*,*,*,*,*,*,*,*,*,*,*,*,*,*
2024-25,S,30,73650,3030152,Orange,Irvine Unified,Irvine High,No,No,SH,*,*,*,*,*,*,*,*,*,*,*,*,*,*,*,*,*,*,*,*,*,*,*,*,*
2024-25,S,30,73650,3030152,Orange,Irvine Unified,Irvine High,No,No,SS,187,168,89.8,97,57.7,44,26.2,77,45.8,0,0.0,2,1.1,0,0.0,5,2.7,1,0.5,0,0.0,11,5.9,0,0.0
2024-25,S,30,73650,3030152,Orange,Irvine Unified,Irvine High,No,No,TA,516,484,93.8,351,72.5,129,26.7,292,60.3,0,0.0,4,0.8,0,0.0,11,2.1,1,0.2,0,0.0,16,3.1,0,0.0
2024-25,S,30,73650,3030285,Orange,Irvine Unified,Woodbridge High,No,No,GF,267,261,97.8,207,79.3,73,28.0,173,66.3,0,0.0,0,0.0,0,0.0,3,1.1,0,0.0,0,0.0,3,1.1,0,0.0
2024-25,S,30,73650,3030285,Orange,Irvine Unified,Woodbridge High,No,No,GM,282,257,91.1,166,64.6,50,19.5,134,52.1,0,0.0,0,0.0,0,0.0,10,3.5,1,0.4,0,0.0,14,5.0,0,0.0
2024-25,S,30,73650,3030285,Orange,Irvine Unified,Woodbridge High,No,No,GX,*,*,*,*,*,*,*,*,*,*,*,*,*,*,*,*,*,*,*,*,*,*,*,*,*
2024-25,S,30,73650,3030285,Orange,Irvine Unified,Woodbridge High,No,No,RA,200,192,96.0,157,81.8,53,27.6,137,71.4,0,0.0,0,0.0,0,0.0,4,2.0,0,0.0,0,0.0,4,2.0,0,0.0
2024-25,S,30,73650,3030285,Orange,Irvine Unified,Woodbridge High,No,No,RB,15,13,86.7,5,38.5,0,0.0,2,15.4,0,0.0,0,0.0,0,0.0,0,0.0,0,0.0,0,0.0,2,13.3,0,0.0
2024-25,S,30,73650,3030285,Orange,Irvine Unified,Woodbridge High,No,No,RD,*,*,*,*,*,*,*,*,*,*,*,*,*,*,*,*,*,*,*,*,*,*,*,*,*
2024-25,S,30,73650,3030285,Orange,Irvine Unified,Woodbridge High,No,No,RF,16,16,100.0,15,93.8,2,12.5,7,43.8,0,0.0,0,0.0,0,0.0,0,0.0,0,0.0,0,0.0,0,0.0,0,0.0
2024-25,S,30,73650,3030285,Orange,Irvine Unified,Woodbridge High,No,No,RH,78,72,92.3,38,52.8,23,31.9,31,43.1,0,0.0,0,0.0,0,0.0,3,3.8,0,0.0,0,0.0,3,3.8,0,0.0
2024-25,S,30,73650,3030285,Orange,Irvine Unified,Woodbridge High,No,No,RI,*,*,*,*,*,*,*,*,*,*,*,*,*,*,*,*,*,*,*,*,*,*,*,*,*
2024-25,S,30,73650,3030285,Orange,Irvine Unified,Woodbridge High,No,No,RP,*,*,*,*,*,*,*,*,*,*,*,*,*,*,*,*,*,*,*,*,*,*,*,*,*
2024-25,S,30,73650,3030285,Orange,Irvine Unified,Woodbridge High,No,No,RT,51,48,94.1,39,81.3,8,16.7,32,66.7,0,0.0,0,0.0,0,0.0,1,2.0,0,0.0,0,0.0,2,3.9,0,0.0
2024-25,S,30,73650,3030285,Orange,Irvine Unified,Woodbridge High,No,No,RW,183,171,93.4,116,67.8,37,21.6,97,56.7,0,0.0,0,0.0,0,0.0,5,2.7,1,0.5,0,0.0,6,3.3,0,0.0
2024-25,S,30,73650,3030285,Orange,Irvine Unified,Woodbridge High,No,No,SD,50,35,70.0,11,31.4,4,11.4,7,20.0,0,0.0,0,0.0,0,0.0,13,26.0,0,0.0,0,0.0,2,4.0,0,0.0
2024-25,S,30,73650,3030285,Orange,Irvine Unified,Woodbridge High,No,No,SE,69,59,85.5,25,42.4,11,18.6,20,33.9,0,0.0,0,0.0,0,0.0,7,10.1,0,0.0,0,0.0,3,4.3,0,0.0
2024-25,S,30,73650,3030285,Orange,Irvine Unified,Woodbridge High,No,No,SF,*,*,*,*,*,*,*,*,*,*,*,*,*,*,*,*,*,*,*,*,*,*,*,*,*
2024-25,S,30,73650,3030285,Orange,Irvine Unified,Woodbridge High,No,No,SH,*,*,*,*,*,*,*,*,*,*,*,*,*,*,*,*,*,*,*,*,*,*,*,*,*
2024-25,S,30,73650,3030285,Orange,Irvine Unified,Woodbridge High,No,No,SS,192,175,91.1,91,52.0,37,21.1,77,44.0,0,0.0,0,0.0,0,0.0,8,4.2,1,0.5,0,0.0,8,4.2,0,0.0
2024-25,S,30,73650,3030285,Orange,Irvine Unified,Woodbridge High,No,No,TA,550,519,94.4,373,71.9,123,23.7,307,59.2,0,0.0,0,0.0,0,0.0,13,2.4,1,0.2,0,0.0,17,3.1,0,0.0
2024-25,S,30,73650,3030467,Orange,Irvine Unified,Alternative Education-San Joaquin High,No,No,GF,14,11,78.6,8,72.7,0,0.0,4,36.4,0,0.0,1,7.1,0,0.0,0,0.0,2,14.3,0,0.0,0,0.0,0,0.0
2024-25,S,30,73650,3030467,Orange,Irvine Unified,Alternative Education-San Joaquin High,No,No,GM,*,*,*,*,*,*,*,*,*,*,*,*,*,*,*,*,*,*,*,*,*,*,*,*,*
2024-25,S,30,73650,3030467,Orange,Irvine Unified,Alternative Education-San Joaquin High,No,No,RA,*,*,*,*,*,*,*,*,*,*,*,*,*,*,*,*,*,*,*,*,*,*,*,*,*
2024-25,S,30,73650,3030467,Orange,Irvine Unified,Alternative Education-San Joaquin High,No,No,RB,*,*,*,*,*,*,*,*,*,*,*,*,*,*,*,*,*,*,*,*,*,*,*,*,*
2024-25,S,30,73650,3030467,Orange,Irvine Unified,Alternative Education-San Joaquin High,No,No,RD,*,*,*,*,*,*,*,*,*,*,*,*,*,*,*,*,*,*,*,*,*,*,*,*,*
2024-25,S,30,73650,3030467,Orange,Irvine Unified,Alternative Education-San Joaquin High,No,No,RF,*,*,*,*,*,*,*,*,*,*,*,*,*,*,*,*,*,*,*,*,*,*,*,*,*
2024-25,S,30,73650,3030467,Orange,Irvine Unified,Alternative Education-San Joaquin High,No,No,RH,*,*,*,*,*,*,*,*,*,*,*,*,*,*,*,*,*,*,*,*,*,*,*,*,*
2024-25,S,30,73650,3030467,Orange,Irvine Unified,Alternative Education-San Joaquin High,No,No,RI,*,*,*,*,*,*,*,*,*,*,*,*,*,*,*,*,*,*,*,*,*,*,*,*,*
2024-25,S,30,73650,3030467,Orange,Irvine Unified,Alternative Education-San Joaquin High,No,No,RP,*,*,*,*,*,*,*,*,*,*,*,*,*,*,*,*,*,*,*,*,*,*,*,*,*
2024-25,S,30,73650,3030467,Orange,Irvine Unified,Alternative Education-San Joaquin High,No,No,RT,*,*,*,*,*,*,*,*,*,*,*,*,*,*,*,*,*,*,*,*,*,*,*,*,*
2024-25,S,30,73650,3030467,Orange,Irvine Unified,Alternative Education-San Joaquin High,No,No,RW,14,11,78.6,7,63.6,0,0.0,3,27.3,0,0.0,1,7.1,0,0.0,0,0.0,2,14.3,0,0.0,0,0.0,0,0.0
2024-25,S,30,73650,3030467,Orange,Irvine Unified,Alternative Education-San Joaquin High,No,No,SD,*,*,*,*,*,*,*,*,*,*,*,*,*,*,*,*,*,*,*,*,*,*,*,*,*
2024-25,S,30,73650,3030467,Orange,Irvine Unified,Alternative Education-San Joaquin High,No,No,SE,*,*,*,*,*,*,*,*,*,*,*,*,*,*,*,*,*,*,*,*,*,*,*,*,*
2024-25,S,30,73650,3030467,Orange,Irvine Unified,Alternative Education-San Joaquin High,No,No,SH,*,*,*,*,*,*,*,*,*,*,*,*,*,*,*,*,*,*,*,*,*,*,*,*,*
2024-25,S,30,73650,3030467,Orange,Irvine Unified,Alternative Education-San Joaquin High,No,No,SS,*,*,*,*,*,*,*,*,*,*,*,*,*,*,*,*,*,*,*,*,*,*,*,*,*
2024-25,S,30,73650,3030467,Orange,Irvine Unified,Alternative Education-San Joaquin High,No,No,TA,22,19,86.4,14,73.7,0,0.0,7,36.8,0,0.0,1,4.5,0,0.0,0,0.0,2,9.1,0,0.0,0,0.0,0,0.0
2024-25,S,30,73650,3030657,Orange,Irvine Unified,Northwood High,No,No,GF,288,283,98.3,190,67.1,101,35.7,202,71.4,1,0.4,0,0.0,0,0.0,1,0.3,0,0.0,0,0.0,4,1.4,0,0.0
2024-25,S,30,73650,3030657,Orange,Irvine Unified,Northwood High,No,No,GM,326,312,95.7,200,64.1,79,25.3,205,65.7,0,0.0,4,1.2,0,0.0,6,1.8,1,0.3,0,0.0,3,0.9,0,0.0
2024-25,S,30,73650,3030657,Orange,Irvine Unified,Northwood High,No,No,GX,*,*,*,*,*,*,*,*,*,*,*,*,*,*,*,*,*,*,*,*,*,*,*,*,*
2024-25,S,30,73650,3030657,Orange,Irvine Unified,Northwood High,No,No,RA,355,345,97.2,250,72.5,135,39.1,284,82.3,0,0.0,1,0.3,0,0.0,4,1.1,1,0.3,0,0.0,4,1.1,0,0.0
2024-25,S,30,73650,3030657,Orange,Irvine Unified,Northwood High,No,No,RB,13,11,84.6,4,36.4,1,9.1,2,18.2,0,0.0,1,7.7,0,0.0,0,0.0,0,0.0,0,0.0,1,7.7,0,0.0
2024-25,S,30,73650,3030657,Orange,Irvine Unified,Northwood High,No,No,RD,*,*,*,*,*,*,*,*,*,*,*,*,*,*,*,*,*,*,*,*,*,*,*,*,*
2024-25,S,30,73650,3030657,Orange,Irvine Unified,Northwood High,No,No,RF,11,11,100.0,9,81.8,5,45.5,9,81.8,0,0.0,0,0.0,0,0.0,0,0.0,0,0.0,0,0.0,0,0.0,0,0.0
2024-25,S,30,73650,3030657,Orange,Irvine Unified,Northwood High,No,No,RH,61,59,96.7,31,52.5,13,22.0,23,39.0,0,0.0,0,0.0,0,0.0,1,1.6,0,0.0,0,0.0,1,1.6,0,0.0
2024-25,S,30,73650,3030657,Orange,Irvine Unified,Northwood High,No,No,RI,*,*,*,*,*,*,*,*,*,*,*,*,*,*,*,*,*,*,*,*,*,*,*,*,*
2024-25,S,30,73650,3030657,Orange,Irvine Unified,Northwood High,No,No,RP,*,*,*,*,*,*,*,*,*,*,*,*,*,*,*,*,*,*,*,*,*,*,*,*,*
2024-25,S,30,73650,3030657,Orange,Irvine Unified,Northwood High,No,No,RT,60,59,98.3,39,66.1,11,18.6,41,69.5,1,1.7,0,0.0,0,0.0,1,1.7,0,0.0,0,0.0,0,0.0,0,0.0
2024-25,S,30,73650,3030657,Orange,Irvine Unified,Northwood High,No,No,RW,113,109,96.5,57,52.3,15,13.8,48,44.0,0,0.0,2,1.8,0,0.0,1,0.9,0,0.0,0,0.0,1,0.9,0,0.0
2024-25,S,30,73650,3030657,Orange,Irvine Unified,Northwood High,No,No,SD,47,40,85.1,14,35.0,3,7.5,10,25.0,0,0.0,0,0.0,0,0.0,7,14.9,0,0.0,0,0.0,0,0.0,0,0.0
2024-25,S,30,73650,3030657,Orange,Irvine Unified,Northwood High,No,No,SE,77,73,94.8,23,31.5,22,30.1,32,43.8,0,0.0,0,0.0,0,0.0,3,3.9,0,0.0,0,0.0,1,1.3,0,0.0
2024-25,S,30,73650,3030657,Orange,Irvine Unified,Northwood High,No,No,SF,*,*,*,*,*,*,*,*,*,*,*,*,*,*,*,*,*,*,*,*,*,*,*,*,*
2024-25,S,30,73650,3030657,Orange,Irvine Unified,Northwood High,No,No,SH,*,*,*,*,*,*,*,*,*,*,*,*,*,*,*,*,*,*,*,*,*,*,*,*,*
2024-25,S,30,73650,3030657,Orange,Irvine Unified,Northwood High,No,No,SS,175,164,93.7,79,48.2,24,14.6,78,47.6,1,0.6,3,1.7,0,0.0,3,1.7,0,0.0,0,0.0,5,2.9,0,0.0
2024-25,S,30,73650,3030657,Orange,Irvine Unified,Northwood High,No,No,TA,617,598,96.9,391,65.4,180,30.1,408,68.2,1,0.2,4,0.6,0,0.0,7,1.1,1,0.2,0,0.0,7,1.1,0,0.0
2024-25,S,30,73650,3035102,Orange,Irvine Unified,University High,No,No,GF,257,251,97.7,173,68.9,95,37.8,175,69.7,0,0.0,0,0.0,0,0.0,2,0.8,1,0.4,0,0.0,3,1.2,0,0.0
2024-25,S,30,73650,3035102,Orange,Irvine Unified,University High,No,No,GM,323,313,96.9,217,69.3,91,29.1,202,64.5,0,0.0,1,0.3,0,0.0,1,0.3,1,0.3,2,0.6,5,1.5,0,0.0
2024-25,S,30,73650,3035102,Orange,Irvine Unified,University High,No,No,GX,*,*,*,*,*,*,*,*,*,*,*,*,*,*,*,*,*,*,*,*,*,*,*,*,*
2024-25,S,30,73650,3035102,Orange,Irvine Unified,University High,No,No,RA,254,247,97.2,202,81.8,112,45.3,206,83.4,0,0.0,0,0.0,0,0.0,2,0.8,0,0.0,2,0.8,3,1.2,0,0.0
2024-25,S,30,73650,3035102,Orange,Irvine Unified,University High,No,No,RB,*,*,*,*,*,*,*,*,*,*,*,*,*,*,*,*,*,*,*,*,*,*,*,*,*
2024-25,S,30,73650,3035102,Orange,Irvine Unified,University High,No,No,RD,*,*,*,*,*,*,*,*,*,*,*,*,*,*,*,*,*,*,*,*,*,*,*,*,*
2024-25,S,30,73650,3035102,Orange,Irvine Unified,University High,No,No,RF,18,18,100.0,14,77.8,2,11.1,9,50.0,0,0.0,0,0.0,0,0.0,0,0.0,0,0.0,0,0.0,0,0.0,0,0.0
2024-25,S,30,73650,3035102,Orange,Irvine Unified,University High,No,No,RH,71,67,94.4,28,41.8,20,29.9,27,40.3,0,0.0,0,0.0,0,0.0,0,0.0,1,1.4,0,0.0,3,4.2,0,0.0
2024-25,S,30,73650,3035102,Orange,Irvine Unified,University High,No,No,RI,*,*,*,*,*,*,*,*,*,*,*,*,*,*,*,*,*,*,*,*,*,*,*,*,*
2024-25,S,30,73650,3035102,Orange,Irvine Unified,University High,No,No,RP,*,*,*,*,*,*,*,*,*,*,*,*,*,*,*,*,*,*,*,*,*,*,*,*,*
2024-25,S,30,73650,3035102,Orange,Irvine Unified,University High,No,No,RT,56,55,98.2,44,80.0,16,29.1,38,69.1,0,0.0,0,0.0,0,0.0,0,0.0,0,0.0,0,0.0,1,1.8,0,0.0
2024-25,S,30,73650,3035102,Orange,Irvine Unified,University High,No,No,RW,170,166,97.6,101,60.8,37,22.3,95,57.2,0,0.0,1,0.6,0,0.0,1,0.6,1,0.6,0,0.0,1,0.6,0,0.0
2024-25,S,30,73650,3035102,Orange,Irvine Unified,University High,No,No,SD,36,32,88.9,7,21.9,1,3.1,5,15.6,0,0.0,0,0.0,0,0.0,3,8.3,0,0.0,1,2.8,0,0.0,0,0.0
2024-25,S,30,73650,3035102,Orange,Irvine Unified,University High,No,No,SE,71,67,94.4,27,40.3,16,23.9,25,37.3,0,0.0,0,0.0,0,0.0,1,1.4,0,0.0,0,0.0,3,4.2,0,0.0
2024-25,S,30,73650,3035102,Orange,Irvine Unified,University High,No,No,SF,*,*,*,*,*,*,*,*,*,*,*,*,*,*,*,*,*,*,*,*,*,*,*,*,*
2024-25,S,30,73650,3035102,Orange,Irvine Unified,University High,No,No,SH,*,*,*,*,*,*,*,*,*,*,*,*,*,*,*,*,*,*,*,*,*,*,*,*,*
2024-25,S,30,73650,3035102,Orange,Irvine Unified,University High,No,No,SS,164,159,97.0,69,43.4,30,18.9,69,43.4,0,0.0,1,0.6,0,0.0,2,1.2,1,0.6,0,0.0,1,0.6,0,0.0
2024-25,S,30,73650,3035102,Orange,Irvine Unified,University High,No,No,TA,581,565,97.2,391,69.2,187,33.1,378,66.9,0,0.0,1,0.2,0,0.0,3,0.5,2,0.3,2,0.3,8,1.4,0,0.0
2024-25,S,30,73924,1,Orange,Los Alamitos Unified,"Nonpublic, Nonsectarian Schools",No,No,GF,*,*,*,*,*,*,*,*,*,*,*,*,*,*,*,*,*,*,*,*,*,*,*,*,*
2024-25,S,30,73924,1,Orange,Los Alamitos Unified,"Nonpublic, Nonsectarian Schools",No,No,RA,*,*,*,*,*,*,*,*,*,*,*,*,*,*,*,*,*,*,*,*,*,*,*,*,*
2024-25,S,30,73924,1,Orange,Los Alamitos Unified,"Nonpublic, Nonsectarian Schools",No,No,RB,*,*,*,*,*,*,*,*,*,*,*,*,*,*,*,*,*,*,*,*,*,*,*,*,*
2024-25,S,30,73924,1,Orange,Los Alamitos Unified,"Nonpublic, Nonsectarian Schools",No,No,RD,*,*,*,*,*,*,*,*,*,*,*,*,*,*,*,*,*,*,*,*,*,*,*,*,*
2024-25,S,30,73924,1,Orange,Los Alamitos Unified,"Nonpublic, Nonsectarian Schools",No,No,RF,*,*,*,*,*,*,*,*,*,*,*,*,*,*,*,*,*,*,*,*,*,*,*,*,*
2024-25,S,30,73924,1,Orange,Los Alamitos Unified,"Nonpublic, Nonsectarian Schools",No,No,RH,*,*,*,*,*,*,*,*,*,*,*,*,*,*,*,*,*,*,*,*,*,*,*,*,*
2024-25,S,30,73924,1,Orange,Los Alamitos Unified,"Nonpublic, Nonsectarian Schools",No,No,RI,*,*,*,*,*,*,*,*,*,*,*,*,*,*,*,*,*,*,*,*,*,*,*,*,*
2024-25,S,30,73924,1,Orange,Los Alamitos Unified,"Nonpublic, Nonsectarian Schools",No,No,RP,*,*,*,*,*,*,*,*,*,*,*,*,*,*,*,*,*,*,*,*,*,*,*,*,*
2024-25,S,30,73924,1,Orange,Los Alamitos Unified,"Nonpublic, Nonsectarian Schools",No,No,RT,*,*,*,*,*,*,*,*,*,*,*,*,*,*,*,*,*,*,*,*,*,*,*,*,*
2024-25,S,30,73924,1,Orange,Los Alamitos Unified,"Nonpublic, Nonsectarian Schools",No,No,RW,*,*,*,*,*,*,*,*,*,*,*,*,*,*,*,*,*,*,*,*,*,*,*,*,*
2024-25,S,30,73924,1,Orange,Los Alamitos Unified,"Nonpublic, Nonsectarian Schools",No,No,SD,*,*,*,*,*,*,*,*,*,*,*,*,*,*,*,*,*,*,*,*,*,*,*,*,*
2024-25,S,30,73924,1,Orange,Los Alamitos Unified,"Nonpublic, Nonsectarian Schools",No,No,TA,*,*,*,*,*,*,*,*,*,*,*,*,*,*,*,*,*,*,*,*,*,*,*,*,*
2024-25,S,30,73924,3033917,Orange,Los Alamitos Unified,Los Alamitos High,No,No,GF,380,372,97.9,329,88.4,215,57.8,240,64.5,0,0.0,0,0.0,0,0.0,0,0.0,0,0.0,0,0.0,8,2.1,0,0.0
2024-25,S,30,73924,3033917,Orange,Los Alamitos Unified,Los Alamitos High,No,No,GM,393,378,96.2,287,75.9,146,38.6,192,50.8,0,0.0,0,0.0,0,0.0,3,0.8,1,0.3,0,0.0,11,2.8,0,0.0
2024-25,S,30,73924,3033917,Orange,Los Alamitos Unified,Los Alamitos High,No,No,GX,*,*,*,*,*,*,*,*,*,*,*,*,*,*,*,*,*,*,*,*,*,*,*,*,*
2024-25,S,30,73924,3033917,Orange,Los Alamitos Unified,Los Alamitos High,No,No,RA,117,117,100.0,108,92.3,79,67.5,91,77.8,0,0.0,0,0.0,0,0.0,0,0.0,0,0.0,0,0.0,0,0.0,0,0.0
2024-25,S,30,73924,3033917,Orange,Los Alamitos Unified,Los Alamitos High,No,No,RB,30,30,100.0,23,76.7,6,20.0,9,30.0,0,0.0,0,0.0,0,0.0,0,0.0,0,0.0,0,0.0,0,0.0,0,0.0
2024-25,S,30,73924,3033917,Orange,Los Alamitos Unified,Los Alamitos High,No,No,RD,*,*,*,*,*,*,*,*,*,*,*,*,*,*,*,*,*,*,*,*,*,*,*,*,*
2024-25,S,30,73924,3033917,Orange,Los Alamitos Unified,Los Alamitos High,No,No,RF,18,18,100.0,15,83.3,10,55.6,13,72.2,0,0.0,0,0.0,0,0.0,0,0.0,0,0.0,0,0.0,0,0.0,0,0.0
2024-25,S,30,73924,3033917,Orange,Los Alamitos Unified,Los Alamitos High,No,No,RH,211,204,96.7,158,77.5,95,46.6,89,43.6,0,0.0,0,0.0,0,0.0,2,0.9,0,0.0,0,0.0,5,2.4,0,0.0
2024-25,S,30,73924,3033917,Orange,Los Alamitos Unified,Los Alamitos High,No,No,RI,*,*,*,*,*,*,*,*,*,*,*,*,*,*,*,*,*,*,*,*,*,*,*,*,*
2024-25,S,30,73924,3033917,Orange,Los Alamitos Unified,Los Alamitos High,No,No,RP,*,*,*,*,*,*,*,*,*,*,*,*,*,*,*,*,*,*,*,*,*,*,*,*,*
2024-25,S,30,73924,3033917,Orange,Los Alamitos Unified,Los Alamitos High,No,No,RT,69,65,94.2,52,80.0,32,49.2,42,64.6,0,0.0,0,0.0,0,0.0,0,0.0,1,1.4,0,0.0,3,4.3,0,0.0
2024-25,S,30,73924,3033917,Orange,Los Alamitos Unified,Los Alamitos High,No,No,RW,325,313,96.3,257,82.1,137,43.8,187,59.7,0,0.0,0,0.0,0,0.0,1,0.3,0,0.0,0,0.0,11,3.4,0,0.0
2024-25,S,30,73924,3033917,Orange,Los Alamitos Unified,Los Alamitos High,No,No,SD,66,57,86.4,20,35.1,5,8.8,10,17.5,0,0.0,0,0.0,0,0.0,3,4.5,1,1.5,0,0.0,5,7.6,0,0.0
2024-25,S,30,73924,3033917,Orange,Los Alamitos Unified,Los Alamitos High,No,No,SE,12,12,100.0,7,58.3,2,16.7,3,25.0,0,0.0,0,0.0,0,0.0,0,0.0,0,0.0,0,0.0,0,0.0,0,0.0
2024-25,S,30,73924,3033917,Orange,Los Alamitos Unified,Los Alamitos High,No,No,SF,*,*,*,*,*,*,*,*,*,*,*,*,*,*,*,*,*,*,*,*,*,*,*,*,*
2024-25,S,30,73924,3033917,Orange,Los Alamitos Unified,Los Alamitos High,No,No,SH,*,*,*,*,*,*,*,*,*,*,*,*,*,*,*,*,*,*,*,*,*,*,*,*,*
2024-25,S,30,73924,3033917,Orange,Los Alamitos Unified,Los Alamitos High,No,No,SS,207,202,97.6,134,66.3,69,34.2,84,41.6,0,0.0,0,0.0,0,0.0,1,0.5,0,0.0,0,0.0,4,1.9,0,0.0
2024-25,S,30,73924,3033917,Orange,Los Alamitos Unified,Los Alamitos High,No,No,TA,778,755,97.0,619,82.0,363,48.1,435,57.6,0,0.0,0,0.0,0,0.0,3,0.4,1,0.1,0,0.0,19,2.4,0,0.0
2024-25,S,30,76893,130765,Orange,SBE - Magnolia Science Academy Santa Ana,Magnolia Science Academy Santa Ana,Yes,No,GF,21,21,100.0,0,0.0,6,28.6,13,61.9,0,0.0,0,0.0,0,0.0,0,0.0,0,0.0,0,0.0,0,0.0,0,0.0
2024-25,S,30,76893,130765,Orange,SBE - Magnolia Science Academy Santa Ana,Magnolia Science Academy Santa Ana,Yes,No,GM,17,15,88.2,0,0.0,0,0.0,7,46.7,0,0.0,2,11.8,0,0.0,0,0.0,0,0.0,0,0.0,0,0.0,0,0.0
2024-25,S,30,76893,130765,Orange,SBE - Magnolia Science Academy Santa Ana,Magnolia Science Academy Santa Ana,Yes,No,RA,*,*,*,*,*,*,*,*,*,*,*,*,*,*,*,*,*,*,*,*,*,*,*,*,*
2024-25,S,30,76893,130765,Orange,SBE - Magnolia Science Academy Santa Ana,Magnolia Science Academy Santa Ana,Yes,No,RB,*,*,*,*,*,*,*,*,*,*,*,*,*,*,*,*,*,*,*,*,*,*,*,*,*
2024-25,S,30,76893,130765,Orange,SBE - Magnolia Science Academy Santa Ana,Magnolia Science Academy Santa Ana,Yes,No,RD,*,*,*,*,*,*,*,*,*,*,*,*,*,*,*,*,*,*,*,*,*,*,*,*,*
2024-25,S,30,76893,130765,Orange,SBE - Magnolia Science Academy Santa Ana,Magnolia Science Academy Santa Ana,Yes,No,RF,*,*,*,*,*,*,*,*,*,*,*,*,*,*,*,*,*,*,*,*,*,*,*,*,*
2024-25,S,30,76893,130765,Orange,SBE - Magnolia Science Academy Santa Ana,Magnolia Science Academy Santa Ana,Yes,No,RH,19,19,100.0,0,0.0,3,15.8,6,31.6,0,0.0,0,0.0,0,0.0,0,0.0,0,0.0,0,0.0,0,0.0,0,0.0
2024-25,S,30,76893,130765,Orange,SBE - Magnolia Science Academy Santa Ana,Magnolia Science Academy Santa Ana,Yes,No,RI,*,*,*,*,*,*,*,*,*,*,*,*,*,*,*,*,*,*,*,*,*,*,*,*,*
2024-25,S,30,76893,130765,Orange,SBE - Magnolia Science Academy Santa Ana,Magnolia Science Academy Santa Ana,Yes,No,RP,*,*,*,*,*,*,*,*,*,*,*,*,*,*,*,*,*,*,*,*,*,*,*,*,*
2024-25,S,30,76893,130765,Orange,SBE - Magnolia Science Academy Santa Ana,Magnolia Science Academy Santa Ana,Yes,No,RT,*,*,*,*,*,*,*,*,*,*,*,*,*,*,*,*,*,*,*,*,*,*,*,*,*
2024-25,S,30,76893,130765,Orange,SBE - Magnolia Science Academy Santa Ana,Magnolia Science Academy Santa Ana,Yes,No,RW,17,16,94.1,0,0.0,3,18.8,13,81.3,0,0.0,1,5.9,0,0.0,0,0.0,0,0.0,0,0.0,0,0.0,0,0.0
2024-25,S,30,76893,130765,Orange,SBE - Magnolia Science Academy Santa Ana,Magnolia Science Academy Santa Ana,Yes,No,SD,*,*,*,*,*,*,*,*,*,*,*,*,*,*,*,*,*,*,*,*,*,*,*,*,*
2024-25,S,30,76893,130765,Orange,SBE - Magnolia Science Academy Santa Ana,Magnolia Science Academy Santa Ana,Yes,No,SE,*,*,*,*,*,*,*,*,*,*,*,*,*,*,*,*,*,*,*,*,*,*,*,*,*
2024-25,S,30,76893,130765,Orange,SBE - Magnolia Science Academy Santa Ana,Magnolia Science Academy Santa Ana,Yes,No,SH,*,*,*,*,*,*,*,*,*,*,*,*,*,*,*,*,*,*,*,*,*,*,*,*,*
2024-25,S,30,76893,130765,Orange,SBE - Magnolia Science Academy Santa Ana,Magnolia Science Academy Santa Ana,Yes,No,SS,29,29,100.0,0,0.0,5,17.2,15,51.7,0,0.0,0,0.0,0,0.0,0,0.0,0,0.0,0,0.0,0,0.0,0,0.0
2024-25,S,30,76893,130765,Orange,SBE - Magnolia Science Academy Santa Ana,Magnolia Science Academy Santa Ana,Yes,No,TA,38,36,94.7,0,0.0,6,16.7,20,55.6,0,0.0,2,5.3,0,0.0,0,0.0,0,0.0,0,0.0,0,0.0,0,0.0
