cds,county,district,school,el_count,reclass_count,year,reclass_rate,org_level_num,county_code,district_code,school_code,charter_num,dass_num
30103060126037,Orange,Orange County Department of Education,Samueli Academy,52,4,19,0.0769230769230769,4,30,10306,0126037,,
30103060126037,Orange,Orange County Department of Education,Samueli Academy,54,8,20,0.148148148148148,4,30,10306,0126037,,
30103060126037,Orange,Orange County Department of Education,Samueli Academy,107,0,21,0,4,30,10306,0126037,,
30103060126037,Orange,Orange County Department of Education,Samueli Academy,112,14,25,0.125,4,30,10306,0126037,1,0
30103060132613,Orange,Orange County Department of Education,Vista Heritage Global Academy,111,24,19,0.216216216216216,4,30,10306,0132613,,
30103060132613,Orange,Orange County Department of Education,Vista Heritage Global Academy,124,2,20,0.0161290322580645,4,30,10306,0132613,,
30103060132613,Orange,Orange County Department of Education,Vista Heritage Global Academy,133,0,21,0,4,30,10306,0132613,,
30103060132613,Orange,Orange County Department of Education,Vista Heritage Global Academy,161,0,25,0,4,30,10306,0132613,1,0
30103060132910,Orange,Orange County Department of Education,College and Career Preparatory Academy,92,0,19,0,4,30,10306,0132910,,
30103060132910,Orange,Orange County Department of Education,College and Career Preparatory Academy,98,1,20,0.0102040816326531,4,30,10306,0132910,,
30103060132910,Orange,Orange County Department of Education,College and Career Preparatory Academy,38,2,21,0.0526315789473684,4,30,10306,0132910,,
30103060132910,Orange,Orange County Department of Education,College and Career Preparatory Academy,87,1,25,0.0114942528735632,4,30,10306,0132910,1,1
30103060133785,Orange,Orange County Department of Education,Oxford Preparatory Academy - Saddleback Valley,31,0,19,0,4,30,10306,0133785,,
30103060133785,Orange,Orange County Department of Education,Oxford Preparatory Academy - Saddleback Valley,31,20,20,0.645161290322581,4,30,10306,0133785,,
30103060133785,Orange,Orange County Department of Education,Oxford Preparatory Academy - Saddleback Valley,51,6,21,0.117647058823529,4,30,10306,0133785,,
30103060133785,Orange,Orange County Department of Education,Oxford Preparatory Academy - Saddleback Valley,57,12,25,0.210526315789474,4,30,10306,0133785,1,0
30103060133959,Orange,Orange County Department of Education,Unity Middle College High,13,0,19,0,4,30,10306,0133959,,
30103060133959,Orange,Orange County Department of Education,Unity Middle College High,15,4,20,0.266666666666667,4,30,10306,0133959,,
30103060133959,Orange,Orange County Department of Education,Unity Middle College High,20,0,21,0,4,30,10306,0133959,,
30103060133959,Orange,Orange County Department of Education,Unity Middle College High,10,1,25,0.1,4,30,10306,0133959,1,0
30103060133983,Orange,Orange County Department of Education,Ednovate - Legacy College Prep.,59,12,19,0.203389830508475,4,30,10306,0133983,,
30103060133983,Orange,Orange County Department of Education,Ednovate - Legacy College Prep.,67,5,20,0.0746268656716418,4,30,10306,0133983,,
30103060133983,Orange,Orange County Department of Education,Ednovate - Legacy College Prep.,100,0,21,0,4,30,10306,0133983,,
30103060133983,Orange,Orange County Department of Education,Ednovate - Legacy College Prep.,94,46,25,0.48936170212766,4,30,10306,0133983,1,0
30103060134056,Orange,Orange County Department of Education,Orange County Academy of Sciences and Arts,15,0,19,0,4,30,10306,0134056,,
30103060134056,Orange,Orange County Department of Education,Orange County Academy of Sciences and Arts,23,0,20,0,4,30,10306,0134056,,
30103060134056,Orange,Orange County Department of Education,Orange County Academy of Sciences and Arts,21,0,21,0,4,30,10306,0134056,,
30103060134056,Orange,Orange County Department of Education,Orange County Academy of Sciences and Arts,7,2,25,0.285714285714286,4,30,10306,0134056,1,0
30103060134239,Orange,Orange County Department of Education,EPIC Charter (Excellence Performance Innovation Ci,35,1,19,0.0285714285714286,4,30,10306,0134239,,
30103060134239,Orange,Orange County Department of Education,EPIC Charter (Excellence Performance Innovation Ci,19,8,20,0.421052631578947,4,30,10306,0134239,,
30103060134239,Orange,Orange County Department of Education,EPIC Charter (Excellence Performance Innovation Ci,28,2,21,0.0714285714285714,4,30,10306,0134239,,
30103060134239,Orange,Orange County Department of Education,Epic California Academy,44,10,25,0.227272727272727,4,30,10306,0134239,1,0
30103060134288,Orange,Orange County Department of Education,Scholarship Prep Charter,148,61,19,0.412162162162162,4,30,10306,0134288,,
30103060134288,Orange,Orange County Department of Education,Scholarship Prep,163,4,20,0.0245398773006135,4,30,10306,0134288,,
30103060134288,Orange,Orange County Department of Education,Scholarship Prep,185,16,21,0.0864864864864865,4,30,10306,0134288,,
30103060134288,Orange,Orange County Department of Education,Scholarship Prep - Orange County,263,21,25,0.0798479087452472,4,30,10306,0134288,1,0
30103060134841,Orange,Orange County Department of Education,Orange County Workforce Innovation High,40,8,19,0.2,4,30,10306,0134841,,
30103060134841,Orange,Orange County Department of Education,Orange County Workforce Innovation High,51,8,20,0.156862745098039,4,30,10306,0134841,,
30103060134841,Orange,Orange County Department of Education,Orange County Workforce Innovation High,57,4,21,0.0701754385964912,4,30,10306,0134841,,
30103060134841,Orange,Orange County Department of Education,Orange County Workforce Innovation High,65,6,25,0.0923076923076923,4,30,10306,0134841,1,1
30103060134940,Orange,Orange County Department of Education,Citrus Springs Charter,66,0,19,0,4,30,10306,0134940,,
30103060134940,Orange,Orange County Department of Education,Citrus Springs Charter,55,7,20,0.127272727272727,4,30,10306,0134940,,
30103060134940,Orange,Orange County Department of Education,Citrus Springs Charter,52,4,21,0.0769230769230769,4,30,10306,0134940,,
30103060134940,Orange,Orange County Department of Education,Citrus Springs Charter,32,4,25,0.125,4,30,10306,0134940,1,0
30103060137000,Orange,Orange County Department of Education,Vista Condor Global Academy,67,0,19,0,4,30,10306,0137000,,
30103060137000,Orange,Orange County Department of Education,Vista Condor Global Academy,85,17,20,0.2,4,30,10306,0137000,,
30103060137000,Orange,Orange County Department of Education,Vista Condor Global Academy,90,0,21,0,4,30,10306,0137000,,
30103060137000,Orange,Orange County Department of Education,Vista Condor Global Academy,186,11,25,0.0591397849462366,4,30,10306,0137000,1,0
30103060137976,Orange,Orange County Department of Education,Tomorrow's Leadership Collaborative (TLC) Charter,11,0,19,0,4,30,10306,0137976,,
30103060137976,Orange,Orange County Department of Education,Tomorrow's Leadership Collaborative (TLC) Charter,44,4,20,0.0909090909090909,4,30,10306,0137976,,
30103060137976,Orange,Orange County Department of Education,Tomorrow's Leadership Collaborative (TLC) Charter,54,1,21,0.0185185185185185,4,30,10306,0137976,,
30103060137976,Orange,Orange County Department of Education,Tomorrow's Leadership Collaborative (TLC) Charter,36,4,25,0.111111111111111,4,30,10306,0137976,1,0
30103060138800,Orange,Orange County Department of Education,National University Academy Homeschool/Independent,3,0,20,0,4,30,10306,0138800,,
30103060138800,Orange,Orange County Department of Education,Suncoast Preparatory Academy,7,0,21,0,4,30,10306,0138800,,
30103060138800,Orange,Orange County Department of Education,Suncoast Preparatory Academy,28,3,25,0.107142857142857,4,30,10306,0138800,1,0
30103060139352,Orange,Orange County Department of Education,Sycamore Creek Community Charter,3,0,20,0,4,30,10306,0139352,,
30103060139352,Orange,Orange County Department of Education,Sycamore Creek Community Charter,9,0,21,0,4,30,10306,0139352,,
30103060139352,Orange,Orange County Department of Education,Sycamore Creek Community Charter,10,0,25,0,4,30,10306,0139352,1,0
30103060139469,Orange,Orange County Department of Education,International School for Science and Culture,21,0,20,0,4,30,10306,0139469,,
30103060139469,Orange,Orange County Department of Education,International School for Science and Culture,23,0,21,0,4,30,10306,0139469,,
30103060139469,Orange,Orange County Department of Education,International School for Science and Culture,23,13,25,0.565217391304348,4,30,10306,0139469,1,0
30103060139964,Orange,Orange County Department of Education,Orange County Classical Academy,36,23,25,0.638888888888889,4,30,10306,0139964,1,0
30103060140822,Orange,Orange County Department of Education,Irvine International Academy,140,23,25,0.164285714285714,4,30,10306,0140822,1,0
30103060141978,Orange,Orange County Department of Education,Vista Meridian Global Academy,98,1,25,0.0102040816326531,4,30,10306,0141978,1,0
30103060142000,Orange,Orange County Department of Education,Explore Academy,33,2,25,0.0606060606060606,4,30,10306,0142000,1,0
30103060142026,Orange,Orange County Department of Education,Oxford Preparatory Academy - Middle,25,12,25,0.48,4,30,10306,0142026,1,0
30103060142224,Orange,Orange County Department of Education,California Republic Leadership Academy Capistrano,1,0,25,0,4,30,10306,0142224,1,0
30103060142570,Orange,Orange County Department of Education,California Republic Leadership Academy Yorba Linda,8,2,25,0.25,4,30,10306,0142570,1,0
30103063030426,Orange,Orange County Department of Education,ACCESS Juvenile Hall,119,0,19,0,4,30,10306,3030426,,
30103063030426,Orange,Orange County Department of Education,ACCESS Juvenile Hall,102,0,20,0,4,30,10306,3030426,,
30103063030426,Orange,Orange County Department of Education,ACCESS Juvenile Hall,60,2,21,0.0333333333333333,4,30,10306,3030426,,
30103063030426,Orange,Orange County Department of Education,ACCESS Juvenile Hall,134,4,25,0.0298507462686567,4,30,10306,3030426,0,1
30103063030632,Orange,Orange County Department of Education,OCCS:CHEP/PCHS,15,0,19,0,4,30,10306,3030632,,
30103063030632,Orange,Orange County Department of Education,OCCS:CHEP/PCHS,21,5,20,0.238095238095238,4,30,10306,3030632,,
30103063030632,Orange,Orange County Department of Education,OCCS:CHEP/PCHS,20,5,21,0.25,4,30,10306,3030632,,
30103063030632,Orange,Orange County Department of Education,OCCS:CHEP/PCHS,15,7,25,0.466666666666667,4,30,10306,3030632,0,1
30103063030723,Orange,Orange County Department of Education,OCSA,28,0,21,0,4,30,10306,3030723,,
30103063030723,Orange,Orange County Department of Education,OCSA,65,0,25,0,4,30,10306,3030723,1,0
30103063030764,Orange,Orange County Department of Education,ACCESS County Community,476,0,19,0,4,30,10306,3030764,,
30103063030764,Orange,Orange County Department of Education,ACCESS County Community,505,0,20,0,4,30,10306,3030764,,
30103063030764,Orange,Orange County Department of Education,ACCESS County Community,456,3,21,0.00657894736842105,4,30,10306,3030764,,
30103063030764,Orange,Orange County Department of Education,ACCESS County Community,604,31,25,0.0513245033112583,4,30,10306,3030764,0,1
30103066069553,Orange,Orange County Department of Education,Orange County Special Education,92,1,19,0.0108695652173913,4,30,10306,6069553,,
30103066069553,Orange,Orange County Department of Education,Orange County Special Education,93,3,20,0.032258064516129,4,30,10306,6069553,,
30103066069553,Orange,Orange County Department of Education,Orange County Special Education,95,1,21,0.0105263157894737,4,30,10306,6069553,,
30103066069553,Orange,Orange County Department of Education,Orange County Special Education,82,0,25,0,4,30,10306,6069553,0,1
30647666020127,Orange,Lowell Joint,El Portal Elementary,64,20,25,0.3125,4,30,64766,6020127,0,0
30647666020150,Orange,Lowell Joint,Jordan Elementary,51,18,25,0.352941176470588,4,30,64766,6020150,0,0
30647666020176,Orange,Lowell Joint,Macy Elementary,21,9,25,0.428571428571429,4,30,64766,6020176,0,0
30647666020192,Orange,Lowell Joint,Meadow Green Elementary,26,16,25,0.615384615384615,4,30,64766,6020192,0,0
30647666020200,Orange,Lowell Joint,Olita Elementary,29,9,25,0.310344827586207,4,30,64766,6020200,0,0
30647666020218,Orange,Lowell Joint,Rancho-Starbuck Intermediate,29,16,25,0.551724137931035,4,30,64766,6020218,0,0
30664230000000,Orange,Anaheim Elementary,District Office,1,0,21,0,4,30,66423,0000000,,
30664230000001,Orange,Anaheim Elementary,"Nonpublic, Nonsectarian Schools",1,0,19,0,4,30,66423,0000001,,
30664230000001,Orange,Anaheim Elementary,"Nonpublic, Nonsectarian Schools",3,0,20,0,4,30,66423,0000001,,
30664230000001,Orange,Anaheim Elementary,"Nonpublic, Nonsectarian Schools",3,0,21,0,4,30,66423,0000001,,
30664230000001,Orange,Anaheim Elementary,"Nonpublic, Nonsectarian Schools",8,1,25,0.125,4,30,66423,0000001,0,0
30664230113712,Orange,Anaheim Elementary,Orange Grove Elementary,419,61,19,0.145584725536993,4,30,66423,0113712,,
30664230113712,Orange,Anaheim Elementary,Orange Grove Elementary,414,45,20,0.108695652173913,4,30,66423,0113712,,
30664230113712,Orange,Anaheim Elementary,Orange Grove Elementary,366,5,21,0.0136612021857924,4,30,66423,0113712,,
30664230113712,Orange,Anaheim Elementary,Orange Grove Elementary,281,48,25,0.170818505338078,4,30,66423,0113712,0,0
30664230121053,Orange,Anaheim Elementary,Ponderosa Elementary,684,78,19,0.114035087719298,4,30,66423,0121053,,
30664230121053,Orange,Anaheim Elementary,Ponderosa Elementary,618,78,20,0.12621359223301,4,30,66423,0121053,,
30664230121053,Orange,Anaheim Elementary,Ponderosa Elementary,562,9,21,0.0160142348754448,4,30,66423,0121053,,
30664230121053,Orange,Anaheim Elementary,Ponderosa Elementary,419,63,25,0.15035799522673,4,30,66423,0121053,0,0
30664230131417,Orange,Anaheim Elementary,GOALS Academy,48,9,19,0.1875,4,30,66423,0131417,,
30664230131417,Orange,Anaheim Elementary,GOALS Academy,55,2,20,0.0363636363636364,4,30,66423,0131417,,
30664230131417,Orange,Anaheim Elementary,Vibrant Minds Charter,62,0,21,0,4,30,66423,0131417,,
30664230131417,Orange,Anaheim Elementary,Vibrant Minds Charter,55,8,25,0.145454545454545,4,30,66423,0131417,1,0
30664230140236,Orange,Anaheim Elementary,Anaheim Elementary Online Academy,85,0,21,0,4,30,66423,0140236,,
30664236027221,Orange,Anaheim Elementary,Lincoln (Abraham) Elementary,620,78,19,0.125806451612903,4,30,66423,6027221,,
30664236027221,Orange,Anaheim Elementary,Lincoln (Abraham) Elementary,569,71,20,0.124780316344464,4,30,66423,6027221,,
30664236027221,Orange,Anaheim Elementary,Lincoln (Abraham) Elementary,549,7,21,0.0127504553734062,4,30,66423,6027221,,
30664236027221,Orange,Anaheim Elementary,Lincoln (Abraham) Elementary,349,48,25,0.137535816618911,4,30,66423,6027221,0,0
30664236027239,Orange,Anaheim Elementary,Price (Adelaide) Elementary,379,54,19,0.142480211081794,4,30,66423,6027239,,
30664236027239,Orange,Anaheim Elementary,Price (Adelaide) Elementary,352,50,20,0.142045454545455,4,30,66423,6027239,,
30664236027239,Orange,Anaheim Elementary,Price (Adelaide) Elementary,325,13,21,0.04,4,30,66423,6027239,,
30664236027239,Orange,Anaheim Elementary,Price (Adelaide) Elementary,190,27,25,0.142105263157895,4,30,66423,6027239,0,0
30664236027247,Orange,Anaheim Elementary,Stoddard (Alexander J.) Elementary,312,71,19,0.227564102564103,4,30,66423,6027247,,
30664236027247,Orange,Anaheim Elementary,Stoddard (Alexander J.) Elementary,321,27,20,0.0841121495327103,4,30,66423,6027247,,
30664236027247,Orange,Anaheim Elementary,Stoddard (Alexander J.) Elementary,298,5,21,0.0167785234899329,4,30,66423,6027247,,
30664236027247,Orange,Anaheim Elementary,Stoddard (Alexander J.) Elementary,240,25,25,0.104166666666667,4,30,66423,6027247,0,0
30664236027254,Orange,Anaheim Elementary,Juarez (Benito) Elementary,345,44,19,0.127536231884058,4,30,66423,6027254,,
30664236027254,Orange,Anaheim Elementary,Juarez (Benito) Elementary,371,30,20,0.0808625336927224,4,30,66423,6027254,,
30664236027254,Orange,Anaheim Elementary,Juarez (Benito) Elementary,378,0,21,0,4,30,66423,6027254,,
30664236027254,Orange,Anaheim Elementary,Juarez (Benito) Elementary,234,30,25,0.128205128205128,4,30,66423,6027254,0,0
30664236027262,Orange,Anaheim Elementary,Franklin (Benjamin) Elementary,287,96,19,0.334494773519164,4,30,66423,6027262,,
30664236027262,Orange,Anaheim Elementary,Franklin (Benjamin) Elementary,279,31,20,0.111111111111111,4,30,66423,6027262,,
30664236027262,Orange,Anaheim Elementary,Franklin (Benjamin) Elementary,257,5,21,0.0194552529182879,4,30,66423,6027262,,
30664236027262,Orange,Anaheim Elementary,Franklin (Benjamin) Elementary,204,46,25,0.225490196078431,4,30,66423,6027262,0,0
30664236027270,Orange,Anaheim Elementary,Ross (Betsy) Elementary,504,71,19,0.140873015873016,4,30,66423,6027270,,
30664236027270,Orange,Anaheim Elementary,Ross (Betsy) Elementary,497,62,20,0.124748490945674,4,30,66423,6027270,,
30664236027270,Orange,Anaheim Elementary,Ross (Betsy) Elementary,468,12,21,0.0256410256410256,4,30,66423,6027270,,
30664236027270,Orange,Anaheim Elementary,Ross (Betsy) Elementary,306,48,25,0.156862745098039,4,30,66423,6027270,0,0
30664236027288,Orange,Anaheim Elementary,Barton (Clara) Elementary,273,55,19,0.201465201465201,4,30,66423,6027288,,
30664236027288,Orange,Anaheim Elementary,Barton (Clara) Elementary,285,33,20,0.115789473684211,4,30,66423,6027288,,
30664236027288,Orange,Anaheim Elementary,Barton (Clara) Elementary,291,11,21,0.0378006872852234,4,30,66423,6027288,,
30664236027288,Orange,Anaheim Elementary,Barton (Clara) Elementary,232,44,25,0.189655172413793,4,30,66423,6027288,0,0
30664236027312,Orange,Anaheim Elementary,Mann (Horace) Elementary,470,74,19,0.157446808510638,4,30,66423,6027312,,
30664236027312,Orange,Anaheim Elementary,Mann (Horace) Elementary,434,57,20,0.131336405529954,4,30,66423,6027312,,
30664236027312,Orange,Anaheim Elementary,Mann (Horace) Elementary,400,7,21,0.0175,4,30,66423,6027312,,
30664236027312,Orange,Anaheim Elementary,Mann (Horace) Elementary,266,35,25,0.131578947368421,4,30,66423,6027312,0,0
30664236027320,Orange,Anaheim Elementary,Guinn (James M.) Elementary,384,62,19,0.161458333333333,4,30,66423,6027320,,
30664236027320,Orange,Anaheim Elementary,Guinn (James M.) Elementary,402,37,20,0.0920398009950249,4,30,66423,6027320,,
30664236027320,Orange,Anaheim Elementary,Guinn (James M.) Elementary,358,6,21,0.0167597765363129,4,30,66423,6027320,,
30664236027320,Orange,Anaheim Elementary,Guinn (James M.) Elementary,291,30,25,0.103092783505155,4,30,66423,6027320,0,0
30664236027338,Orange,Anaheim Elementary,Madison (James) Elementary,305,52,19,0.170491803278689,4,30,66423,6027338,,
30664236027338,Orange,Anaheim Elementary,Madison (James) Elementary,284,42,20,0.147887323943662,4,30,66423,6027338,,
30664236027338,Orange,Anaheim Elementary,Madison (James) Elementary,238,7,21,0.0294117647058824,4,30,66423,6027338,,
30664236027338,Orange,Anaheim Elementary,Madison (James) Elementary,218,37,25,0.169724770642202,4,30,66423,6027338,0,0
30664236027346,Orange,Anaheim Elementary,Marshall (John) Elementary,398,59,19,0.148241206030151,4,30,66423,6027346,,
30664236027346,Orange,Anaheim Elementary,Marshall (John) Elementary,354,72,20,0.203389830508475,4,30,66423,6027346,,
30664236027346,Orange,Anaheim Elementary,Marshall (John) Elementary,337,10,21,0.029673590504451,4,30,66423,6027346,,
30664236027346,Orange,Anaheim Elementary,Marshall (John) Elementary,281,44,25,0.156583629893238,4,30,66423,6027346,0,0
30664236027353,Orange,Anaheim Elementary,Loara Elementary,229,39,19,0.170305676855895,4,30,66423,6027353,,
30664236027353,Orange,Anaheim Elementary,Loara Elementary,201,35,20,0.174129353233831,4,30,66423,6027353,,
30664236027353,Orange,Anaheim Elementary,Loara Elementary,199,13,21,0.0653266331658292,4,30,66423,6027353,,
30664236027353,Orange,Anaheim Elementary,Loara Elementary,191,17,25,0.0890052356020942,4,30,66423,6027353,0,0
30664236027361,Orange,Anaheim Elementary,Gauer (Melbourne A.) Elementary,316,67,19,0.212025316455696,4,30,66423,6027361,,
30664236027361,Orange,Anaheim Elementary,Gauer (Melbourne A.) Elementary,267,43,20,0.161048689138577,4,30,66423,6027361,,
30664236027361,Orange,Anaheim Elementary,Gauer (Melbourne A.) Elementary,241,9,21,0.037344398340249,4,30,66423,6027361,,
30664236027361,Orange,Anaheim Elementary,Gauer (Melbourne A.) Elementary,180,30,25,0.166666666666667,4,30,66423,6027361,0,0
30664236027379,Orange,Anaheim Elementary,Palm Lane Elementary Charter,233,23,19,0.0987124463519313,4,30,66423,6027379,,
30664236027379,Orange,Anaheim Elementary,Palm Lane Elementary Charter,201,0,20,0,4,30,66423,6027379,,
30664236027379,Orange,Anaheim Elementary,Palm Lane Elementary Charter,166,29,21,0.174698795180723,4,30,66423,6027379,,
30664236027379,Orange,Anaheim Elementary,Palm Lane Global Academy,118,6,25,0.0508474576271187,4,30,66423,6027379,1,0
30664236027387,Orange,Anaheim Elementary,Henry (Patrick) Elementary,364,61,19,0.167582417582418,4,30,66423,6027387,,
30664236027387,Orange,Anaheim Elementary,Henry (Patrick) Elementary,328,34,20,0.103658536585366,4,30,66423,6027387,,
30664236027387,Orange,Anaheim Elementary,Henry (Patrick) Elementary,331,0,21,0,4,30,66423,6027387,,
30664236027387,Orange,Anaheim Elementary,Henry (Patrick) Elementary,186,30,25,0.161290322580645,4,30,66423,6027387,0,0
30664236027395,Orange,Anaheim Elementary,Revere (Paul) Elementary,507,73,19,0.143984220907298,4,30,66423,6027395,,
30664236027395,Orange,Anaheim Elementary,Revere (Paul) Elementary,444,76,20,0.171171171171171,4,30,66423,6027395,,
30664236027395,Orange,Anaheim Elementary,Revere (Paul) Elementary,406,7,21,0.0172413793103448,4,30,66423,6027395,,
30664236027395,Orange,Anaheim Elementary,Revere (Paul) Elementary,263,31,25,0.11787072243346,4,30,66423,6027395,0,0
30664236027403,Orange,Anaheim Elementary,Sunkist Elementary,437,50,19,0.11441647597254,4,30,66423,6027403,,
30664236027403,Orange,Anaheim Elementary,Sunkist Elementary,387,38,20,0.0981912144702842,4,30,66423,6027403,,
30664236027403,Orange,Anaheim Elementary,Sunkist Elementary,338,8,21,0.0236686390532544,4,30,66423,6027403,,
30664236027403,Orange,Anaheim Elementary,Sunkist Elementary,242,22,25,0.0909090909090909,4,30,66423,6027403,0,0
30664236027411,Orange,Anaheim Elementary,Roosevelt (Theodore) Elementary,149,44,19,0.295302013422819,4,30,66423,6027411,,
30664236027411,Orange,Anaheim Elementary,Roosevelt (Theodore) Elementary,159,20,20,0.125786163522013,4,30,66423,6027411,,
30664236027411,Orange,Anaheim Elementary,Roosevelt (Theodore) Elementary,147,3,21,0.0204081632653061,4,30,66423,6027411,,
30664236027411,Orange,Anaheim Elementary,Roosevelt (Theodore) Elementary,182,31,25,0.17032967032967,4,30,66423,6027411,0,0
30664236027429,Orange,Anaheim Elementary,Edison (Thomas) Elementary,553,93,19,0.168173598553345,4,30,66423,6027429,,
30664236027429,Orange,Anaheim Elementary,Edison (Thomas) Elementary,496,82,20,0.165322580645161,4,30,66423,6027429,,
30664236027429,Orange,Anaheim Elementary,Edison (Thomas) Elementary,507,8,21,0.0157790927021696,4,30,66423,6027429,,
30664236027429,Orange,Anaheim Elementary,Edison (Thomas) Elementary,376,47,25,0.125,4,30,66423,6027429,0,0
30664236027437,Orange,Anaheim Elementary,Jefferson (Thomas) Elementary,326,59,19,0.180981595092025,4,30,66423,6027437,,
30664236027437,Orange,Anaheim Elementary,Jefferson (Thomas) Elementary,297,39,20,0.131313131313131,4,30,66423,6027437,,
30664236027437,Orange,Anaheim Elementary,Jefferson (Thomas) Elementary,251,8,21,0.0318725099601594,4,30,66423,6027437,,
30664236027437,Orange,Anaheim Elementary,Jefferson (Thomas) Elementary,168,39,25,0.232142857142857,4,30,66423,6027437,0,0
30664236113393,Orange,Anaheim Elementary,Olive Street Elementary,369,53,19,0.143631436314363,4,30,66423,6113393,,
30664236113393,Orange,Anaheim Elementary,Olive Street Elementary,336,39,20,0.116071428571429,4,30,66423,6113393,,
30664236113393,Orange,Anaheim Elementary,Olive Street Elementary,298,3,21,0.0100671140939597,4,30,66423,6113393,,
30664236113393,Orange,Anaheim Elementary,Olive Street Elementary,203,23,25,0.113300492610837,4,30,66423,6113393,0,0
30664236116123,Orange,Anaheim Elementary,Westmont Elementary,355,47,19,0.132394366197183,4,30,66423,6116123,,
30664236116123,Orange,Anaheim Elementary,Westmont Elementary,320,46,20,0.14375,4,30,66423,6116123,,
30664236116123,Orange,Anaheim Elementary,Westmont Elementary,302,9,21,0.0298013245033113,4,30,66423,6116123,,
30664236116123,Orange,Anaheim Elementary,Westmont Elementary,257,29,25,0.11284046692607,4,30,66423,6116123,0,0
30664310000001,Orange,Anaheim Union High,"Nonpublic, Nonsectarian Schools",10,0,19,0,4,30,66431,0000001,,
30664310000001,Orange,Anaheim Union High,"Nonpublic, Nonsectarian Schools",13,0,20,0,4,30,66431,0000001,,
30664310000001,Orange,Anaheim Union High,"Nonpublic, Nonsectarian Schools",10,0,21,0,4,30,66431,0000001,,
30664310000001,Orange,Anaheim Union High,"Nonpublic, Nonsectarian Schools",7,0,25,0,4,30,66431,0000001,0,0
30664310140707,Orange,Anaheim Union High,Cambridge Virtual Academy,36,3,25,0.0833333333333333,4,30,66431,0140707,0,0
30664313030038,Orange,Anaheim Union High,Cypress High,184,19,19,0.103260869565217,4,30,66431,3030038,,
30664313030038,Orange,Anaheim Union High,Cypress High,125,71,20,0.568,4,30,66431,3030038,,
30664313030038,Orange,Anaheim Union High,Cypress High,123,15,21,0.121951219512195,4,30,66431,3030038,,
30664313030038,Orange,Anaheim Union High,Cypress High,113,19,25,0.168141592920354,4,30,66431,3030038,0,0
30664313030228,Orange,Anaheim Union High,Anaheim High,801,161,19,0.200998751560549,4,30,66431,3030228,,
30664313030228,Orange,Anaheim Union High,Anaheim High,637,205,20,0.32182103610675,4,30,66431,3030228,,
30664313030228,Orange,Anaheim Union High,Anaheim High,574,7,21,0.0121951219512195,4,30,66431,3030228,,
30664313030228,Orange,Anaheim Union High,Anaheim High,886,192,25,0.216704288939052,4,30,66431,3030228,0,0
30664313030384,Orange,Anaheim Union High,Polaris High (Alternative),13,0,19,0,4,30,66431,3030384,,
30664313030384,Orange,Anaheim Union High,Polaris High (Alternative),14,4,20,0.285714285714286,4,30,66431,3030384,,
30664313030384,Orange,Anaheim Union High,Polaris High (Alternative),81,0,21,0,4,30,66431,3030384,,
30664313030384,Orange,Anaheim Union High,Polaris High,255,8,25,0.0313725490196078,4,30,66431,3030384,0,0
30664313030616,Orange,Anaheim Union High,Oxford Academy,3,0,19,0,4,30,66431,3030616,,
30664313030616,Orange,Anaheim Union High,Oxford Academy,4,1,20,0.25,4,30,66431,3030616,,
30664313030616,Orange,Anaheim Union High,Oxford Academy,1,1,25,1,4,30,66431,3030616,0,0
30664313032786,Orange,Anaheim Union High,Gilbert High (Continuation),236,24,19,0.101694915254237,4,30,66431,3032786,,
30664313032786,Orange,Anaheim Union High,Gilbert High (Continuation),213,26,20,0.122065727699531,4,30,66431,3032786,,
30664313032786,Orange,Anaheim Union High,Gilbert High (Continuation),180,5,21,0.0277777777777778,4,30,66431,3032786,,
30664313032786,Orange,Anaheim Union High,Gilbert High (Continuation),215,0,25,0,4,30,66431,3032786,0,1
30664313033057,Orange,Anaheim Union High,Katella High,567,139,19,0.245149911816579,4,30,66431,3033057,,
30664313033057,Orange,Anaheim Union High,Katella High,490,155,20,0.316326530612245,4,30,66431,3033057,,
30664313033057,Orange,Anaheim Union High,Katella High,514,26,21,0.0505836575875486,4,30,66431,3033057,,
30664313033057,Orange,Anaheim Union High,Katella High,642,147,25,0.228971962616822,4,30,66431,3033057,0,0
30664313033115,Orange,Anaheim Union High,John F. Kennedy High,170,33,19,0.194117647058824,4,30,66431,3033115,,
30664313033115,Orange,Anaheim Union High,John F. Kennedy High,147,43,20,0.292517006802721,4,30,66431,3033115,,
30664313033115,Orange,Anaheim Union High,John F. Kennedy High,113,32,21,0.283185840707965,4,30,66431,3033115,,
30664313033115,Orange,Anaheim Union High,John F. Kennedy High,156,36,25,0.230769230769231,4,30,66431,3033115,0,0
30664313033784,Orange,Anaheim Union High,Loara High,456,107,19,0.234649122807018,4,30,66431,3033784,,
30664313033784,Orange,Anaheim Union High,Loara High,422,56,20,0.132701421800948,4,30,66431,3033784,,
30664313033784,Orange,Anaheim Union High,Loara High,443,23,21,0.0519187358916479,4,30,66431,3033784,,
30664313033784,Orange,Anaheim Union High,Loara High,512,131,25,0.255859375,4,30,66431,3033784,0,0
30664313034204,Orange,Anaheim Union High,Magnolia High,544,45,19,0.0827205882352941,4,30,66431,3034204,,
30664313034204,Orange,Anaheim Union High,Magnolia High,458,125,20,0.27292576419214,4,30,66431,3034204,,
30664313034204,Orange,Anaheim Union High,Magnolia High,497,16,21,0.0321931589537223,4,30,66431,3034204,,
30664313034204,Orange,Anaheim Union High,Magnolia High,439,85,25,0.193621867881549,4,30,66431,3034204,0,0
30664313036712,Orange,Anaheim Union High,Savanna High,414,75,19,0.181159420289855,4,30,66431,3036712,,
30664313036712,Orange,Anaheim Union High,Savanna High,363,60,20,0.165289256198347,4,30,66431,3036712,,
30664313036712,Orange,Anaheim Union High,Savanna High,344,28,21,0.0813953488372093,4,30,66431,3036712,,
30664313036712,Orange,Anaheim Union High,Savanna High,322,42,25,0.130434782608696,4,30,66431,3036712,0,0
30664313038239,Orange,Anaheim Union High,Western High,413,72,19,0.174334140435835,4,30,66431,3038239,,
30664313038239,Orange,Anaheim Union High,Western High,308,100,20,0.324675324675325,4,30,66431,3038239,,
30664313038239,Orange,Anaheim Union High,Western High,345,24,21,0.0695652173913044,4,30,66431,3038239,,
30664313038239,Orange,Anaheim Union High,Western High,341,36,25,0.105571847507331,4,30,66431,3038239,0,0
30664316058812,Orange,Anaheim Union High,Brookhurst Junior High,264,41,19,0.15530303030303,4,30,66431,6058812,,
30664316058812,Orange,Anaheim Union High,Brookhurst Junior High,278,78,20,0.280575539568345,4,30,66431,6058812,,
30664316058812,Orange,Anaheim Union High,Brookhurst Junior High,298,26,21,0.087248322147651,4,30,66431,6058812,,
30664316058812,Orange,Anaheim Union High,Brookhurst Junior High,181,40,25,0.220994475138122,4,30,66431,6058812,0,0
30664316058820,Orange,Anaheim Union High,Dale Junior High,384,32,19,0.0833333333333333,4,30,66431,6058820,,
30664316058820,Orange,Anaheim Union High,Dale Junior High,351,79,20,0.225071225071225,4,30,66431,6058820,,
30664316058820,Orange,Anaheim Union High,Dale Junior High,310,35,21,0.112903225806452,4,30,66431,6058820,,
30664316058820,Orange,Anaheim Union High,Dale Junior High,323,59,25,0.18266253869969,4,30,66431,6058820,0,0
30664316058861,Orange,Anaheim Union High,Orangeview Junior High,295,124,19,0.420338983050847,4,30,66431,6058861,,
30664316058861,Orange,Anaheim Union High,Orangeview Junior High,305,53,20,0.173770491803279,4,30,66431,6058861,,
30664316058861,Orange,Anaheim Union High,Orangeview Junior High,246,77,21,0.313008130081301,4,30,66431,6058861,,
30664316058861,Orange,Anaheim Union High,Orangeview Junior High,165,21,25,0.127272727272727,4,30,66431,6058861,0,0
30664316058887,Orange,Anaheim Union High,South Junior High,428,35,19,0.0817757009345794,4,30,66431,6058887,,
30664316058887,Orange,Anaheim Union High,South Junior High,410,113,20,0.275609756097561,4,30,66431,6058887,,
30664316058887,Orange,Anaheim Union High,South Junior High,494,9,21,0.0182186234817814,4,30,66431,6058887,,
30664316058887,Orange,Anaheim Union High,South Junior High,347,55,25,0.15850144092219,4,30,66431,6058887,0,0
30664316058895,Orange,Anaheim Union High,Sycamore Junior High,465,60,19,0.129032258064516,4,30,66431,6058895,,
30664316058895,Orange,Anaheim Union High,Sycamore Junior High,427,150,20,0.351288056206089,4,30,66431,6058895,,
30664316058895,Orange,Anaheim Union High,Sycamore Junior High,486,55,21,0.113168724279835,4,30,66431,6058895,,
30664316058895,Orange,Anaheim Union High,Sycamore Junior High,406,80,25,0.197044334975369,4,30,66431,6058895,0,0
30664316058903,Orange,Anaheim Union High,Walker Junior High,97,25,19,0.257731958762887,4,30,66431,6058903,,
30664316058903,Orange,Anaheim Union High,Walker Junior High,101,30,20,0.297029702970297,4,30,66431,6058903,,
30664316058903,Orange,Anaheim Union High,Walker Junior High,100,10,21,0.1,4,30,66431,6058903,,
30664316058903,Orange,Anaheim Union High,Walker Junior High,86,41,25,0.476744186046512,4,30,66431,6058903,0,0
30664316061683,Orange,Anaheim Union High,Ball Junior High,311,47,19,0.15112540192926,4,30,66431,6061683,,
30664316061683,Orange,Anaheim Union High,Ball Junior High,287,62,20,0.21602787456446,4,30,66431,6061683,,
30664316061683,Orange,Anaheim Union High,Ball Junior High,305,12,21,0.039344262295082,4,30,66431,6061683,,
30664316061683,Orange,Anaheim Union High,Ball Junior High,253,61,25,0.241106719367589,4,30,66431,6061683,0,0
30664316066815,Orange,Anaheim Union High,Hope,104,3,19,0.0288461538461538,4,30,66431,6066815,,
30664316066815,Orange,Anaheim Union High,Hope,99,4,20,0.0404040404040404,4,30,66431,6066815,,
30664316066815,Orange,Anaheim Union High,Hope,94,3,21,0.0319148936170213,4,30,66431,6066815,,
30664316066815,Orange,Anaheim Union High,Hope,24,20,25,0.833333333333333,4,30,66431,6066815,0,1
30664316085260,Orange,Anaheim Union High,Lexington Junior High,112,15,19,0.133928571428571,4,30,66431,6085260,,
30664316085260,Orange,Anaheim Union High,Lexington Junior High,93,42,20,0.451612903225806,4,30,66431,6085260,,
30664316085260,Orange,Anaheim Union High,Lexington Junior High,108,18,21,0.166666666666667,4,30,66431,6085260,,
30664316085260,Orange,Anaheim Union High,Lexington Junior High,79,29,25,0.367088607594937,4,30,66431,6085260,0,0
30664490140350,Orange,Brea-Olinda Unified,BOUSD Online Academy,11,0,21,0,4,30,66449,0140350,,
30664490140350,Orange,Brea-Olinda Unified,Brea Online Academy,1,0,25,0,4,30,66449,0140350,0,0
30664493030624,Orange,Brea-Olinda Unified,Brea Canyon High (Continuation),7,6,19,0.857142857142857,4,30,66449,3030624,,
30664493030624,Orange,Brea-Olinda Unified,Brea Canyon High (Continuation),8,3,20,0.375,4,30,66449,3030624,,
30664493030624,Orange,Brea-Olinda Unified,Brea Canyon High (Continuation),9,0,21,0,4,30,66449,3030624,,
30664493030624,Orange,Brea-Olinda Unified,Brea Canyon High (Continuation),6,0,25,0,4,30,66449,3030624,0,1
30664493030640,Orange,Brea-Olinda Unified,Brea-Olinda High,62,18,19,0.290322580645161,4,30,66449,3030640,,
30664493030640,Orange,Brea-Olinda Unified,Brea-Olinda High,54,9,20,0.166666666666667,4,30,66449,3030640,,
30664493030640,Orange,Brea-Olinda Unified,Brea Olinda High,59,9,21,0.152542372881356,4,30,66449,3030640,,
30664493030640,Orange,Brea-Olinda Unified,Brea Olinda High,92,24,25,0.260869565217391,4,30,66449,3030640,0,0
30664496027445,Orange,Brea-Olinda Unified,Arovista Elementary,48,11,19,0.229166666666667,4,30,66449,6027445,,
30664496027445,Orange,Brea-Olinda Unified,Arovista Elementary,51,11,20,0.215686274509804,4,30,66449,6027445,,
30664496027445,Orange,Brea-Olinda Unified,Arovista Elementary,42,5,21,0.119047619047619,4,30,66449,6027445,,
30664496027445,Orange,Brea-Olinda Unified,Arovista Elementary,67,11,25,0.164179104477612,4,30,66449,6027445,0,0
30664496027452,Orange,Brea-Olinda Unified,Laurel Elementary Magnet School of Innovation and,116,7,19,0.0603448275862069,4,30,66449,6027452,,
30664496027452,Orange,Brea-Olinda Unified,Laurel Elementary Magnet School of Innovation and,112,20,20,0.178571428571429,4,30,66449,6027452,,
30664496027452,Orange,Brea-Olinda Unified,Laurel Elementary Magnet School of Innovation and,79,5,21,0.0632911392405063,4,30,66449,6027452,,
30664496027452,Orange,Brea-Olinda Unified,Laurel Elementary Magnet School of Innovation and Career Exploration,67,2,25,0.0298507462686567,4,30,66449,6027452,0,0
30664496027460,Orange,Brea-Olinda Unified,Mariposa Elementary,64,1,19,0.015625,4,30,66449,6027460,,
30664496027460,Orange,Brea-Olinda Unified,Mariposa Elementary,55,22,20,0.4,4,30,66449,6027460,,
30664496027460,Orange,Brea-Olinda Unified,Mariposa Elementary,41,7,21,0.170731707317073,4,30,66449,6027460,,
30664496027460,Orange,Brea-Olinda Unified,Mariposa Elementary,35,8,25,0.228571428571429,4,30,66449,6027460,0,0
30664496027478,Orange,Brea-Olinda Unified,Olinda Elementary,99,14,19,0.141414141414141,4,30,66449,6027478,,
30664496027478,Orange,Brea-Olinda Unified,Olinda Elementary,70,35,20,0.5,4,30,66449,6027478,,
30664496027478,Orange,Brea-Olinda Unified,Olinda Elementary,51,8,21,0.156862745098039,4,30,66449,6027478,,
30664496027478,Orange,Brea-Olinda Unified,Olinda Elementary,80,15,25,0.1875,4,30,66449,6027478,0,0
30664496058911,Orange,Brea-Olinda Unified,Brea Junior High,43,7,19,0.162790697674419,4,30,66449,6058911,,
30664496058911,Orange,Brea-Olinda Unified,Brea Junior High,53,10,20,0.188679245283019,4,30,66449,6058911,,
30664496058911,Orange,Brea-Olinda Unified,Brea Junior High,56,9,21,0.160714285714286,4,30,66449,6058911,,
30664496058911,Orange,Brea-Olinda Unified,Brea Junior High,72,10,25,0.138888888888889,4,30,66449,6058911,0,0
30664496068571,Orange,Brea-Olinda Unified,William E. Fanning Elementary,72,10,19,0.138888888888889,4,30,66449,6068571,,
30664496068571,Orange,Brea-Olinda Unified,Fanning Academy of Science and Technology,51,27,20,0.529411764705882,4,30,66449,6068571,,
30664496068571,Orange,Brea-Olinda Unified,Falcon Academy of Science and Technology,61,0,21,0,4,30,66449,6068571,,
30664496068571,Orange,Brea-Olinda Unified,Falcon Academy of Science and Technology,48,16,25,0.333333333333333,4,30,66449,6068571,0,0
30664496101901,Orange,Brea-Olinda Unified,Brea Country Hills Elementary,66,0,19,0,4,30,66449,6101901,,
30664496101901,Orange,Brea-Olinda Unified,Brea Country Hills Elementary,74,28,20,0.378378378378378,4,30,66449,6101901,,
30664496101901,Orange,Brea-Olinda Unified,Brea Country Hills Elementary,68,1,21,0.0147058823529412,4,30,66449,6101901,,
30664496101901,Orange,Brea-Olinda Unified,Brea Country Hills Elementary,60,18,25,0.3,4,30,66449,6101901,0,0
30664560000001,Orange,Buena Park Elementary,"Nonpublic, Nonsectarian Schools",2,0,19,0,4,30,66456,0000001,,
30664560000001,Orange,Buena Park Elementary,"Nonpublic, Nonsectarian Schools",2,0,20,0,4,30,66456,0000001,,
30664560000001,Orange,Buena Park Elementary,"Nonpublic, Nonsectarian Schools",1,0,21,0,4,30,66456,0000001,,
30664560000001,Orange,Buena Park Elementary,"Nonpublic, Nonsectarian Schools",2,0,25,0,4,30,66456,0000001,0,0
30664560140244,Orange,Buena Park Elementary,Buena Park Learning Center,11,0,21,0,4,30,66456,0140244,,
30664566027486,Orange,Buena Park Elementary,Arthur F. Corey Elementary,111,9,19,0.0810810810810811,4,30,66456,6027486,,
30664566027486,Orange,Buena Park Elementary,Arthur F. Corey Elementary,100,23,20,0.23,4,30,66456,6027486,,
30664566027486,Orange,Buena Park Elementary,Arthur F. Corey Elementary,86,11,21,0.127906976744186,4,30,66456,6027486,,
30664566027486,Orange,Buena Park Elementary,Arthur F. Corey Elementary,67,9,25,0.134328358208955,4,30,66456,6027486,0,0
30664566027494,Orange,Buena Park Elementary,Carl E. Gilbert Elementary,362,1,19,0.00276243093922652,4,30,66456,6027494,,
30664566027494,Orange,Buena Park Elementary,Carl E. Gilbert Elementary,327,50,20,0.152905198776758,4,30,66456,6027494,,
30664566027494,Orange,Buena Park Elementary,Carl E. Gilbert Elementary,318,35,21,0.110062893081761,4,30,66456,6027494,,
30664566027494,Orange,Buena Park Elementary,Carl E. Gilbert Elementary,218,18,25,0.0825688073394496,4,30,66456,6027494,0,0
30664566027510,Orange,Buena Park Elementary,Charles G. Emery Elementary,226,9,19,0.0398230088495575,4,30,66456,6027510,,
30664566027510,Orange,Buena Park Elementary,Charles G. Emery Elementary,195,59,20,0.302564102564103,4,30,66456,6027510,,
30664566027510,Orange,Buena Park Elementary,Charles G. Emery Elementary,196,23,21,0.11734693877551,4,30,66456,6027510,,
30664566027510,Orange,Buena Park Elementary,Charles G. Emery Elementary,163,24,25,0.147239263803681,4,30,66456,6027510,0,0
30664566027536,Orange,Buena Park Elementary,Gordon H. Beatty Elementary,378,11,19,0.0291005291005291,4,30,66456,6027536,,
30664566027536,Orange,Buena Park Elementary,Gordon H. Beatty Elementary,320,67,20,0.209375,4,30,66456,6027536,,
30664566027536,Orange,Buena Park Elementary,Gordon H. Beatty Middle,130,22,21,0.169230769230769,4,30,66456,6027536,,
30664566027536,Orange,Buena Park Elementary,Gordon H. Beatty Middle,140,28,25,0.2,4,30,66456,6027536,0,0
30664566027551,Orange,Buena Park Elementary,Buena Park Junior High,297,23,19,0.0774410774410774,4,30,66456,6027551,,
30664566027551,Orange,Buena Park Elementary,Buena Park Junior High,250,71,20,0.284,4,30,66456,6027551,,
30664566027551,Orange,Buena Park Elementary,Buena Park Middle,297,27,21,0.0909090909090909,4,30,66456,6027551,,
30664566027551,Orange,Buena Park Elementary,Buena Park Middle,202,24,25,0.118811881188119,4,30,66456,6027551,0,0
30664566027569,Orange,Buena Park Elementary,James A. Whitaker Elementary,269,2,19,0.00743494423791822,4,30,66456,6027569,,
30664566027569,Orange,Buena Park Elementary,James A. Whitaker Elementary,227,42,20,0.185022026431718,4,30,66456,6027569,,
30664566027569,Orange,Buena Park Elementary,James A. Whitaker Elementary,206,22,21,0.106796116504854,4,30,66456,6027569,,
30664566027569,Orange,Buena Park Elementary,James A. Whitaker Elementary,176,11,25,0.0625,4,30,66456,6027569,0,0
30664566027577,Orange,Buena Park Elementary,Mabel L. Pendleton Elementary,166,10,19,0.0602409638554217,4,30,66456,6027577,,
30664566027577,Orange,Buena Park Elementary,Mabel L. Pendleton Elementary,160,20,20,0.125,4,30,66456,6027577,,
30664566027577,Orange,Buena Park Elementary,Mabel L. Pendleton Elementary,138,12,21,0.0869565217391304,4,30,66456,6027577,,
30664566027577,Orange,Buena Park Elementary,Mabel L. Pendleton Elementary,106,10,25,0.0943396226415094,4,30,66456,6027577,0,0
30664640000001,Orange,Capistrano Unified,"Nonpublic, Nonsectarian Schools",6,1,20,0.166666666666667,4,30,66464,0000001,,
30664640000001,Orange,Capistrano Unified,"Nonpublic, Nonsectarian Schools",9,0,21,0,4,30,66464,0000001,,
30664640000001,Orange,Capistrano Unified,"Nonpublic, Nonsectarian Schools",8,0,25,0,4,30,66464,0000001,0,0
30664640100735,Orange,Capistrano Unified,Canyon Vista Elementary,30,9,19,0.3,4,30,66464,0100735,,
30664640100735,Orange,Capistrano Unified,Canyon Vista Elementary,31,14,20,0.451612903225806,4,30,66464,0100735,,
30664640100735,Orange,Capistrano Unified,Canyon Vista Elementary,23,7,21,0.304347826086957,4,30,66464,0100735,,
30664640100735,Orange,Capistrano Unified,Canyon Vista Elementary,22,9,25,0.409090909090909,4,30,66464,0100735,0,0
30664640100883,Orange,Capistrano Unified,Vista del Mar Elementary,32,9,19,0.28125,4,30,66464,0100883,,
30664640100883,Orange,Capistrano Unified,Vista del Mar Elementary,27,7,20,0.259259259259259,4,30,66464,0100883,,
30664640100883,Orange,Capistrano Unified,Vista del Mar Elementary,29,4,21,0.137931034482759,4,30,66464,0100883,,
30664640100883,Orange,Capistrano Unified,Vista del Mar Elementary,22,3,25,0.136363636363636,4,30,66464,0100883,0,0
30664640100891,Orange,Capistrano Unified,Vista del Mar Middle,22,1,19,0.0454545454545455,4,30,66464,0100891,,
30664640100891,Orange,Capistrano Unified,Vista del Mar Middle,15,5,20,0.333333333333333,4,30,66464,0100891,,
30664640100891,Orange,Capistrano Unified,Vista del Mar Middle,14,2,21,0.142857142857143,4,30,66464,0100891,,
30664640100891,Orange,Capistrano Unified,Vista del Mar Middle,13,2,25,0.153846153846154,4,30,66464,0100891,0,0
30664640100909,Orange,Capistrano Unified,Ladera Ranch Elementary,40,3,19,0.075,4,30,66464,0100909,,
30664640100909,Orange,Capistrano Unified,Ladera Ranch Elementary,41,7,20,0.170731707317073,4,30,66464,0100909,,
30664640100909,Orange,Capistrano Unified,Ladera Ranch Elementary,39,7,21,0.17948717948718,4,30,66464,0100909,,
30664640100909,Orange,Capistrano Unified,Ladera Ranch Elementary,44,10,25,0.227272727272727,4,30,66464,0100909,0,0
30664640100917,Orange,Capistrano Unified,Ladera Ranch Middle,19,4,19,0.210526315789474,4,30,66464,0100917,,
30664640100917,Orange,Capistrano Unified,Ladera Ranch Middle,22,6,20,0.272727272727273,4,30,66464,0100917,,
30664640100917,Orange,Capistrano Unified,Ladera Ranch Middle,23,2,21,0.0869565217391304,4,30,66464,0100917,,
30664640100917,Orange,Capistrano Unified,Ladera Ranch Middle,34,10,25,0.294117647058824,4,30,66464,0100917,0,0
30664640106765,Orange,Capistrano Unified,Capistrano Connections Academy,129,2,19,0.0155038759689922,4,30,66464,0106765,,
30664640106765,Orange,Capistrano Unified,California Connections Academy Southern California,122,11,20,0.0901639344262295,4,30,66464,0106765,,
30664640106765,Orange,Capistrano Unified,California Connections Academy Southern California,148,10,21,0.0675675675675676,4,30,66464,0106765,,
30664640106765,Orange,Capistrano Unified,California Online Public Schools Southern California,321,33,25,0.102803738317757,4,30,66464,0106765,1,0
30664640108704,Orange,Capistrano Unified,Oso Grande Elementary,33,4,19,0.121212121212121,4,30,66464,0108704,,
30664640108704,Orange,Capistrano Unified,Oso Grande Elementary,23,11,20,0.478260869565217,4,30,66464,0108704,,
30664640108704,Orange,Capistrano Unified,Oso Grande Elementary,21,2,21,0.0952380952380952,4,30,66464,0108704,,
30664640108704,Orange,Capistrano Unified,Oso Grande Elementary,23,3,25,0.130434782608696,4,30,66464,0108704,0,0
30664640111914,Orange,Capistrano Unified,Arroyo Vista Middle,9,5,19,0.555555555555556,4,30,66464,0111914,,
30664640111914,Orange,Capistrano Unified,Arroyo Vista Middle,5,1,21,0.2,4,30,66464,0111914,,
30664640111914,Orange,Capistrano Unified,Arroyo Vista Middle,8,4,25,0.5,4,30,66464,0111914,0,0
30664640112748,Orange,Capistrano Unified,Capistrano Virtual/Home,2,0,19,0,4,30,66464,0112748,,
30664640112748,Orange,Capistrano Unified,Capistrano Home/Virtual,2,0,21,0,4,30,66464,0112748,,
30664640112748,Orange,Capistrano Unified,Capistrano Home/Virtual,1,0,25,0,4,30,66464,0112748,0,0
30664640113381,Orange,Capistrano Unified,San Juan Hills High,109,22,19,0.201834862385321,4,30,66464,0113381,,
30664640113381,Orange,Capistrano Unified,San Juan Hills High,128,15,20,0.1171875,4,30,66464,0113381,,
30664640113381,Orange,Capistrano Unified,San Juan Hills High,146,17,21,0.116438356164384,4,30,66464,0113381,,
30664640113381,Orange,Capistrano Unified,San Juan Hills High,175,20,25,0.114285714285714,4,30,66464,0113381,0,0
30664640115501,Orange,Capistrano Unified,Carl Hankey Middle,22,7,19,0.318181818181818,4,30,66464,0115501,,
30664640115501,Orange,Capistrano Unified,Carl Hankey Middle,30,2,20,0.0666666666666667,4,30,66464,0115501,,
30664640115501,Orange,Capistrano Unified,Carl Hankey Middle,27,5,21,0.185185185185185,4,30,66464,0115501,,
30664640115501,Orange,Capistrano Unified,Carl Hankey Middle,18,7,25,0.388888888888889,4,30,66464,0115501,0,0
30664640123729,Orange,Capistrano Unified,Community Roots Academy,15,5,19,0.333333333333333,4,30,66464,0123729,,
30664640123729,Orange,Capistrano Unified,Community Roots Academy,18,6,20,0.333333333333333,4,30,66464,0123729,,
30664640123729,Orange,Capistrano Unified,Community Roots Academy,20,0,21,0,4,30,66464,0123729,,
30664640123729,Orange,Capistrano Unified,Community Roots Academy,18,8,25,0.444444444444444,4,30,66464,0123729,1,0
30664640124131,Orange,Capistrano Unified,California Preparatory Academy,1,0,25,0,4,30,66464,0124131,0,0
30664640124743,Orange,Capistrano Unified,Oxford Preparatory Academy - South Orange County,53,0,19,0,4,30,66464,0124743,,
30664640124743,Orange,Capistrano Unified,Oxford Preparatory Academy - South Orange County,53,15,20,0.283018867924528,4,30,66464,0124743,,
30664640124743,Orange,Capistrano Unified,Oxford Preparatory Academy - South Orange County,61,6,21,0.0983606557377049,4,30,66464,0124743,,
30664640124743,Orange,Capistrano Unified,Oxford Preparatory Academy - South Orange County,77,21,25,0.272727272727273,4,30,66464,0124743,1,0
30664640136762,Orange,Capistrano Unified,Esencia,33,0,19,0,4,30,66464,0136762,,
30664640136762,Orange,Capistrano Unified,Esencia,33,10,20,0.303030303030303,4,30,66464,0136762,,
30664640136762,Orange,Capistrano Unified,Esencia,32,6,21,0.1875,4,30,66464,0136762,,
30664640136762,Orange,Capistrano Unified,Esencia,44,5,25,0.113636363636364,4,30,66464,0136762,0,0
30664640138941,Orange,Capistrano Unified,Esencia Middle,4,0,20,0,4,30,66464,0138941,,
30664640138941,Orange,Capistrano Unified,Esencia Middle,7,2,21,0.285714285714286,4,30,66464,0138941,,
30664640138941,Orange,Capistrano Unified,Esencia Middle,28,4,25,0.142857142857143,4,30,66464,0138941,0,0
30664640140061,Orange,Capistrano Unified,OCASA College Prep,11,0,21,0,4,30,66464,0140061,,
30664640140061,Orange,Capistrano Unified,OCASA College Prep,14,0,25,0,4,30,66464,0140061,1,0
30664643030210,Orange,Capistrano Unified,Capistrano Valley High,139,22,19,0.158273381294964,4,30,66464,3030210,,
30664643030210,Orange,Capistrano Unified,Capistrano Valley High,145,18,20,0.124137931034483,4,30,66464,3030210,,
30664643030210,Orange,Capistrano Unified,Capistrano Valley High,140,9,21,0.0642857142857143,4,30,66464,3030210,,
30664643030210,Orange,Capistrano Unified,Capistrano Valley High,149,17,25,0.114093959731544,4,30,66464,3030210,0,0
30664643030574,Orange,Capistrano Unified,Aliso Niguel High,89,30,19,0.337078651685393,4,30,66464,3030574,,
30664643030574,Orange,Capistrano Unified,Aliso Niguel High,66,37,20,0.560606060606061,4,30,66464,3030574,,
30664643030574,Orange,Capistrano Unified,Aliso Niguel High,74,12,21,0.162162162162162,4,30,66464,3030574,,
30664643030574,Orange,Capistrano Unified,Aliso Niguel High,152,19,25,0.125,4,30,66464,3030574,0,0
30664643030756,Orange,Capistrano Unified,Tesoro High,24,9,19,0.375,4,30,66464,3030756,,
30664643030756,Orange,Capistrano Unified,Tesoro High,33,6,20,0.181818181818182,4,30,66464,3030756,,
30664643030756,Orange,Capistrano Unified,Tesoro High,33,4,21,0.121212121212121,4,30,66464,3030756,,
30664643030756,Orange,Capistrano Unified,Tesoro High,40,6,25,0.15,4,30,66464,3030756,0,0
30664643030798,Orange,Capistrano Unified,Bridges Community Day,1,0,20,0,4,30,66464,3030798,,
30664643030798,Orange,Capistrano Unified,Bridges Community Day,1,0,21,0,4,30,66464,3030798,,
30664643035987,Orange,Capistrano Unified,Junipero Serra High,37,8,19,0.216216216216216,4,30,66464,3035987,,
30664643035987,Orange,Capistrano Unified,Junipero Serra High,26,2,20,0.0769230769230769,4,30,66464,3035987,,
30664643035987,Orange,Capistrano Unified,Junipero Serra High,29,1,21,0.0344827586206897,4,30,66464,3035987,,
30664643035987,Orange,Capistrano Unified,Capistrano Union High,40,1,25,0.025,4,30,66464,3035987,0,1
30664643036001,Orange,Capistrano Unified,San Clemente High,130,13,19,0.1,4,30,66464,3036001,,
30664643036001,Orange,Capistrano Unified,San Clemente High,148,10,20,0.0675675675675676,4,30,66464,3036001,,
30664643036001,Orange,Capistrano Unified,San Clemente High,163,10,21,0.0613496932515337,4,30,66464,3036001,,
30664643036001,Orange,Capistrano Unified,San Clemente High,149,12,25,0.0805369127516778,4,30,66464,3036001,0,0
30664643038569,Orange,Capistrano Unified,Dana Hills High,89,30,19,0.337078651685393,4,30,66464,3038569,,
30664643038569,Orange,Capistrano Unified,Dana Hills High,104,9,20,0.0865384615384615,4,30,66464,3038569,,
30664643038569,Orange,Capistrano Unified,Dana Hills High,101,12,21,0.118811881188119,4,30,66464,3038569,,
30664643038569,Orange,Capistrano Unified,Dana Hills High,119,12,25,0.100840336134454,4,30,66464,3038569,0,0
30664646027585,Orange,Capistrano Unified,Concordia Elementary,45,3,19,0.0666666666666667,4,30,66464,6027585,,
30664646027585,Orange,Capistrano Unified,Concordia Elementary,42,4,20,0.0952380952380952,4,30,66464,6027585,,
30664646027585,Orange,Capistrano Unified,Concordia Elementary,26,5,21,0.192307692307692,4,30,66464,6027585,,
30664646027585,Orange,Capistrano Unified,Concordia Elementary,18,2,25,0.111111111111111,4,30,66464,6027585,0,0
30664646027601,Orange,Capistrano Unified,Las Palmas Elementary,309,12,19,0.0388349514563107,4,30,66464,6027601,,
30664646027601,Orange,Capistrano Unified,Las Palmas Elementary,288,17,20,0.0590277777777778,4,30,66464,6027601,,
30664646027601,Orange,Capistrano Unified,Las Palmas Elementary,242,19,21,0.0785123966942149,4,30,66464,6027601,,
30664646027601,Orange,Capistrano Unified,Las Palmas Elementary,189,5,25,0.0264550264550265,4,30,66464,6027601,0,0
30664646027627,Orange,Capistrano Unified,Palisades Elementary,65,3,19,0.0461538461538462,4,30,66464,6027627,,
30664646027627,Orange,Capistrano Unified,Palisades Elementary,48,4,20,0.0833333333333333,4,30,66464,6027627,,
30664646027627,Orange,Capistrano Unified,Palisades Elementary,35,6,21,0.171428571428571,4,30,66464,6027627,,
30664646027627,Orange,Capistrano Unified,Palisades Elementary,21,0,25,0,4,30,66464,6027627,0,0
30664646027635,Orange,Capistrano Unified,Richard Henry Dana Elementary,117,14,19,0.11965811965812,4,30,66464,6027635,,
30664646027635,Orange,Capistrano Unified,Richard Henry Dana Elementary,110,12,20,0.109090909090909,4,30,66464,6027635,,
30664646027635,Orange,Capistrano Unified,Richard Henry Dana Elementary,97,8,21,0.0824742268041237,4,30,66464,6027635,,
30664646027635,Orange,Capistrano Unified,Richard Henry Dana Elementary,81,6,25,0.0740740740740741,4,30,66464,6027635,0,0
30664646027643,Orange,Capistrano Unified,San Juan Elementary,397,33,19,0.0831234256926952,4,30,66464,6027643,,
30664646027643,Orange,Capistrano Unified,San Juan Elementary,387,22,20,0.0568475452196382,4,30,66464,6027643,,
30664646027643,Orange,Capistrano Unified,San Juan Elementary,366,19,21,0.0519125683060109,4,30,66464,6027643,,
30664646027643,Orange,Capistrano Unified,San Juan Elementary,336,16,25,0.0476190476190476,4,30,66464,6027643,0,0
30664646058929,Orange,Capistrano Unified,Marco Forster Middle,365,70,19,0.191780821917808,4,30,66464,6058929,,
30664646058929,Orange,Capistrano Unified,Marco Forster Middle,372,89,20,0.239247311827957,4,30,66464,6058929,,
30664646058929,Orange,Capistrano Unified,Marco Forster Middle,384,45,21,0.1171875,4,30,66464,6058929,,
30664646058929,Orange,Capistrano Unified,Marco Forster Middle,287,57,25,0.198606271777004,4,30,66464,6058929,0,0
30664646068589,Orange,Capistrano Unified,Viejo Elementary,217,11,19,0.0506912442396313,4,30,66464,6068589,,
30664646068589,Orange,Capistrano Unified,Viejo Elementary,186,22,20,0.118279569892473,4,30,66464,6068589,,
30664646068589,Orange,Capistrano Unified,Viejo Elementary,168,14,21,0.0833333333333333,4,30,66464,6068589,,
30664646068589,Orange,Capistrano Unified,Viejo Elementary,117,8,25,0.0683760683760684,4,30,66464,6068589,0,0
30664646089452,Orange,Capistrano Unified,Castille Elementary,39,4,19,0.102564102564103,4,30,66464,6089452,,
30664646089452,Orange,Capistrano Unified,Castille Elementary,39,6,20,0.153846153846154,4,30,66464,6089452,,
30664646089452,Orange,Capistrano Unified,Castille Elementary,32,6,21,0.1875,4,30,66464,6089452,,
30664646089452,Orange,Capistrano Unified,Castille Elementary,32,6,25,0.1875,4,30,66464,6089452,0,0
30664646094619,Orange,Capistrano Unified,Del Obispo Elementary,115,4,19,0.0347826086956522,4,30,66464,6094619,,
30664646094619,Orange,Capistrano Unified,Del Obispo Elementary,98,9,20,0.0918367346938776,4,30,66464,6094619,,
30664646094619,Orange,Capistrano Unified,Del Obispo Elementary,86,4,21,0.0465116279069768,4,30,66464,6094619,,
30664646094619,Orange,Capistrano Unified,Del Obispo Elementary,68,4,25,0.0588235294117647,4,30,66464,6094619,0,0
30664646095087,Orange,Capistrano Unified,Moulton Elementary,60,10,19,0.166666666666667,4,30,66464,6095087,,
30664646095087,Orange,Capistrano Unified,Moulton Elementary,51,18,20,0.352941176470588,4,30,66464,6095087,,
30664646095087,Orange,Capistrano Unified,Moulton Elementary,37,11,21,0.297297297297297,4,30,66464,6095087,,
30664646095087,Orange,Capistrano Unified,Moulton Elementary,52,8,25,0.153846153846154,4,30,66464,6095087,0,0
30664646095095,Orange,Capistrano Unified,Niguel Hills Middle,61,19,19,0.311475409836066,4,30,66464,6095095,,
30664646095095,Orange,Capistrano Unified,Niguel Hills Middle,59,28,20,0.474576271186441,4,30,66464,6095095,,
30664646095095,Orange,Capistrano Unified,Niguel Hills Middle,66,17,21,0.257575757575758,4,30,66464,6095095,,
30664646095095,Orange,Capistrano Unified,Niguel Hills Middle,89,11,25,0.123595505617978,4,30,66464,6095095,0,0
30664646097398,Orange,Capistrano Unified,Harold Ambuehl Elementary,65,4,19,0.0615384615384615,4,30,66464,6097398,,
30664646097398,Orange,Capistrano Unified,Harold Ambuehl Elementary,56,5,20,0.0892857142857143,4,30,66464,6097398,,
30664646097398,Orange,Capistrano Unified,Harold Ambuehl Elementary,53,2,21,0.0377358490566038,4,30,66464,6097398,,
30664646097398,Orange,Capistrano Unified,Harold Ambuehl Elementary,24,2,25,0.0833333333333333,4,30,66464,6097398,0,0
30664646097406,Orange,Capistrano Unified,Shorecliffs Middle,78,10,19,0.128205128205128,4,30,66464,6097406,,
30664646097406,Orange,Capistrano Unified,Shorecliffs Middle,60,23,20,0.383333333333333,4,30,66464,6097406,,
30664646097406,Orange,Capistrano Unified,Shorecliffs Middle,69,4,21,0.0579710144927536,4,30,66464,6097406,,
30664646097406,Orange,Capistrano Unified,Shorecliffs Middle,66,11,25,0.166666666666667,4,30,66464,6097406,0,0
30664646098495,Orange,Capistrano Unified,Carl Hankey Elementary,82,4,19,0.0487804878048781,4,30,66464,6098495,,
30664646098495,Orange,Capistrano Unified,Carl Hankey Elementary,68,11,20,0.161764705882353,4,30,66464,6098495,,
30664646098495,Orange,Capistrano Unified,Carl Hankey Elementary,58,7,21,0.120689655172414,4,30,66464,6098495,,
30664646098495,Orange,Capistrano Unified,Carl Hankey Elementary,49,5,25,0.102040816326531,4,30,66464,6098495,0,0
30664646101125,Orange,Capistrano Unified,Newhart Middle,108,25,19,0.231481481481482,4,30,66464,6101125,,
30664646101125,Orange,Capistrano Unified,Newhart Middle,90,31,20,0.344444444444444,4,30,66464,6101125,,
30664646101125,Orange,Capistrano Unified,Newhart Middle,85,16,21,0.188235294117647,4,30,66464,6101125,,
30664646101125,Orange,Capistrano Unified,Fred Newhart Middle,79,12,25,0.151898734177215,4,30,66464,6101125,0,0
30664646106801,Orange,Capistrano Unified,Marian Bergeson Elementary,82,4,19,0.0487804878048781,4,30,66464,6106801,,
30664646106801,Orange,Capistrano Unified,Marian Bergeson Elementary,74,18,20,0.243243243243243,4,30,66464,6106801,,
30664646106801,Orange,Capistrano Unified,Marian Bergeson Elementary,48,18,21,0.375,4,30,66464,6106801,,
30664646106801,Orange,Capistrano Unified,Marian Bergeson Elementary,58,16,25,0.275862068965517,4,30,66464,6106801,0,0
30664646106819,Orange,Capistrano Unified,Truman Benedict Elementary,11,1,19,0.0909090909090909,4,30,66464,6106819,,
30664646106819,Orange,Capistrano Unified,Truman Benedict Elementary,10,4,20,0.4,4,30,66464,6106819,,
30664646106819,Orange,Capistrano Unified,Truman Benedict Elementary,14,0,21,0,4,30,66464,6106819,,
30664646106819,Orange,Capistrano Unified,Truman Benedict Elementary,10,3,25,0.3,4,30,66464,6106819,0,0
30664646108740,Orange,Capistrano Unified,George White Elementary,75,7,19,0.0933333333333333,4,30,66464,6108740,,
30664646108740,Orange,Capistrano Unified,George White Elementary,86,6,20,0.0697674418604651,4,30,66464,6108740,,
30664646108740,Orange,Capistrano Unified,George White Elementary,67,7,21,0.104477611940299,4,30,66464,6108740,,
30664646108740,Orange,Capistrano Unified,George White Elementary,55,6,25,0.109090909090909,4,30,66464,6108740,0,0
30664646109474,Orange,Capistrano Unified,Philip J. Reilly Elementary,43,5,19,0.116279069767442,4,30,66464,6109474,,
30664646109474,Orange,Capistrano Unified,Philip J. Reilly Elementary,31,10,20,0.32258064516129,4,30,66464,6109474,,
30664646109474,Orange,Capistrano Unified,Philip J. Reilly Elementary,26,4,21,0.153846153846154,4,30,66464,6109474,,
30664646109474,Orange,Capistrano Unified,Philip J. Reilly Elementary,14,2,25,0.142857142857143,4,30,66464,6109474,0,0
30664646110852,Orange,Capistrano Unified,Arroyo Vista Elementary,31,8,19,0.258064516129032,4,30,66464,6110852,,
30664646110852,Orange,Capistrano Unified,Arroyo Vista Elementary,25,14,20,0.56,4,30,66464,6110852,,
30664646110852,Orange,Capistrano Unified,Arroyo Vista Elementary,21,4,21,0.19047619047619,4,30,66464,6110852,,
30664646110852,Orange,Capistrano Unified,Arroyo Vista Elementary,24,11,25,0.458333333333333,4,30,66464,6110852,0,0
30664646111397,Orange,Capistrano Unified,Aliso Viejo Middle,79,18,19,0.227848101265823,4,30,66464,6111397,,
30664646111397,Orange,Capistrano Unified,Aliso Viejo Middle,69,18,20,0.260869565217391,4,30,66464,6111397,,
30664646111397,Orange,Capistrano Unified,Aliso Viejo Middle,67,9,21,0.134328358208955,4,30,66464,6111397,,
30664646111397,Orange,Capistrano Unified,Aliso Viejo Middle,70,15,25,0.214285714285714,4,30,66464,6111397,0,0
30664646111793,Orange,Capistrano Unified,Bathgate Elementary,89,6,19,0.0674157303370787,4,30,66464,6111793,,
30664646111793,Orange,Capistrano Unified,Bathgate Elementary,61,27,20,0.442622950819672,4,30,66464,6111793,,
30664646111793,Orange,Capistrano Unified,Bathgate Elementary,59,8,21,0.135593220338983,4,30,66464,6111793,,
30664646111793,Orange,Capistrano Unified,Bathgate Elementary,65,15,25,0.230769230769231,4,30,66464,6111793,0,0
30664646111801,Orange,Capistrano Unified,Hidden Hills Elementary,119,11,19,0.092436974789916,4,30,66464,6111801,,
30664646111801,Orange,Capistrano Unified,Hidden Hills Elementary,136,12,20,0.0882352941176471,4,30,66464,6111801,,
30664646111801,Orange,Capistrano Unified,Hidden Hills Elementary,116,12,21,0.103448275862069,4,30,66464,6111801,,
30664646111801,Orange,Capistrano Unified,Hidden Hills Elementary,105,13,25,0.123809523809524,4,30,66464,6111801,0,0
30664646111819,Orange,Capistrano Unified,Clarence Lobo Elementary,75,2,19,0.0266666666666667,4,30,66464,6111819,,
30664646111819,Orange,Capistrano Unified,Clarence Lobo Elementary,91,1,20,0.010989010989011,4,30,66464,6111819,,
30664646111819,Orange,Capistrano Unified,Clarence Lobo Elementary,84,3,21,0.0357142857142857,4,30,66464,6111819,,
30664646111819,Orange,Capistrano Unified,Clarence Lobo Elementary,66,2,25,0.0303030303030303,4,30,66464,6111819,0,0
30664646111827,Orange,Capistrano Unified,John Malcom Elementary,28,3,19,0.107142857142857,4,30,66464,6111827,,
30664646111827,Orange,Capistrano Unified,John Malcom Elementary,25,6,20,0.24,4,30,66464,6111827,,
30664646111827,Orange,Capistrano Unified,John Malcom Elementary,19,3,21,0.157894736842105,4,30,66464,6111827,,
30664646111827,Orange,Capistrano Unified,John Malcom Elementary,27,1,25,0.037037037037037,4,30,66464,6111827,0,0
30664646111835,Orange,Capistrano Unified,Wood Canyon Elementary,95,7,19,0.0736842105263158,4,30,66464,6111835,,
30664646111835,Orange,Capistrano Unified,Wood Canyon Elementary,93,5,20,0.0537634408602151,4,30,66464,6111835,,
30664646111835,Orange,Capistrano Unified,Wood Canyon Elementary,67,6,21,0.0895522388059701,4,30,66464,6111835,,
30664646111835,Orange,Capistrano Unified,Wood Canyon Elementary,72,9,25,0.125,4,30,66464,6111835,0,0
30664646113344,Orange,Capistrano Unified,Oak Grove Elementary,77,10,19,0.12987012987013,4,30,66464,6113344,,
30664646113344,Orange,Capistrano Unified,Oak Grove Elementary,73,18,20,0.246575342465753,4,30,66464,6113344,,
30664646113344,Orange,Capistrano Unified,Oak Grove Elementary,66,14,21,0.212121212121212,4,30,66464,6113344,,
30664646113344,Orange,Capistrano Unified,Oak Grove Elementary,94,13,25,0.138297872340426,4,30,66464,6113344,0,0
30664646114516,Orange,Capistrano Unified,Las Flores Elementary,49,6,19,0.122448979591837,4,30,66464,6114516,,
30664646114516,Orange,Capistrano Unified,Las Flores Elementary,43,12,20,0.27906976744186,4,30,66464,6114516,,
30664646114516,Orange,Capistrano Unified,Las Flores Elementary,46,2,21,0.0434782608695652,4,30,66464,6114516,,
30664646114516,Orange,Capistrano Unified,Las Flores Elementary,24,3,25,0.125,4,30,66464,6114516,0,0
30664646114524,Orange,Capistrano Unified,Wagon Wheel Elementary,16,3,19,0.1875,4,30,66464,6114524,,
30664646114524,Orange,Capistrano Unified,Wagon Wheel Elementary,15,4,20,0.266666666666667,4,30,66464,6114524,,
30664646114524,Orange,Capistrano Unified,Wagon Wheel Elementary,11,1,21,0.0909090909090909,4,30,66464,6114524,,
30664646114524,Orange,Capistrano Unified,Wagon Wheel Elementary,35,4,25,0.114285714285714,4,30,66464,6114524,0,0
30664646115406,Orange,Capistrano Unified,Bernice Ayer Middle,136,22,19,0.161764705882353,4,30,66464,6115406,,
30664646115406,Orange,Capistrano Unified,Bernice Ayer Middle,116,29,20,0.25,4,30,66464,6115406,,
30664646115406,Orange,Capistrano Unified,Bernice Ayer Middle,114,10,21,0.087719298245614,4,30,66464,6115406,,
30664646115406,Orange,Capistrano Unified,Bernice Ayer Middle,96,23,25,0.239583333333333,4,30,66464,6115406,0,0
30664646117634,Orange,Capistrano Unified,Don Juan Avila Elementary,84,7,19,0.0833333333333333,4,30,66464,6117634,,
30664646117634,Orange,Capistrano Unified,Don Juan Avila Elementary,90,18,20,0.2,4,30,66464,6117634,,
30664646117634,Orange,Capistrano Unified,Don Juan Avila Elementary,75,4,21,0.0533333333333333,4,30,66464,6117634,,
30664646117634,Orange,Capistrano Unified,Don Juan Avila Elementary,73,13,25,0.178082191780822,4,30,66464,6117634,0,0
30664646117642,Orange,Capistrano Unified,Don Juan Avila Middle,47,13,19,0.276595744680851,4,30,66464,6117642,,
30664646117642,Orange,Capistrano Unified,Don Juan Avila Middle,49,21,20,0.428571428571429,4,30,66464,6117642,,
30664646117642,Orange,Capistrano Unified,Don Juan Avila Middle,51,19,21,0.372549019607843,4,30,66464,6117642,,
30664646117642,Orange,Capistrano Unified,Don Juan Avila Middle,61,10,25,0.163934426229508,4,30,66464,6117642,0,0
30664646117725,Orange,Capistrano Unified,Las Flores Middle,18,3,19,0.166666666666667,4,30,66464,6117725,,
30664646117725,Orange,Capistrano Unified,Las Flores Middle,24,7,20,0.291666666666667,4,30,66464,6117725,,
30664646117725,Orange,Capistrano Unified,Las Flores Middle,21,6,21,0.285714285714286,4,30,66464,6117725,,
30664646117725,Orange,Capistrano Unified,Las Flores Middle,22,7,25,0.318181818181818,4,30,66464,6117725,0,0
30664646117733,Orange,Capistrano Unified,Kinoshita Elementary,418,17,19,0.0406698564593301,4,30,66464,6117733,,
30664646117733,Orange,Capistrano Unified,Kinoshita Elementary,378,49,20,0.12962962962963,4,30,66464,6117733,,
30664646117733,Orange,Capistrano Unified,Kinoshita Elementary,331,22,21,0.0664652567975831,4,30,66464,6117733,,
30664646117733,Orange,Capistrano Unified,Kinoshita Elementary,181,17,25,0.0939226519337017,4,30,66464,6117733,0,0
30664646117741,Orange,Capistrano Unified,Tijeras Creek Elementary,24,3,19,0.125,4,30,66464,6117741,,
30664646117741,Orange,Capistrano Unified,Tijeras Creek Elementary,16,7,20,0.4375,4,30,66464,6117741,,
30664646117741,Orange,Capistrano Unified,Tijeras Creek Elementary,15,3,21,0.2,4,30,66464,6117741,,
30664646117741,Orange,Capistrano Unified,Tijeras Creek Elementary,25,4,25,0.16,4,30,66464,6117741,0,0
30664646117758,Orange,Capistrano Unified,Journey,30,0,19,0,4,30,66464,6117758,,
30664646117758,Orange,Capistrano Unified,Journey,23,11,20,0.478260869565217,4,30,66464,6117758,,
30664646117758,Orange,Capistrano Unified,Journey,21,0,21,0,4,30,66464,6117758,,
30664646117758,Orange,Capistrano Unified,Journey,42,11,25,0.261904761904762,4,30,66464,6117758,1,0
30664646117881,Orange,Capistrano Unified,Richard Henry Dana Exceptional Needs,15,1,19,0.0666666666666667,4,30,66464,6117881,,
30664646117881,Orange,Capistrano Unified,Richard Henry Dana Exceptional Needs,10,0,20,0,4,30,66464,6117881,,
30664646117881,Orange,Capistrano Unified,Richard Henry Dana Exceptional Needs,5,2,21,0.4,4,30,66464,6117881,,
30664646118947,Orange,Capistrano Unified,Chaparral Elementary,45,4,19,0.0888888888888889,4,30,66464,6118947,,
30664646118947,Orange,Capistrano Unified,Chaparral Elementary,42,14,20,0.333333333333333,4,30,66464,6118947,,
30664646118947,Orange,Capistrano Unified,Chaparral Elementary,34,10,21,0.294117647058824,4,30,66464,6118947,,
30664646118947,Orange,Capistrano Unified,Chaparral Elementary,29,7,25,0.241379310344828,4,30,66464,6118947,0,0
30664646118954,Orange,Capistrano Unified,Marblehead Elementary,99,6,19,0.0606060606060606,4,30,66464,6118954,,
30664646118954,Orange,Capistrano Unified,Marblehead Elementary,88,6,20,0.0681818181818182,4,30,66464,6118954,,
30664646118954,Orange,Capistrano Unified,Marblehead Elementary,60,4,21,0.0666666666666667,4,30,66464,6118954,,
30664646118954,Orange,Capistrano Unified,Marblehead Elementary,32,0,25,0,4,30,66464,6118954,0,0
30664646120281,Orange,Capistrano Unified,Laguna Niguel Elementary,84,3,19,0.0357142857142857,4,30,66464,6120281,,
30664646120281,Orange,Capistrano Unified,Laguna Niguel Elementary,65,10,20,0.153846153846154,4,30,66464,6120281,,
30664646120281,Orange,Capistrano Unified,Laguna Niguel Elementary,43,8,21,0.186046511627907,4,30,66464,6120281,,
30664646120281,Orange,Capistrano Unified,Laguna Niguel Elementary,60,11,25,0.183333333333333,4,30,66464,6120281,0,0
30664646120356,Orange,Capistrano Unified,Opportunities for Learning - Capistrano,2,0,19,0,4,30,66464,6120356,,
30664646120356,Orange,Capistrano Unified,Opportunities for Learning - Capistrano,5,0,20,0,4,30,66464,6120356,,
30664646120356,Orange,Capistrano Unified,Opportunities for Learning - Capistrano,9,0,21,0,4,30,66464,6120356,,
30664646120356,Orange,Capistrano Unified,Opportunities for Learning - Capistrano,20,4,25,0.2,4,30,66464,6120356,1,1
30664720000001,Orange,Centralia Elementary,"Nonpublic, Nonsectarian Schools",1,0,25,0,4,30,66472,0000001,0,0
30664726027668,Orange,Centralia Elementary,Buena Terra Elementary,95,38,19,0.4,4,30,66472,6027668,,
30664726027668,Orange,Centralia Elementary,Buena Terra Elementary,118,8,20,0.0677966101694915,4,30,66472,6027668,,
30664726027668,Orange,Centralia Elementary,Buena Terra Elementary,109,16,21,0.146788990825688,4,30,66472,6027668,,
30664726027668,Orange,Centralia Elementary,Buena Terra Elementary,106,33,25,0.311320754716981,4,30,66472,6027668,0,0
30664726027676,Orange,Centralia Elementary,Centralia Elementary,191,64,19,0.335078534031414,4,30,66472,6027676,,
30664726027676,Orange,Centralia Elementary,Centralia Elementary,201,7,20,0.0348258706467662,4,30,66472,6027676,,
30664726027676,Orange,Centralia Elementary,Centralia Elementary,169,26,21,0.153846153846154,4,30,66472,6027676,,
30664726027676,Orange,Centralia Elementary,Centralia Elementary,203,19,25,0.0935960591133005,4,30,66472,6027676,0,0
30664726027684,Orange,Centralia Elementary,Danbrook Elementary,310,101,19,0.325806451612903,4,30,66472,6027684,,
30664726027684,Orange,Centralia Elementary,Danbrook Elementary,307,0,20,0,4,30,66472,6027684,,
30664726027684,Orange,Centralia Elementary,Danbrook Elementary,260,30,21,0.115384615384615,4,30,66472,6027684,,
30664726027684,Orange,Centralia Elementary,Danbrook Elementary,226,41,25,0.18141592920354,4,30,66472,6027684,0,0
30664726027692,Orange,Centralia Elementary,George B. Miller Elementary,72,41,19,0.569444444444445,4,30,66472,6027692,,
30664726027692,Orange,Centralia Elementary,George B. Miller Elementary,92,4,20,0.0434782608695652,4,30,66472,6027692,,
30664726027692,Orange,Centralia Elementary,George B. Miller Elementary,101,14,21,0.138613861386139,4,30,66472,6027692,,
30664726027692,Orange,Centralia Elementary,George B. Miller Elementary,92,16,25,0.173913043478261,4,30,66472,6027692,0,0
30664726027700,Orange,Centralia Elementary,Glen H. Dysinger Sr. Elementary,73,23,19,0.315068493150685,4,30,66472,6027700,,
30664726027700,Orange,Centralia Elementary,Glen H. Dysinger Sr. Elementary,91,0,20,0,4,30,66472,6027700,,
30664726027700,Orange,Centralia Elementary,Glen H. Dysinger Sr. Elementary,93,7,21,0.0752688172043011,4,30,66472,6027700,,
30664726027700,Orange,Centralia Elementary,Glen H. Dysinger Sr. Elementary,76,8,25,0.105263157894737,4,30,66472,6027700,0,0
30664726027734,Orange,Centralia Elementary,Raymond Temple Elementary,88,33,19,0.375,4,30,66472,6027734,,
30664726027734,Orange,Centralia Elementary,Raymond Temple Elementary,83,2,20,0.0240963855421687,4,30,66472,6027734,,
30664726027734,Orange,Centralia Elementary,Raymond Temple Elementary,88,8,21,0.0909090909090909,4,30,66472,6027734,,
30664726027734,Orange,Centralia Elementary,Raymond Temple Elementary,83,15,25,0.180722891566265,4,30,66472,6027734,0,0
30664726027742,Orange,Centralia Elementary,San Marino Elementary,127,36,19,0.283464566929134,4,30,66472,6027742,,
30664726027742,Orange,Centralia Elementary,San Marino Elementary,140,5,20,0.0357142857142857,4,30,66472,6027742,,
30664726027742,Orange,Centralia Elementary,San Marino Elementary,146,11,21,0.0753424657534247,4,30,66472,6027742,,
30664726027742,Orange,Centralia Elementary,San Marino Elementary,147,14,25,0.0952380952380952,4,30,66472,6027742,0,0
30664726066823,Orange,Centralia Elementary,Los Coyotes Elementary,46,34,19,0.739130434782609,4,30,66472,6066823,,
30664726066823,Orange,Centralia Elementary,Los Coyotes Elementary,55,0,20,0,4,30,66472,6066823,,
30664726066823,Orange,Centralia Elementary,Los Coyotes Elementary,39,21,21,0.538461538461538,4,30,66472,6066823,,
30664726066823,Orange,Centralia Elementary,Los Coyotes Elementary,42,11,25,0.261904761904762,4,30,66472,6066823,0,0
30664800000001,Orange,Cypress Elementary,"Nonpublic, Nonsectarian Schools",2,0,19,0,4,30,66480,0000001,,
30664800000001,Orange,Cypress Elementary,"Nonpublic, Nonsectarian Schools",1,0,21,0,4,30,66480,0000001,,
30664806027767,Orange,Cypress Elementary,A. E. Arnold Elementary,151,8,19,0.0529801324503311,4,30,66480,6027767,,
30664806027767,Orange,Cypress Elementary,A. E. Arnold Elementary,150,1,20,0.00666666666666667,4,30,66480,6027767,,
30664806027767,Orange,Cypress Elementary,A. E. Arnold Elementary,115,24,21,0.208695652173913,4,30,66480,6027767,,
30664806027767,Orange,Cypress Elementary,A. E. Arnold Elementary,89,11,25,0.123595505617978,4,30,66480,6027767,0,0
30664806027791,Orange,Cypress Elementary,Clara J. King Elementary,139,10,19,0.0719424460431655,4,30,66480,6027791,,
30664806027791,Orange,Cypress Elementary,Clara J. King Elementary,154,3,20,0.0194805194805195,4,30,66480,6027791,,
30664806027791,Orange,Cypress Elementary,Clara J. King Elementary,123,18,21,0.146341463414634,4,30,66480,6027791,,
30664806027791,Orange,Cypress Elementary,Clara J. King Elementary,82,4,25,0.0487804878048781,4,30,66480,6027791,0,0
30664806027833,Orange,Cypress Elementary,Frank Vessels Elementary,70,10,19,0.142857142857143,4,30,66480,6027833,,
30664806027833,Orange,Cypress Elementary,Frank Vessels Elementary,77,3,20,0.038961038961039,4,30,66480,6027833,,
30664806027833,Orange,Cypress Elementary,Frank Vessels Elementary,68,15,21,0.220588235294118,4,30,66480,6027833,,
30664806027833,Orange,Cypress Elementary,Frank Vessels Elementary,48,5,25,0.104166666666667,4,30,66480,6027833,0,0
30664806027841,Orange,Cypress Elementary,Juliet Morris Elementary,121,19,19,0.15702479338843,4,30,66480,6027841,,
30664806027841,Orange,Cypress Elementary,Juliet Morris Elementary,134,5,20,0.0373134328358209,4,30,66480,6027841,,
30664806027841,Orange,Cypress Elementary,Juliet Morris Elementary,112,27,21,0.241071428571429,4,30,66480,6027841,,
30664806027841,Orange,Cypress Elementary,Juliet Morris Elementary,69,14,25,0.202898550724638,4,30,66480,6027841,0,0
30664806027858,Orange,Cypress Elementary,Margaret Landell Elementary,129,21,19,0.162790697674419,4,30,66480,6027858,,
30664806027858,Orange,Cypress Elementary,Margaret Landell Elementary,139,14,20,0.100719424460432,4,30,66480,6027858,,
30664806027858,Orange,Cypress Elementary,Margaret Landell Elementary,121,33,21,0.272727272727273,4,30,66480,6027858,,
30664806027858,Orange,Cypress Elementary,Margaret Landell Elementary,74,13,25,0.175675675675676,4,30,66480,6027858,0,0
30664806027874,Orange,Cypress Elementary,Steve Luther Elementary,73,5,19,0.0684931506849315,4,30,66480,6027874,,
30664806027874,Orange,Cypress Elementary,Steve Luther Elementary,72,1,20,0.0138888888888889,4,30,66480,6027874,,
30664806027874,Orange,Cypress Elementary,Steve Luther Elementary,58,7,21,0.120689655172414,4,30,66480,6027874,,
30664806027874,Orange,Cypress Elementary,Steve Luther Elementary,58,10,25,0.172413793103448,4,30,66480,6027874,0,0
30664980000001,Orange,Fountain Valley Elementary,"Nonpublic, Nonsectarian Schools",1,0,25,0,4,30,66498,0000001,0,0
30664986027916,Orange,Fountain Valley Elementary,Fulton (Harry C.) Middle,27,13,19,0.481481481481482,4,30,66498,6027916,,
30664986027916,Orange,Fountain Valley Elementary,Fulton (Harry C.) Middle,32,4,20,0.125,4,30,66498,6027916,,
30664986027916,Orange,Fountain Valley Elementary,Fulton (Harry C.) Middle,36,0,21,0,4,30,66498,6027916,,
30664986027916,Orange,Fountain Valley Elementary,Fulton (Harry C.) Middle,50,11,25,0.22,4,30,66498,6027916,0,0
30664986027924,Orange,Fountain Valley Elementary,Tamura (Hisamatsu) Elementary,114,26,19,0.228070175438597,4,30,66498,6027924,,
30664986027924,Orange,Fountain Valley Elementary,Tamura (Hisamatsu) Elementary,101,28,20,0.277227722772277,4,30,66498,6027924,,
30664986027924,Orange,Fountain Valley Elementary,Tamura (Hisamatsu) Elementary,72,0,21,0,4,30,66498,6027924,,
30664986027924,Orange,Fountain Valley Elementary,Tamura (Hisamatsu) Elementary,72,17,25,0.236111111111111,4,30,66498,6027924,0,0
30664986027973,Orange,Fountain Valley Elementary,Gisler (Robert) Elementary,62,6,19,0.0967741935483871,4,30,66498,6027973,,
30664986027973,Orange,Fountain Valley Elementary,Gisler (Robert) Elementary,69,9,20,0.130434782608696,4,30,66498,6027973,,
30664986027973,Orange,Fountain Valley Elementary,Gisler (Robert) Elementary,50,0,21,0,4,30,66498,6027973,,
30664986027973,Orange,Fountain Valley Elementary,Gisler (Robert) Elementary,41,6,25,0.146341463414634,4,30,66498,6027973,0,0
30664986027999,Orange,Fountain Valley Elementary,Newland (William T.) Elementary,29,6,19,0.206896551724138,4,30,66498,6027999,,
30664986027999,Orange,Fountain Valley Elementary,Newland (William T.) Elementary,29,4,20,0.137931034482759,4,30,66498,6027999,,
30664986027999,Orange,Fountain Valley Elementary,Newland (William T.) Elementary,23,0,21,0,4,30,66498,6027999,,
30664986027999,Orange,Fountain Valley Elementary,Newland (William T.) Elementary,20,0,25,0,4,30,66498,6027999,0,0
30664986066922,Orange,Fountain Valley Elementary,Cox (James H.) Elementary,172,39,19,0.226744186046512,4,30,66498,6066922,,
30664986066922,Orange,Fountain Valley Elementary,Cox (James H.) Elementary,139,45,20,0.323741007194245,4,30,66498,6066922,,
30664986066922,Orange,Fountain Valley Elementary,Cox (James H.) Elementary,139,0,21,0,4,30,66498,6066922,,
30664986066922,Orange,Fountain Valley Elementary,Cox (James H.) Elementary,101,14,25,0.138613861386139,4,30,66498,6066922,0,0
30664986068605,Orange,Fountain Valley Elementary,Oka (Isojiro) Elementary,29,2,19,0.0689655172413793,4,30,66498,6068605,,
30664986068605,Orange,Fountain Valley Elementary,Oka (Isojiro) Elementary,22,8,20,0.363636363636364,4,30,66498,6068605,,
30664986068605,Orange,Fountain Valley Elementary,Oka (Isojiro) Elementary,25,0,21,0,4,30,66498,6068605,,
30664986068605,Orange,Fountain Valley Elementary,Oka (Isojiro) Elementary,42,8,25,0.19047619047619,4,30,66498,6068605,0,0
30664986071096,Orange,Fountain Valley Elementary,Talbert (Samuel E.) Middle,26,8,19,0.307692307692308,4,30,66498,6071096,,
30664986071096,Orange,Fountain Valley Elementary,Talbert (Samuel E.) Middle,29,8,20,0.275862068965517,4,30,66498,6071096,,
30664986071096,Orange,Fountain Valley Elementary,Talbert (Samuel E.) Middle,27,0,21,0,4,30,66498,6071096,,
30664986071096,Orange,Fountain Valley Elementary,Talbert (Samuel E.) Middle,38,8,25,0.210526315789474,4,30,66498,6071096,0,0
30664986085278,Orange,Fountain Valley Elementary,Plavan (Urbain H.) Elementary,126,19,19,0.150793650793651,4,30,66498,6085278,,
30664986085278,Orange,Fountain Valley Elementary,Plavan (Urbain H.) Elementary,109,31,20,0.284403669724771,4,30,66498,6085278,,
30664986085278,Orange,Fountain Valley Elementary,Plavan (Urbain H.) Elementary,103,1,21,0.00970873786407767,4,30,66498,6085278,,
30664986085278,Orange,Fountain Valley Elementary,Plavan (Urbain H.) Elementary,103,20,25,0.194174757281553,4,30,66498,6085278,0,0
30664986094627,Orange,Fountain Valley Elementary,Masuda (Kazuo) Middle,100,18,19,0.18,4,30,66498,6094627,,
30664986094627,Orange,Fountain Valley Elementary,Masuda (Kazuo) Middle,95,26,20,0.273684210526316,4,30,66498,6094627,,
30664986094627,Orange,Fountain Valley Elementary,Masuda (Kazuo) Middle,94,0,21,0,4,30,66498,6094627,,
30664986094627,Orange,Fountain Valley Elementary,Masuda (Kazuo) Middle,91,22,25,0.241758241758242,4,30,66498,6094627,0,0
30664986094635,Orange,Fountain Valley Elementary,Courreges (Roch) Elementary,73,17,19,0.232876712328767,4,30,66498,6094635,,
30664986094635,Orange,Fountain Valley Elementary,Courreges (Roch) Elementary,69,14,20,0.202898550724638,4,30,66498,6094635,,
30664986094635,Orange,Fountain Valley Elementary,Courreges (Roch) Elementary,71,0,21,0,4,30,66498,6094635,,
30664986094635,Orange,Fountain Valley Elementary,Courreges (Roch) Elementary,50,8,25,0.16,4,30,66498,6094635,0,0
30665060000001,Orange,Fullerton Elementary,"Nonpublic, Nonsectarian Schools",2,0,21,0,4,30,66506,0000001,,
30665060102582,Orange,Fullerton Elementary,Robert C. Fisler Elementary,184,80,19,0.434782608695652,4,30,66506,0102582,,
30665060102582,Orange,Fullerton Elementary,Robert C. Fisler Elementary,175,44,20,0.251428571428571,4,30,66506,0102582,,
30665060102582,Orange,Fullerton Elementary,Robert C. Fisler Elementary,151,12,21,0.0794701986754967,4,30,66506,0102582,,
30665060102582,Orange,Fullerton Elementary,Robert C. Fisler Elementary,163,41,25,0.251533742331288,4,30,66506,0102582,0,0
30665066028005,Orange,Fullerton Elementary,Acacia Elementary,53,21,19,0.39622641509434,4,30,66506,6028005,,
30665066028005,Orange,Fullerton Elementary,Acacia Elementary,45,19,20,0.422222222222222,4,30,66506,6028005,,
30665066028005,Orange,Fullerton Elementary,Acacia Elementary,39,1,21,0.0256410256410256,4,30,66506,6028005,,
30665066028005,Orange,Fullerton Elementary,Acacia Elementary,43,10,25,0.232558139534884,4,30,66506,6028005,0,0
30665066028013,Orange,Fullerton Elementary,Beechwood Elementary,72,28,19,0.388888888888889,4,30,66506,6028013,,
30665066028013,Orange,Fullerton Elementary,Beechwood Elementary,67,18,20,0.26865671641791,4,30,66506,6028013,,
30665066028013,Orange,Fullerton Elementary,Beechwood Elementary,64,1,21,0.015625,4,30,66506,6028013,,
30665066028013,Orange,Fullerton Elementary,Beechwood Elementary,89,24,25,0.269662921348315,4,30,66506,6028013,0,0
30665066028021,Orange,Fullerton Elementary,Commonwealth Elementary,136,23,19,0.169117647058824,4,30,66506,6028021,,
30665066028021,Orange,Fullerton Elementary,Commonwealth Elementary,141,8,20,0.0567375886524823,4,30,66506,6028021,,
30665066028021,Orange,Fullerton Elementary,Commonwealth Elementary,115,4,21,0.0347826086956522,4,30,66506,6028021,,
30665066028021,Orange,Fullerton Elementary,Commonwealth Elementary,85,12,25,0.141176470588235,4,30,66506,6028021,0,0
30665066028039,Orange,Fullerton Elementary,Fern Drive Elementary,71,18,19,0.253521126760563,4,30,66506,6028039,,
30665066028039,Orange,Fullerton Elementary,Fern Drive Elementary,79,4,20,0.0506329113924051,4,30,66506,6028039,,
30665066028039,Orange,Fullerton Elementary,Fern Drive Elementary,54,2,21,0.037037037037037,4,30,66506,6028039,,
30665066028039,Orange,Fullerton Elementary,Fern Drive Elementary,43,5,25,0.116279069767442,4,30,66506,6028039,0,0
30665066028054,Orange,Fullerton Elementary,Golden Hill Elementary,67,14,19,0.208955223880597,4,30,66506,6028054,,
30665066028054,Orange,Fullerton Elementary,Golden Hill Elementary,53,10,20,0.188679245283019,4,30,66506,6028054,,
30665066028054,Orange,Fullerton Elementary,Golden Hill Elementary,45,6,21,0.133333333333333,4,30,66506,6028054,,
30665066028054,Orange,Fullerton Elementary,Golden Hill School for Creative & Performing Arts,35,5,25,0.142857142857143,4,30,66506,6028054,0,0
30665066028062,Orange,Fullerton Elementary,Hermosa Drive Elementary,94,10,19,0.106382978723404,4,30,66506,6028062,,
30665066028062,Orange,Fullerton Elementary,Hermosa Drive Elementary,78,6,20,0.0769230769230769,4,30,66506,6028062,,
30665066028062,Orange,Fullerton Elementary,Hermosa Drive Elementary,60,8,21,0.133333333333333,4,30,66506,6028062,,
30665066028062,Orange,Fullerton Elementary,Hermosa Drive Elementary,43,7,25,0.162790697674419,4,30,66506,6028062,0,0
30665066028070,Orange,Fullerton Elementary,Ladera Vista Junior High School of the Arts,160,4,19,0.025,4,30,66506,6028070,,
30665066028070,Orange,Fullerton Elementary,Ladera Vista Junior High School of the Arts,143,20,20,0.13986013986014,4,30,66506,6028070,,
30665066028070,Orange,Fullerton Elementary,Ladera Vista Junior High School of the Arts,129,21,21,0.162790697674419,4,30,66506,6028070,,
30665066028070,Orange,Fullerton Elementary,Ladera Vista Junior High School of the Arts,91,20,25,0.21978021978022,4,30,66506,6028070,0,0
30665066028088,Orange,Fullerton Elementary,Laguna Road Elementary,73,58,19,0.794520547945206,4,30,66506,6028088,,
30665066028088,Orange,Fullerton Elementary,Laguna Road Elementary,74,22,20,0.297297297297297,4,30,66506,6028088,,
30665066028088,Orange,Fullerton Elementary,Laguna Road Elementary,69,4,21,0.0579710144927536,4,30,66506,6028088,,
30665066028088,Orange,Fullerton Elementary,Laguna Road Elementary,75,12,25,0.16,4,30,66506,6028088,0,0
30665066028104,Orange,Fullerton Elementary,Nicolas Junior High,263,21,19,0.0798479087452472,4,30,66506,6028104,,
30665066028104,Orange,Fullerton Elementary,Nicolas Junior High,259,33,20,0.127413127413127,4,30,66506,6028104,,
30665066028104,Orange,Fullerton Elementary,Nicolas Junior High,196,52,21,0.26530612244898,4,30,66506,6028104,,
30665066028104,Orange,Fullerton Elementary,Nicolas Junior High,140,59,25,0.421428571428571,4,30,66506,6028104,0,0
30665066028112,Orange,Fullerton Elementary,Orangethorpe Elementary,237,34,19,0.143459915611814,4,30,66506,6028112,,
30665066028112,Orange,Fullerton Elementary,Orangethorpe Elementary,208,29,20,0.139423076923077,4,30,66506,6028112,,
30665066028112,Orange,Fullerton Elementary,Orangethorpe Elementary,183,5,21,0.0273224043715847,4,30,66506,6028112,,
30665066028112,Orange,Fullerton Elementary,Orangethorpe Elementary,168,25,25,0.148809523809524,4,30,66506,6028112,0,0
30665066028120,Orange,Fullerton Elementary,Pacific Drive Elementary,203,16,19,0.0788177339901478,4,30,66506,6028120,,
30665066028120,Orange,Fullerton Elementary,Pacific Drive Elementary,202,8,20,0.0396039603960396,4,30,66506,6028120,,
30665066028120,Orange,Fullerton Elementary,Pacific Drive Elementary,173,6,21,0.0346820809248555,4,30,66506,6028120,,
30665066028120,Orange,Fullerton Elementary,Pacific Drive Elementary,165,30,25,0.181818181818182,4,30,66506,6028120,0,0
30665066028138,Orange,Fullerton Elementary,Raymond Elementary,181,11,19,0.0607734806629834,4,30,66506,6028138,,
30665066028138,Orange,Fullerton Elementary,Raymond Elementary,191,7,20,0.0366492146596859,4,30,66506,6028138,,
30665066028138,Orange,Fullerton Elementary,Raymond Elementary,165,1,21,0.00606060606060606,4,30,66506,6028138,,
30665066028138,Orange,Fullerton Elementary,Raymond Elementary,117,18,25,0.153846153846154,4,30,66506,6028138,0,0
30665066028146,Orange,Fullerton Elementary,Richman Elementary,337,37,19,0.109792284866469,4,30,66506,6028146,,
30665066028146,Orange,Fullerton Elementary,Richman Elementary,290,26,20,0.0896551724137931,4,30,66506,6028146,,
30665066028146,Orange,Fullerton Elementary,Richman Elementary,224,17,21,0.0758928571428571,4,30,66506,6028146,,
30665066028146,Orange,Fullerton Elementary,Richman Elementary,131,15,25,0.114503816793893,4,30,66506,6028146,0,0
30665066028153,Orange,Fullerton Elementary,Rolling Hills Elementary,68,15,19,0.220588235294118,4,30,66506,6028153,,
30665066028153,Orange,Fullerton Elementary,Rolling Hills Elementary,67,4,20,0.0597014925373134,4,30,66506,6028153,,
30665066028153,Orange,Fullerton Elementary,Rolling Hills Elementary,60,7,21,0.116666666666667,4,30,66506,6028153,,
30665066028153,Orange,Fullerton Elementary,Rolling Hills Elementary,52,6,25,0.115384615384615,4,30,66506,6028153,0,0
30665066028161,Orange,Fullerton Elementary,Sunset Lane Elementary,205,54,19,0.263414634146342,4,30,66506,6028161,,
30665066028161,Orange,Fullerton Elementary,Sunset Lane Elementary,170,42,20,0.247058823529412,4,30,66506,6028161,,
30665066028161,Orange,Fullerton Elementary,Sunset Lane Elementary,146,7,21,0.0479452054794521,4,30,66506,6028161,,
30665066028161,Orange,Fullerton Elementary,Sunset Lane Elementary,142,28,25,0.197183098591549,4,30,66506,6028161,0,0
30665066028179,Orange,Fullerton Elementary,Valencia Park Elementary,314,38,19,0.121019108280255,4,30,66506,6028179,,
30665066028179,Orange,Fullerton Elementary,Valencia Park Elementary,236,42,20,0.177966101694915,4,30,66506,6028179,,
30665066028179,Orange,Fullerton Elementary,Valencia Park Elementary,199,17,21,0.085427135678392,4,30,66506,6028179,,
30665066028179,Orange,Fullerton Elementary,Valencia Park Elementary,165,17,25,0.103030303030303,4,30,66506,6028179,0,0
30665066028195,Orange,Fullerton Elementary,Woodcrest Elementary,206,14,19,0.0679611650485437,4,30,66506,6028195,,
30665066028195,Orange,Fullerton Elementary,Woodcrest Elementary,195,23,20,0.117948717948718,4,30,66506,6028195,,
30665066028195,Orange,Fullerton Elementary,Woodcrest Elementary,159,3,21,0.0188679245283019,4,30,66506,6028195,,
30665066028195,Orange,Fullerton Elementary,Woodcrest Elementary,137,21,25,0.153284671532847,4,30,66506,6028195,0,0
30665066085286,Orange,Fullerton Elementary,D. Russell Parks Junior High,119,6,19,0.0504201680672269,4,30,66506,6085286,,
30665066085286,Orange,Fullerton Elementary,D. Russell Parks Junior High,112,40,20,0.357142857142857,4,30,66506,6085286,,
30665066085286,Orange,Fullerton Elementary,D. Russell Parks Junior High,102,28,21,0.274509803921569,4,30,66506,6085286,,
30665066085286,Orange,Fullerton Elementary,D. Russell Parks Junior High,62,34,25,0.548387096774194,4,30,66506,6085286,0,0
30665066113617,Orange,Fullerton Elementary,Maple Elementary,136,25,19,0.183823529411765,4,30,66506,6113617,,
30665066113617,Orange,Fullerton Elementary,Maple Elementary,129,12,20,0.0930232558139535,4,30,66506,6113617,,
30665066113617,Orange,Fullerton Elementary,Maple Elementary,113,3,21,0.0265486725663717,4,30,66506,6113617,,
30665066113617,Orange,Fullerton Elementary,Maple Elementary,95,18,25,0.189473684210526,4,30,66506,6113617,0,0
30665140000001,Orange,Fullerton Joint Union High,"Nonpublic, Nonsectarian Schools",5,0,19,0,4,30,66514,0000001,,
30665140000001,Orange,Fullerton Joint Union High,"Nonpublic, Nonsectarian Schools",6,0,20,0,4,30,66514,0000001,,
30665140000001,Orange,Fullerton Joint Union High,"Nonpublic, Nonsectarian Schools",3,0,21,0,4,30,66514,0000001,,
30665140000001,Orange,Fullerton Joint Union High,"Nonpublic, Nonsectarian Schools",1,0,25,0,4,30,66514,0000001,0,0
30665143030335,Orange,Fullerton Joint Union High,La Sierra High (Alternative),132,21,19,0.159090909090909,4,30,66514,3030335,,
30665143030335,Orange,Fullerton Joint Union High,La Sierra High (Alternative),115,16,20,0.139130434782609,4,30,66514,3030335,,
30665143030335,Orange,Fullerton Joint Union High,La Sierra High (Alternative),62,6,21,0.0967741935483871,4,30,66514,3030335,,
30665143030335,Orange,Fullerton Joint Union High,La Sierra High (Alternative),39,4,25,0.102564102564103,4,30,66514,3030335,0,1
30665143030855,Orange,Fullerton Joint Union High,Buena Park High,350,77,19,0.22,4,30,66514,3030855,,
30665143030855,Orange,Fullerton Joint Union High,Buena Park High,372,51,20,0.137096774193548,4,30,66514,3030855,,
30665143030855,Orange,Fullerton Joint Union High,Buena Park High,460,12,21,0.0260869565217391,4,30,66514,3030855,,
30665143030855,Orange,Fullerton Joint Union High,Buena Park High,355,83,25,0.233802816901408,4,30,66514,3030855,0,0
30665143032505,Orange,Fullerton Joint Union High,Fullerton Union High,271,42,19,0.154981549815498,4,30,66514,3032505,,
30665143032505,Orange,Fullerton Joint Union High,Fullerton Union High,284,31,20,0.109154929577465,4,30,66514,3032505,,
30665143032505,Orange,Fullerton Joint Union High,Fullerton Union High,277,13,21,0.0469314079422383,4,30,66514,3032505,,
30665143032505,Orange,Fullerton Joint Union High,Fullerton Union High,203,43,25,0.211822660098522,4,30,66514,3032505,0,0
30665143033362,Orange,Fullerton Joint Union High,La Habra High,153,23,19,0.150326797385621,4,30,66514,3033362,,
30665143033362,Orange,Fullerton Joint Union High,La Habra High,190,10,20,0.0526315789473684,4,30,66514,3033362,,
30665143033362,Orange,Fullerton Joint Union High,La Habra High,165,0,21,0,4,30,66514,3033362,,
30665143033362,Orange,Fullerton Joint Union High,La Habra High,101,10,25,0.099009900990099,4,30,66514,3033362,0,0
30665143033610,Orange,Fullerton Joint Union High,La Vista High (Continuation),144,22,19,0.152777777777778,4,30,66514,3033610,,
30665143033610,Orange,Fullerton Joint Union High,La Vista High (Continuation),130,2,20,0.0153846153846154,4,30,66514,3033610,,
30665143033610,Orange,Fullerton Joint Union High,La Vista High (Continuation),170,2,21,0.0117647058823529,4,30,66514,3033610,,
30665143033610,Orange,Fullerton Joint Union High,La Vista High (Continuation),165,14,25,0.0848484848484849,4,30,66514,3033610,0,1
30665143037090,Orange,Fullerton Joint Union High,Sonora High,160,30,19,0.1875,4,30,66514,3037090,,
30665143037090,Orange,Fullerton Joint Union High,Sonora High,157,5,20,0.0318471337579618,4,30,66514,3037090,,
30665143037090,Orange,Fullerton Joint Union High,Sonora High,165,4,21,0.0242424242424242,4,30,66514,3037090,,
30665143037090,Orange,Fullerton Joint Union High,Sonora High,124,17,25,0.137096774193548,4,30,66514,3037090,0,0
30665143037348,Orange,Fullerton Joint Union High,Sunny Hills High,119,24,19,0.201680672268908,4,30,66514,3037348,,
30665143037348,Orange,Fullerton Joint Union High,Sunny Hills High,135,26,20,0.192592592592593,4,30,66514,3037348,,
30665143037348,Orange,Fullerton Joint Union High,Sunny Hills High,140,28,21,0.2,4,30,66514,3037348,,
30665143037348,Orange,Fullerton Joint Union High,Sunny Hills High,137,31,25,0.226277372262774,4,30,66514,3037348,0,0
30665143037496,Orange,Fullerton Joint Union High,Troy High,84,23,19,0.273809523809524,4,30,66514,3037496,,
30665143037496,Orange,Fullerton Joint Union High,Troy High,68,42,20,0.617647058823529,4,30,66514,3037496,,
30665143037496,Orange,Fullerton Joint Union High,Troy High,108,1,21,0.00925925925925926,4,30,66514,3037496,,
30665143037496,Orange,Fullerton Joint Union High,Troy High,95,27,25,0.284210526315789,4,30,66514,3037496,0,0
30665220000001,Orange,Garden Grove Unified,"Nonpublic, Nonsectarian Schools",11,0,19,0,4,30,66522,0000001,,
30665220000001,Orange,Garden Grove Unified,"Nonpublic, Nonsectarian Schools",10,0,20,0,4,30,66522,0000001,,
30665220000001,Orange,Garden Grove Unified,"Nonpublic, Nonsectarian Schools",13,0,21,0,4,30,66522,0000001,,
30665220000001,Orange,Garden Grove Unified,"Nonpublic, Nonsectarian Schools",8,0,25,0,4,30,66522,0000001,0,0
30665223030103,Orange,Garden Grove Unified,Marie L. Hare High,123,1,19,0.00813008130081301,4,30,66522,3030103,,
30665223030103,Orange,Garden Grove Unified,Marie L. Hare High,125,3,20,0.024,4,30,66522,3030103,,
30665223030103,Orange,Garden Grove Unified,Marie L. Hare High,97,4,21,0.0412371134020619,4,30,66522,3030103,,
30665223030103,Orange,Garden Grove Unified,Marie L. Hare High,93,2,25,0.021505376344086,4,30,66522,3030103,0,1
30665223030434,Orange,Garden Grove Unified,Bolsa Grande High,487,78,19,0.160164271047228,4,30,66522,3030434,,
30665223030434,Orange,Garden Grove Unified,Bolsa Grande High,444,72,20,0.162162162162162,4,30,66522,3030434,,
30665223030434,Orange,Garden Grove Unified,Bolsa Grande High,422,43,21,0.101895734597156,4,30,66522,3030434,,
30665223030434,Orange,Garden Grove Unified,Bolsa Grande High,415,35,25,0.0843373493975904,4,30,66522,3030434,0,0
30665223032752,Orange,Garden Grove Unified,Garden Grove High,522,32,19,0.0613026819923372,4,30,66522,3032752,,
30665223032752,Orange,Garden Grove Unified,Garden Grove High,511,66,20,0.129158512720157,4,30,66522,3032752,,
30665223032752,Orange,Garden Grove Unified,Garden Grove High,494,34,21,0.0688259109311741,4,30,66522,3032752,,
30665223032752,Orange,Garden Grove Unified,Garden Grove High,428,36,25,0.0841121495327103,4,30,66522,3032752,0,0
30665223033578,Orange,Garden Grove Unified,La Quinta High,354,77,19,0.217514124293785,4,30,66522,3033578,,
30665223033578,Orange,Garden Grove Unified,La Quinta High,384,51,20,0.1328125,4,30,66522,3033578,,
30665223033578,Orange,Garden Grove Unified,La Quinta High,361,61,21,0.168975069252078,4,30,66522,3033578,,
30665223033578,Orange,Garden Grove Unified,La Quinta High,337,30,25,0.0890207715133531,4,30,66522,3033578,0,0
30665223033933,Orange,Garden Grove Unified,Los Amigos High,697,44,19,0.0631276901004304,4,30,66522,3033933,,
30665223033933,Orange,Garden Grove Unified,Los Amigos High,689,85,20,0.123367198838897,4,30,66522,3033933,,
30665223033933,Orange,Garden Grove Unified,Los Amigos High,677,46,21,0.06794682422452,4,30,66522,3033933,,
30665223033933,Orange,Garden Grove Unified,Los Amigos High,488,28,25,0.0573770491803279,4,30,66522,3033933,0,0
30665223035581,Orange,Garden Grove Unified,Pacifica High,141,9,19,0.0638297872340426,4,30,66522,3035581,,
30665223035581,Orange,Garden Grove Unified,Pacifica High,135,4,20,0.0296296296296296,4,30,66522,3035581,,
30665223035581,Orange,Garden Grove Unified,Pacifica High,128,13,21,0.1015625,4,30,66522,3035581,,
30665223035581,Orange,Garden Grove Unified,Pacifica High,99,9,25,0.0909090909090909,4,30,66522,3035581,0,0
30665223035706,Orange,Garden Grove Unified,Rancho Alamitos High,469,60,19,0.127931769722815,4,30,66522,3035706,,
30665223035706,Orange,Garden Grove Unified,Rancho Alamitos High,451,53,20,0.117516629711752,4,30,66522,3035706,,
30665223035706,Orange,Garden Grove Unified,Rancho Alamitos High,473,25,21,0.0528541226215645,4,30,66522,3035706,,
30665223035706,Orange,Garden Grove Unified,Rancho Alamitos High,403,26,25,0.0645161290322581,4,30,66522,3035706,0,0
30665223036555,Orange,Garden Grove Unified,Santiago High,694,99,19,0.142651296829971,4,30,66522,3036555,,
30665223036555,Orange,Garden Grove Unified,Santiago High,649,79,20,0.121725731895223,4,30,66522,3036555,,
30665223036555,Orange,Garden Grove Unified,Santiago High,686,56,21,0.0816326530612245,4,30,66522,3036555,,
30665223036555,Orange,Garden Grove Unified,Santiago High,539,34,25,0.0630797773654917,4,30,66522,3036555,0,0
30665226028211,Orange,Garden Grove Unified,A. G. Cook Elementary,138,43,19,0.311594202898551,4,30,66522,6028211,,
30665226028211,Orange,Garden Grove Unified,A. G. Cook Elementary,144,16,20,0.111111111111111,4,30,66522,6028211,,
30665226028211,Orange,Garden Grove Unified,A. G. Cook Elementary,149,14,21,0.0939597315436242,4,30,66522,6028211,,
30665226028211,Orange,Garden Grove Unified,A. G. Cook Elementary,120,24,25,0.2,4,30,66522,6028211,0,0
30665226028229,Orange,Garden Grove Unified,Agnes Ware Stanley Elementary,95,20,19,0.210526315789474,4,30,66522,6028229,,
30665226028229,Orange,Garden Grove Unified,Agnes Ware Stanley Elementary,93,15,20,0.161290322580645,4,30,66522,6028229,,
30665226028229,Orange,Garden Grove Unified,Agnes Ware Stanley Elementary,91,5,21,0.054945054945055,4,30,66522,6028229,,
30665226028229,Orange,Garden Grove Unified,Agnes Ware Stanley Elementary,105,11,25,0.104761904761905,4,30,66522,6028229,0,0
30665226028237,Orange,Garden Grove Unified,Alamitos Intermediate,204,29,19,0.142156862745098,4,30,66522,6028237,,
30665226028237,Orange,Garden Grove Unified,Alamitos Intermediate,211,27,20,0.127962085308057,4,30,66522,6028237,,
30665226028237,Orange,Garden Grove Unified,Alamitos Intermediate,203,25,21,0.123152709359606,4,30,66522,6028237,,
30665226028237,Orange,Garden Grove Unified,Alamitos Intermediate,204,30,25,0.147058823529412,4,30,66522,6028237,0,0
30665226028252,Orange,Garden Grove Unified,Brookhurst Elementary,168,31,19,0.18452380952381,4,30,66522,6028252,,
30665226028252,Orange,Garden Grove Unified,Brookhurst Elementary,157,12,20,0.0764331210191083,4,30,66522,6028252,,
30665226028252,Orange,Garden Grove Unified,Brookhurst Elementary,160,2,21,0.0125,4,30,66522,6028252,,
30665226028252,Orange,Garden Grove Unified,Brookhurst Elementary,169,19,25,0.112426035502959,4,30,66522,6028252,0,0
30665226028260,Orange,Garden Grove Unified,Bryant Elementary,336,38,19,0.113095238095238,4,30,66522,6028260,,
30665226028260,Orange,Garden Grove Unified,Bryant Elementary,319,17,20,0.0532915360501567,4,30,66522,6028260,,
30665226028260,Orange,Garden Grove Unified,Bryant Elementary,303,5,21,0.0165016501650165,4,30,66522,6028260,,
30665226028260,Orange,Garden Grove Unified,Bryant Elementary,238,19,25,0.0798319327731092,4,30,66522,6028260,0,0
30665226028278,Orange,Garden Grove Unified,C. C. Violette Elementary,204,26,19,0.127450980392157,4,30,66522,6028278,,
30665226028278,Orange,Garden Grove Unified,C. C. Violette Elementary,183,13,20,0.0710382513661202,4,30,66522,6028278,,
30665226028278,Orange,Garden Grove Unified,C. C. Violette Elementary,164,3,21,0.0182926829268293,4,30,66522,6028278,,
30665226028278,Orange,Garden Grove Unified,C. C. Violette Elementary,140,16,25,0.114285714285714,4,30,66522,6028278,0,0
30665226028294,Orange,Garden Grove Unified,Clinton Elementary,347,53,19,0.152737752161383,4,30,66522,6028294,,
30665226028294,Orange,Garden Grove Unified,Clinton Elementary,334,21,20,0.062874251497006,4,30,66522,6028294,,
30665226028294,Orange,Garden Grove Unified,Clinton Elementary,296,11,21,0.0371621621621622,4,30,66522,6028294,,
30665226028294,Orange,Garden Grove Unified,Clinton Elementary,219,25,25,0.114155251141553,4,30,66522,6028294,0,0
30665226028302,Orange,Garden Grove Unified,Donald S. Jordan Intermediate,172,35,19,0.203488372093023,4,30,66522,6028302,,
30665226028302,Orange,Garden Grove Unified,Donald S. Jordan Intermediate,158,19,20,0.120253164556962,4,30,66522,6028302,,
30665226028302,Orange,Garden Grove Unified,Donald S. Jordan Intermediate,159,16,21,0.10062893081761,4,30,66522,6028302,,
30665226028302,Orange,Garden Grove Unified,Donald S. Jordan Intermediate,150,22,25,0.146666666666667,4,30,66522,6028302,0,0
30665226028310,Orange,Garden Grove Unified,Dwight D. Eisenhower Elementary,380,41,19,0.107894736842105,4,30,66522,6028310,,
30665226028310,Orange,Garden Grove Unified,Dwight D. Eisenhower Elementary,334,30,20,0.0898203592814371,4,30,66522,6028310,,
30665226028310,Orange,Garden Grove Unified,Dwight D. Eisenhower Elementary,303,6,21,0.0198019801980198,4,30,66522,6028310,,
30665226028310,Orange,Garden Grove Unified,Dwight D. Eisenhower Elementary,224,27,25,0.120535714285714,4,30,66522,6028310,0,0
30665226028328,Orange,Garden Grove Unified,Earl Warren Elementary,197,42,19,0.213197969543147,4,30,66522,6028328,,
30665226028328,Orange,Garden Grove Unified,Earl Warren Elementary,171,24,20,0.140350877192982,4,30,66522,6028328,,
30665226028328,Orange,Garden Grove Unified,Earl Warren Elementary,170,12,21,0.0705882352941176,4,30,66522,6028328,,
30665226028328,Orange,Garden Grove Unified,Earl Warren Elementary,173,25,25,0.144508670520231,4,30,66522,6028328,0,0
30665226028336,Orange,Garden Grove Unified,Edward Russell Elementary,322,47,19,0.145962732919255,4,30,66522,6028336,,
30665226028336,Orange,Garden Grove Unified,Edward Russell Elementary,300,19,20,0.0633333333333333,4,30,66522,6028336,,
30665226028336,Orange,Garden Grove Unified,Edward Russell Elementary,274,9,21,0.0328467153284672,4,30,66522,6028336,,
30665226028336,Orange,Garden Grove Unified,Edward Russell Elementary,289,15,25,0.0519031141868512,4,30,66522,6028336,0,0
30665226028344,Orange,Garden Grove Unified,Ernest O. Lawrence Elementary,222,57,19,0.256756756756757,4,30,66522,6028344,,
30665226028344,Orange,Garden Grove Unified,Ernest O. Lawrence Elementary,219,22,20,0.100456621004566,4,30,66522,6028344,,
30665226028344,Orange,Garden Grove Unified,Ernest O. Lawrence Elementary,213,10,21,0.0469483568075117,4,30,66522,6028344,,
30665226028344,Orange,Garden Grove Unified,Ernest O. Lawrence Elementary,192,23,25,0.119791666666667,4,30,66522,6028344,0,0
30665226028369,Orange,Garden Grove Unified,Ethan B. Allen Elementary,111,37,19,0.333333333333333,4,30,66522,6028369,,
30665226028369,Orange,Garden Grove Unified,Ethan B. Allen Elementary,97,32,20,0.329896907216495,4,30,66522,6028369,,
30665226028369,Orange,Garden Grove Unified,Ethan B. Allen Elementary,106,6,21,0.0566037735849057,4,30,66522,6028369,,
30665226028369,Orange,Garden Grove Unified,Ethan B. Allen Elementary,111,24,25,0.216216216216216,4,30,66522,6028369,0,0
30665226028377,Orange,Garden Grove Unified,Ethel M. Evans Elementary,187,30,19,0.160427807486631,4,30,66522,6028377,,
30665226028377,Orange,Garden Grove Unified,Ethel M. Evans Elementary,184,13,20,0.0706521739130435,4,30,66522,6028377,,
30665226028377,Orange,Garden Grove Unified,Ethel M. Evans Elementary,199,8,21,0.0402010050251256,4,30,66522,6028377,,
30665226028377,Orange,Garden Grove Unified,Ethel M. Evans Elementary,187,18,25,0.0962566844919786,4,30,66522,6028377,0,0
30665226028385,Orange,Garden Grove Unified,Excelsior Elementary,198,48,19,0.242424242424242,4,30,66522,6028385,,
30665226028385,Orange,Garden Grove Unified,Excelsior Elementary,182,34,20,0.186813186813187,4,30,66522,6028385,,
30665226028385,Orange,Garden Grove Unified,Excelsior Elementary,187,11,21,0.0588235294117647,4,30,66522,6028385,,
30665226028385,Orange,Garden Grove Unified,Excelsior Elementary,157,22,25,0.140127388535032,4,30,66522,6028385,0,0
30665226028393,Orange,Garden Grove Unified,Faylane Elementary,182,26,19,0.142857142857143,4,30,66522,6028393,,
30665226028393,Orange,Garden Grove Unified,Faylane Elementary,175,26,20,0.148571428571429,4,30,66522,6028393,,
30665226028393,Orange,Garden Grove Unified,Faylane Elementary,173,7,21,0.0404624277456647,4,30,66522,6028393,,
30665226028393,Orange,Garden Grove Unified,Faylane Elementary,168,21,25,0.125,4,30,66522,6028393,0,0
30665226028401,Orange,Garden Grove Unified,Garden Park Elementary,12,7,19,0.583333333333333,4,30,66522,6028401,,
30665226028401,Orange,Garden Grove Unified,Garden Park Elementary,15,1,20,0.0666666666666667,4,30,66522,6028401,,
30665226028401,Orange,Garden Grove Unified,Garden Park Elementary,20,0,21,0,4,30,66522,6028401,,
30665226028401,Orange,Garden Grove Unified,Garden Park Elementary,25,6,25,0.24,4,30,66522,6028401,0,0
30665226028419,Orange,Garden Grove Unified,Genevieve M. Crosby Elementary,154,31,19,0.201298701298701,4,30,66522,6028419,,
30665226028419,Orange,Garden Grove Unified,Genevieve M. Crosby Elementary,126,9,20,0.0714285714285714,4,30,66522,6028419,,
30665226028419,Orange,Garden Grove Unified,Genevieve M. Crosby Elementary,130,3,21,0.0230769230769231,4,30,66522,6028419,,
30665226028419,Orange,Garden Grove Unified,Genevieve M. Crosby Elementary,123,16,25,0.130081300813008,4,30,66522,6028419,0,0
30665226028427,Orange,Garden Grove Unified,Patton Elementary,68,35,19,0.514705882352941,4,30,66522,6028427,,
30665226028427,Orange,Garden Grove Unified,Patton Elementary,56,24,20,0.428571428571429,4,30,66522,6028427,,
30665226028427,Orange,Garden Grove Unified,Patton Elementary,65,6,21,0.0923076923076923,4,30,66522,6028427,,
30665226028427,Orange,Garden Grove Unified,Patton Elementary,74,14,25,0.189189189189189,4,30,66522,6028427,0,0
30665226028435,Orange,Garden Grove Unified,Gilbert Elementary,190,31,19,0.163157894736842,4,30,66522,6028435,,
30665226028435,Orange,Garden Grove Unified,Gilbert Elementary,192,22,20,0.114583333333333,4,30,66522,6028435,,
30665226028435,Orange,Garden Grove Unified,Gilbert Elementary,180,9,21,0.05,4,30,66522,6028435,,
30665226028435,Orange,Garden Grove Unified,Gilbert Elementary,165,18,25,0.109090909090909,4,30,66522,6028435,0,0
30665226028443,Orange,Garden Grove Unified,Heritage Elementary,280,31,19,0.110714285714286,4,30,66522,6028443,,
30665226028443,Orange,Garden Grove Unified,Heritage Elementary,250,18,20,0.072,4,30,66522,6028443,,
30665226028443,Orange,Garden Grove Unified,Heritage Elementary,240,5,21,0.0208333333333333,4,30,66522,6028443,,
30665226028443,Orange,Garden Grove Unified,Heritage Elementary,212,23,25,0.108490566037736,4,30,66522,6028443,0,0
30665226028450,Orange,Garden Grove Unified,Hilton D. Bell Intermediate,28,7,19,0.25,4,30,66522,6028450,,
30665226028450,Orange,Garden Grove Unified,Hilton D. Bell Intermediate,35,4,20,0.114285714285714,4,30,66522,6028450,,
30665226028450,Orange,Garden Grove Unified,Hilton D. Bell Intermediate,27,7,21,0.259259259259259,4,30,66522,6028450,,
30665226028450,Orange,Garden Grove Unified,Hilton D. Bell Intermediate,28,4,25,0.142857142857143,4,30,66522,6028450,0,0
30665226028468,Orange,Garden Grove Unified,Izaak Walton Intermediate,245,17,19,0.0693877551020408,4,30,66522,6028468,,
30665226028468,Orange,Garden Grove Unified,Izaak Walton Intermediate,251,18,20,0.0717131474103586,4,30,66522,6028468,,
30665226028468,Orange,Garden Grove Unified,Izaak Walton Intermediate,210,11,21,0.0523809523809524,4,30,66522,6028468,,
30665226028468,Orange,Garden Grove Unified,Izaak Walton Intermediate,159,12,25,0.0754716981132076,4,30,66522,6028468,0,0
30665226028476,Orange,Garden Grove Unified,James Irvine Intermediate,227,48,19,0.211453744493392,4,30,66522,6028476,,
30665226028476,Orange,Garden Grove Unified,James Irvine Intermediate,211,24,20,0.113744075829384,4,30,66522,6028476,,
30665226028476,Orange,Garden Grove Unified,James Irvine Intermediate,190,25,21,0.131578947368421,4,30,66522,6028476,,
30665226028476,Orange,Garden Grove Unified,James Irvine Intermediate,181,23,25,0.12707182320442,4,30,66522,6028476,0,0
30665226028484,Orange,Garden Grove Unified,James Monroe Elementary,160,13,19,0.08125,4,30,66522,6028484,,
30665226028484,Orange,Garden Grove Unified,James Monroe Elementary,170,4,20,0.0235294117647059,4,30,66522,6028484,,
30665226028484,Orange,Garden Grove Unified,James Monroe Elementary,194,2,21,0.0103092783505155,4,30,66522,6028484,,
30665226028484,Orange,Garden Grove Unified,James Monroe Elementary,184,18,25,0.0978260869565217,4,30,66522,6028484,0,0
30665226028500,Orange,Garden Grove Unified,Enders Elementary,38,13,19,0.342105263157895,4,30,66522,6028500,,
30665226028500,Orange,Garden Grove Unified,Enders Elementary,35,2,20,0.0571428571428571,4,30,66522,6028500,,
30665226028500,Orange,Garden Grove Unified,Enders Elementary,36,5,21,0.138888888888889,4,30,66522,6028500,,
30665226028500,Orange,Garden Grove Unified,Enders Elementary,35,4,25,0.114285714285714,4,30,66522,6028500,0,0
30665226028518,Orange,Garden Grove Unified,John Marshall Elementary,227,28,19,0.123348017621145,4,30,66522,6028518,,
30665226028518,Orange,Garden Grove Unified,John Marshall Elementary,212,23,20,0.108490566037736,4,30,66522,6028518,,
30665226028518,Orange,Garden Grove Unified,John Marshall Elementary,189,5,21,0.0264550264550265,4,30,66522,6028518,,
30665226028518,Orange,Garden Grove Unified,John Marshall Elementary,157,15,25,0.0955414012738854,4,30,66522,6028518,0,0
30665226028526,Orange,Garden Grove Unified,John Murdy Elementary,230,35,19,0.152173913043478,4,30,66522,6028526,,
30665226028526,Orange,Garden Grove Unified,John Murdy Elementary,242,36,20,0.148760330578512,4,30,66522,6028526,,
30665226028526,Orange,Garden Grove Unified,John Murdy Elementary,253,14,21,0.0553359683794466,4,30,66522,6028526,,
30665226028526,Orange,Garden Grove Unified,John Murdy Elementary,269,67,25,0.24907063197026,4,30,66522,6028526,0,0
30665226028534,Orange,Garden Grove Unified,Dr. Walter C. Ralston Intermediate,146,17,19,0.116438356164384,4,30,66522,6028534,,
30665226028534,Orange,Garden Grove Unified,Dr. Walter C. Ralston Intermediate,125,14,20,0.112,4,30,66522,6028534,,
30665226028534,Orange,Garden Grove Unified,Dr. Walter C. Ralston Intermediate,134,7,21,0.0522388059701493,4,30,66522,6028534,,
30665226028534,Orange,Garden Grove Unified,Dr. Walter C. Ralston Intermediate,118,16,25,0.135593220338983,4,30,66522,6028534,0,0
30665226028542,Orange,Garden Grove Unified,Leo Carrillo Elementary,350,43,19,0.122857142857143,4,30,66522,6028542,,
30665226028542,Orange,Garden Grove Unified,Leo Carrillo Elementary,342,25,20,0.0730994152046784,4,30,66522,6028542,,
30665226028542,Orange,Garden Grove Unified,Leo Carrillo Elementary,290,19,21,0.0655172413793104,4,30,66522,6028542,,
30665226028542,Orange,Garden Grove Unified,Leo Carrillo Elementary,315,32,25,0.101587301587302,4,30,66522,6028542,0,0
30665226028559,Orange,Garden Grove Unified,Leroy L. Doig Intermediate,380,36,19,0.0947368421052632,4,30,66522,6028559,,
30665226028559,Orange,Garden Grove Unified,Leroy L. Doig Intermediate,315,47,20,0.149206349206349,4,30,66522,6028559,,
30665226028559,Orange,Garden Grove Unified,Leroy L. Doig Intermediate,291,17,21,0.0584192439862543,4,30,66522,6028559,,
30665226028559,Orange,Garden Grove Unified,Leroy L. Doig Intermediate,235,37,25,0.157446808510638,4,30,66522,6028559,0,0
30665226028575,Orange,Garden Grove Unified,Linton T. Simmons Elementary,196,28,19,0.142857142857143,4,30,66522,6028575,,
30665226028575,Orange,Garden Grove Unified,Linton T. Simmons Elementary,173,26,20,0.15028901734104,4,30,66522,6028575,,
30665226028575,Orange,Garden Grove Unified,Linton T. Simmons Elementary,147,7,21,0.0476190476190476,4,30,66522,6028575,,
30665226028575,Orange,Garden Grove Unified,Linton T. Simmons Elementary,116,8,25,0.0689655172413793,4,30,66522,6028575,0,0
30665226028583,Orange,Garden Grove Unified,Louis G. Zeyen Elementary,110,20,19,0.181818181818182,4,30,66522,6028583,,
30665226028583,Orange,Garden Grove Unified,Louis G. Zeyen Elementary,98,16,20,0.163265306122449,4,30,66522,6028583,,
30665226028583,Orange,Garden Grove Unified,Louis G. Zeyen Elementary,99,7,21,0.0707070707070707,4,30,66522,6028583,,
30665226028583,Orange,Garden Grove Unified,Louis G. Zeyen Elementary,103,10,25,0.0970873786407767,4,30,66522,6028583,0,0
30665226028609,Orange,Garden Grove Unified,Loyal Barker Elementary,23,10,19,0.434782608695652,4,30,66522,6028609,,
30665226028609,Orange,Garden Grove Unified,Loyal Barker Elementary,21,6,20,0.285714285714286,4,30,66522,6028609,,
30665226028609,Orange,Garden Grove Unified,Loyal Barker Elementary,33,0,21,0,4,30,66522,6028609,,
30665226028609,Orange,Garden Grove Unified,Loyal Barker Elementary,28,10,25,0.357142857142857,4,30,66522,6028609,0,0
30665226028625,Orange,Garden Grove Unified,Louis Lake Intermediate,155,17,19,0.109677419354839,4,30,66522,6028625,,
30665226028625,Orange,Garden Grove Unified,Louis Lake Intermediate,121,14,20,0.115702479338843,4,30,66522,6028625,,
30665226028625,Orange,Garden Grove Unified,Louis Lake Intermediate,122,11,21,0.0901639344262295,4,30,66522,6028625,,
30665226028625,Orange,Garden Grove Unified,Louis Lake Intermediate,111,14,25,0.126126126126126,4,30,66522,6028625,0,0
30665226028633,Orange,Garden Grove Unified,Mark Twain Special Center,7,2,19,0.285714285714286,4,30,66522,6028633,,
30665226028633,Orange,Garden Grove Unified,Mark Twain Special Center,15,1,20,0.0666666666666667,4,30,66522,6028633,,
30665226028633,Orange,Garden Grove Unified,Mark Twain Special Center,12,2,21,0.166666666666667,4,30,66522,6028633,,
30665226028633,Orange,Garden Grove Unified,Mark Twain Special Center,17,0,25,0,4,30,66522,6028633,0,1
30665226028641,Orange,Garden Grove Unified,Merton E. Hill Elementary,149,26,19,0.174496644295302,4,30,66522,6028641,,
30665226028641,Orange,Garden Grove Unified,Merton E. Hill Elementary,134,22,20,0.164179104477612,4,30,66522,6028641,,
30665226028641,Orange,Garden Grove Unified,Merton E. Hill Elementary,122,6,21,0.0491803278688525,4,30,66522,6028641,,
30665226028641,Orange,Garden Grove Unified,Merton E. Hill Elementary,130,16,25,0.123076923076923,4,30,66522,6028641,0,0
30665226028658,Orange,Garden Grove Unified,Mitchell Elementary,185,29,19,0.156756756756757,4,30,66522,6028658,,
30665226028658,Orange,Garden Grove Unified,Mitchell Elementary,191,23,20,0.120418848167539,4,30,66522,6028658,,
30665226028658,Orange,Garden Grove Unified,Mitchell Elementary,189,5,21,0.0264550264550265,4,30,66522,6028658,,
30665226028658,Orange,Garden Grove Unified,Mitchell Elementary,200,20,25,0.1,4,30,66522,6028658,0,0
30665226028666,Orange,Garden Grove Unified,Morningside Elementary,179,51,19,0.284916201117318,4,30,66522,6028666,,
30665226028666,Orange,Garden Grove Unified,Morningside Elementary,178,22,20,0.123595505617978,4,30,66522,6028666,,
30665226028666,Orange,Garden Grove Unified,Morningside Elementary,179,11,21,0.0614525139664804,4,30,66522,6028666,,
30665226028666,Orange,Garden Grove Unified,Morningside Elementary,172,22,25,0.127906976744186,4,30,66522,6028666,0,0
30665226028674,Orange,Garden Grove Unified,Newhope Elementary,205,25,19,0.121951219512195,4,30,66522,6028674,,
30665226028674,Orange,Garden Grove Unified,Newhope Elementary,196,15,20,0.076530612244898,4,30,66522,6028674,,
30665226028674,Orange,Garden Grove Unified,Newhope Elementary,199,3,21,0.0150753768844221,4,30,66522,6028674,,
30665226028674,Orange,Garden Grove Unified,Newhope Elementary,172,16,25,0.0930232558139535,4,30,66522,6028674,0,0
30665226028682,Orange,Garden Grove Unified,Ocia A. Peters Elementary,555,83,19,0.14954954954955,4,30,66522,6028682,,
30665226028682,Orange,Garden Grove Unified,Ocia A. Peters Elementary,484,79,20,0.163223140495868,4,30,66522,6028682,,
30665226028682,Orange,Garden Grove Unified,Ocia A. Peters Elementary,453,27,21,0.0596026490066225,4,30,66522,6028682,,
30665226028682,Orange,Garden Grove Unified,Ocia A. Peters Elementary,358,41,25,0.114525139664804,4,30,66522,6028682,0,0
30665226028690,Orange,Garden Grove Unified,Parkview Elementary,134,44,19,0.328358208955224,4,30,66522,6028690,,
30665226028690,Orange,Garden Grove Unified,Parkview Elementary,133,11,20,0.0827067669172932,4,30,66522,6028690,,
30665226028690,Orange,Garden Grove Unified,Parkview Elementary,144,4,21,0.0277777777777778,4,30,66522,6028690,,
30665226028690,Orange,Garden Grove Unified,Parkview Elementary,159,9,25,0.0566037735849057,4,30,66522,6028690,0,0
30665226028708,Orange,Garden Grove Unified,Post Elementary,172,45,19,0.261627906976744,4,30,66522,6028708,,
30665226028708,Orange,Garden Grove Unified,Post Elementary,165,15,20,0.0909090909090909,4,30,66522,6028708,,
30665226028708,Orange,Garden Grove Unified,Post Elementary,153,8,21,0.0522875816993464,4,30,66522,6028708,,
30665226028708,Orange,Garden Grove Unified,Post Elementary,136,24,25,0.176470588235294,4,30,66522,6028708,0,0
30665226028716,Orange,Garden Grove Unified,R. F. Hazard Elementary,241,68,19,0.282157676348548,4,30,66522,6028716,,
30665226028716,Orange,Garden Grove Unified,R. F. Hazard Elementary,203,34,20,0.167487684729064,4,30,66522,6028716,,
30665226028716,Orange,Garden Grove Unified,R. F. Hazard Elementary,212,8,21,0.0377358490566038,4,30,66522,6028716,,
30665226028716,Orange,Garden Grove Unified,R. F. Hazard Elementary,194,34,25,0.175257731958763,4,30,66522,6028716,0,0
30665226028724,Orange,Garden Grove Unified,Riverdale Elementary,304,41,19,0.134868421052632,4,30,66522,6028724,,
30665226028724,Orange,Garden Grove Unified,Riverdale Elementary,269,21,20,0.0780669144981413,4,30,66522,6028724,,
30665226028724,Orange,Garden Grove Unified,Riverdale Elementary,252,10,21,0.0396825396825397,4,30,66522,6028724,,
30665226028724,Orange,Garden Grove Unified,Riverdale Elementary,238,19,25,0.0798319327731092,4,30,66522,6028724,0,0
30665226028732,Orange,Garden Grove Unified,Rosita Elementary,251,34,19,0.135458167330677,4,30,66522,6028732,,
30665226028732,Orange,Garden Grove Unified,Rosita Elementary,250,14,20,0.056,4,30,66522,6028732,,
30665226028732,Orange,Garden Grove Unified,Rosita Elementary,214,11,21,0.0514018691588785,4,30,66522,6028732,,
30665226028732,Orange,Garden Grove Unified,Rosita Elementary,154,17,25,0.11038961038961,4,30,66522,6028732,0,0
30665226028740,Orange,Garden Grove Unified,Sarah McGarvin Intermediate,172,22,19,0.127906976744186,4,30,66522,6028740,,
30665226028740,Orange,Garden Grove Unified,Sarah McGarvin Intermediate,150,36,20,0.24,4,30,66522,6028740,,
30665226028740,Orange,Garden Grove Unified,Sarah McGarvin Intermediate,135,13,21,0.0962962962962963,4,30,66522,6028740,,
30665226028740,Orange,Garden Grove Unified,Sarah McGarvin Intermediate,169,35,25,0.207100591715976,4,30,66522,6028740,0,0
30665226028765,Orange,Garden Grove Unified,Stanford Elementary,229,37,19,0.161572052401747,4,30,66522,6028765,,
30665226028765,Orange,Garden Grove Unified,Stanford Elementary,242,25,20,0.103305785123967,4,30,66522,6028765,,
30665226028765,Orange,Garden Grove Unified,Stanford Elementary,243,12,21,0.0493827160493827,4,30,66522,6028765,,
30665226028765,Orange,Garden Grove Unified,Stanford Elementary,209,25,25,0.119617224880383,4,30,66522,6028765,0,0
30665226028773,Orange,Garden Grove Unified,Stephen R. Fitz Intermediate,330,38,19,0.115151515151515,4,30,66522,6028773,,
30665226028773,Orange,Garden Grove Unified,Stephen R. Fitz Intermediate,307,29,20,0.0944625407166124,4,30,66522,6028773,,
30665226028773,Orange,Garden Grove Unified,Stephen R. Fitz Intermediate,275,8,21,0.0290909090909091,4,30,66522,6028773,,
30665226028773,Orange,Garden Grove Unified,Stephen R. Fitz Intermediate,194,21,25,0.108247422680412,4,30,66522,6028773,0,0
30665226028781,Orange,Garden Grove Unified,Sunnyside Elementary,224,58,19,0.258928571428571,4,30,66522,6028781,,
30665226028781,Orange,Garden Grove Unified,Sunnyside Elementary,218,39,20,0.178899082568807,4,30,66522,6028781,,
30665226028781,Orange,Garden Grove Unified,Sunnyside Elementary,221,7,21,0.0316742081447964,4,30,66522,6028781,,
30665226028781,Orange,Garden Grove Unified,Sunnyside Elementary,232,43,25,0.185344827586207,4,30,66522,6028781,0,0
30665226028799,Orange,Garden Grove Unified,Susan B. Anthony Elementary,123,33,19,0.268292682926829,4,30,66522,6028799,,
30665226028799,Orange,Garden Grove Unified,Susan B. Anthony Elementary,120,18,20,0.15,4,30,66522,6028799,,
30665226028799,Orange,Garden Grove Unified,Susan B. Anthony Elementary,135,13,21,0.0962962962962963,4,30,66522,6028799,,
30665226028799,Orange,Garden Grove Unified,Susan B. Anthony Elementary,114,21,25,0.184210526315789,4,30,66522,6028799,0,0
30665226028807,Orange,Garden Grove Unified,Thomas Paine Elementary,164,46,19,0.280487804878049,4,30,66522,6028807,,
30665226028807,Orange,Garden Grove Unified,Thomas Paine Elementary,175,20,20,0.114285714285714,4,30,66522,6028807,,
30665226028807,Orange,Garden Grove Unified,Thomas Paine Elementary,179,5,21,0.0279329608938548,4,30,66522,6028807,,
30665226028807,Orange,Garden Grove Unified,Thomas Paine Elementary,149,29,25,0.194630872483221,4,30,66522,6028807,0,0
30665226028815,Orange,Garden Grove Unified,Wakeham Elementary,134,19,19,0.141791044776119,4,30,66522,6028815,,
30665226028815,Orange,Garden Grove Unified,Wakeham Elementary,131,10,20,0.0763358778625954,4,30,66522,6028815,,
30665226028815,Orange,Garden Grove Unified,Wakeham Elementary,118,2,21,0.0169491525423729,4,30,66522,6028815,,
30665226028815,Orange,Garden Grove Unified,Wakeham Elementary,122,19,25,0.155737704918033,4,30,66522,6028815,0,0
30665226028823,Orange,Garden Grove Unified,Woodbury Elementary,179,23,19,0.128491620111732,4,30,66522,6028823,,
30665226028823,Orange,Garden Grove Unified,Woodbury Elementary,159,33,20,0.207547169811321,4,30,66522,6028823,,
30665226028823,Orange,Garden Grove Unified,Woodbury Elementary,145,9,21,0.0620689655172414,4,30,66522,6028823,,
30665226028823,Orange,Garden Grove Unified,Woodbury Elementary,166,9,25,0.0542168674698795,4,30,66522,6028823,0,0
30665226085294,Orange,Garden Grove Unified,Mamie L. Northcutt Elementary,193,36,19,0.186528497409326,4,30,66522,6085294,,
30665226085294,Orange,Garden Grove Unified,Mamie L. Northcutt Elementary,170,16,20,0.0941176470588235,4,30,66522,6085294,,
30665226085294,Orange,Garden Grove Unified,Mamie L. Northcutt Elementary,160,2,21,0.0125,4,30,66522,6085294,,
30665226085294,Orange,Garden Grove Unified,Mamie L. Northcutt Elementary,167,19,25,0.11377245508982,4,30,66522,6085294,0,0
30665226104129,Orange,Garden Grove Unified,Jordan Secondary Learning Center,17,0,19,0,4,30,66522,6104129,,
30665226104129,Orange,Garden Grove Unified,Jordan Secondary Learning Center,21,0,20,0,4,30,66522,6104129,,
30665226104129,Orange,Garden Grove Unified,Jordan Secondary Learning Center,20,2,21,0.1,4,30,66522,6104129,,
30665226104129,Orange,Garden Grove Unified,Jordan Secondary Learning Center,29,0,25,0,4,30,66522,6104129,0,0
30665300134221,Orange,Huntington Beach City Elementary,Kinetic Academy,5,0,20,0,4,30,66530,0134221,,
30665300134221,Orange,Huntington Beach City Elementary,Kinetic Academy,5,0,21,0,4,30,66530,0134221,,
30665300134221,Orange,Huntington Beach City Elementary,Kinetic Academy,10,1,25,0.1,4,30,66530,0134221,1,0
30665306028831,Orange,Huntington Beach City Elementary,Agnes L. Smith Elementary,42,0,19,0,4,30,66530,6028831,,
30665306028831,Orange,Huntington Beach City Elementary,Agnes L. Smith Elementary,36,6,20,0.166666666666667,4,30,66530,6028831,,
30665306028831,Orange,Huntington Beach City Elementary,Agnes L. Smith Elementary,40,2,21,0.05,4,30,66530,6028831,,
30665306028831,Orange,Huntington Beach City Elementary,Agnes L. Smith Elementary,52,16,25,0.307692307692308,4,30,66530,6028831,0,0
30665306028849,Orange,Huntington Beach City Elementary,Ethel Dwyer Middle,83,0,19,0,4,30,66530,6028849,,
30665306028849,Orange,Huntington Beach City Elementary,Ethel Dwyer Middle,89,2,20,0.0224719101123596,4,30,66530,6028849,,
30665306028849,Orange,Huntington Beach City Elementary,Ethel Dwyer Middle,84,4,21,0.0476190476190476,4,30,66530,6028849,,
30665306028849,Orange,Huntington Beach City Elementary,Ethel Dwyer Middle,59,17,25,0.288135593220339,4,30,66530,6028849,0,0
30665306028864,Orange,Huntington Beach City Elementary,John H. Eader Elementary,17,0,19,0,4,30,66530,6028864,,
30665306028864,Orange,Huntington Beach City Elementary,John H. Eader Elementary,12,3,20,0.25,4,30,66530,6028864,,
30665306028864,Orange,Huntington Beach City Elementary,John H. Eader Elementary,8,1,21,0.125,4,30,66530,6028864,,
30665306028864,Orange,Huntington Beach City Elementary,John H. Eader Elementary,27,8,25,0.296296296296296,4,30,66530,6028864,0,0
30665306028872,Orange,Huntington Beach City Elementary,John R. Peterson Elementary,40,0,19,0,4,30,66530,6028872,,
30665306028872,Orange,Huntington Beach City Elementary,John R. Peterson Elementary,46,5,20,0.108695652173913,4,30,66530,6028872,,
30665306028872,Orange,Huntington Beach City Elementary,John R. Peterson Elementary,49,1,21,0.0204081632653061,4,30,66530,6028872,,
30665306028872,Orange,Huntington Beach City Elementary,John R. Peterson Elementary,37,8,25,0.216216216216216,4,30,66530,6028872,0,0
30665306028880,Orange,Huntington Beach City Elementary,Joseph R. Perry Elementary,68,0,19,0,4,30,66530,6028880,,
30665306028880,Orange,Huntington Beach City Elementary,Joseph R. Perry Elementary,61,5,20,0.0819672131147541,4,30,66530,6028880,,
30665306089072,Orange,Huntington Beach City Elementary,Isaac L. Sowers Middle,23,1,19,0.0434782608695652,4,30,66530,6089072,,
30665306089072,Orange,Huntington Beach City Elementary,Isaac L. Sowers Middle,27,0,20,0,4,30,66530,6089072,,
30665306089072,Orange,Huntington Beach City Elementary,Isaac L. Sowers Middle,22,2,21,0.0909090909090909,4,30,66530,6089072,,
30665306089072,Orange,Huntington Beach City Elementary,Isaac L. Sowers Middle,13,4,25,0.307692307692308,4,30,66530,6089072,0,0
30665306094643,Orange,Huntington Beach City Elementary,Ralph E. Hawes Elementary,9,0,19,0,4,30,66530,6094643,,
30665306094643,Orange,Huntington Beach City Elementary,Ralph E. Hawes Elementary,16,1,20,0.0625,4,30,66530,6094643,,
30665306094643,Orange,Huntington Beach City Elementary,Ralph E. Hawes Elementary,19,3,21,0.157894736842105,4,30,66530,6094643,,
30665306094643,Orange,Huntington Beach City Elementary,Ralph E. Hawes Elementary,17,6,25,0.352941176470588,4,30,66530,6094643,0,0
30665306095111,Orange,Huntington Beach City Elementary,S. A. Moffett Elementary,17,0,19,0,4,30,66530,6095111,,
30665306095111,Orange,Huntington Beach City Elementary,S. A. Moffett Elementary,17,1,20,0.0588235294117647,4,30,66530,6095111,,
30665306095111,Orange,Huntington Beach City Elementary,S. A. Moffett Elementary,11,0,21,0,4,30,66530,6095111,,
30665306095111,Orange,Huntington Beach City Elementary,S. A. Moffett Elementary,27,3,25,0.111111111111111,4,30,66530,6095111,0,0
30665306116065,Orange,Huntington Beach City Elementary,Huntington Seacliff Elementary,28,0,19,0,4,30,66530,6116065,,
30665306116065,Orange,Huntington Beach City Elementary,Huntington Seacliff Elementary,29,5,20,0.172413793103448,4,30,66530,6116065,,
30665306116065,Orange,Huntington Beach City Elementary,Huntington Seacliff Elementary,42,0,21,0,4,30,66530,6116065,,
30665306116065,Orange,Huntington Beach City Elementary,Huntington Seacliff Elementary,35,9,25,0.257142857142857,4,30,66530,6116065,0,0
30665480000001,Orange,Huntington Beach Union High,"Nonpublic, Nonsectarian Schools",5,0,19,0,4,30,66548,0000001,,
30665480000001,Orange,Huntington Beach Union High,"Nonpublic, Nonsectarian Schools",6,0,20,0,4,30,66548,0000001,,
30665480000001,Orange,Huntington Beach Union High,"Nonpublic, Nonsectarian Schools",4,0,21,0,4,30,66548,0000001,,
30665480000001,Orange,Huntington Beach Union High,"Nonpublic, Nonsectarian Schools",3,0,25,0,4,30,66548,0000001,0,0
30665483030145,Orange,Huntington Beach Union High,Ocean View High,261,43,19,0.164750957854406,4,30,66548,3030145,,
30665483030145,Orange,Huntington Beach Union High,Ocean View High,295,14,20,0.0474576271186441,4,30,66548,3030145,,
30665483030145,Orange,Huntington Beach Union High,Ocean View High,308,21,21,0.0681818181818182,4,30,66548,3030145,,
30665483030145,Orange,Huntington Beach Union High,Ocean View High,257,24,25,0.0933852140077821,4,30,66548,3030145,0,0
30665483030368,Orange,Huntington Beach Union High,Coast High,20,1,19,0.05,4,30,66548,3030368,,
30665483030368,Orange,Huntington Beach Union High,Coast High,16,0,20,0,4,30,66548,3030368,,
30665483030368,Orange,Huntington Beach Union High,Coast High,18,0,21,0,4,30,66548,3030368,,
30665483030368,Orange,Huntington Beach Union High,Coast High,25,3,25,0.12,4,30,66548,3030368,0,0
30665483031895,Orange,Huntington Beach Union High,Edison High,88,0,19,0,4,30,66548,3031895,,
30665483031895,Orange,Huntington Beach Union High,Edison High,79,6,20,0.0759493670886076,4,30,66548,3031895,,
30665483031895,Orange,Huntington Beach Union High,Edison High,80,7,21,0.0875,4,30,66548,3031895,,
30665483031895,Orange,Huntington Beach Union High,Edison High,76,7,25,0.0921052631578947,4,30,66548,3031895,0,0
30665483032158,Orange,Huntington Beach Union High,Fountain Valley High,182,32,19,0.175824175824176,4,30,66548,3032158,,
30665483032158,Orange,Huntington Beach Union High,Fountain Valley High,177,43,20,0.242937853107345,4,30,66548,3032158,,
30665483032158,Orange,Huntington Beach Union High,Fountain Valley High,176,15,21,0.0852272727272727,4,30,66548,3032158,,
30665483032158,Orange,Huntington Beach Union High,Fountain Valley High,214,47,25,0.219626168224299,4,30,66548,3032158,0,0
30665483032943,Orange,Huntington Beach Union High,Huntington Beach High,98,14,19,0.142857142857143,4,30,66548,3032943,,
30665483032943,Orange,Huntington Beach Union High,Huntington Beach High,105,18,20,0.171428571428571,4,30,66548,3032943,,
30665483032943,Orange,Huntington Beach Union High,Huntington Beach High,94,21,21,0.223404255319149,4,30,66548,3032943,,
30665483032943,Orange,Huntington Beach Union High,Huntington Beach High,75,16,25,0.213333333333333,4,30,66548,3032943,0,0
30665483034410,Orange,Huntington Beach Union High,Marina High,94,19,19,0.202127659574468,4,30,66548,3034410,,
30665483034410,Orange,Huntington Beach Union High,Marina High,118,11,20,0.0932203389830508,4,30,66548,3034410,,
30665483034410,Orange,Huntington Beach Union High,Marina High,126,21,21,0.166666666666667,4,30,66548,3034410,,
30665483034410,Orange,Huntington Beach Union High,Marina High,119,26,25,0.218487394957983,4,30,66548,3034410,0,0
30665483038445,Orange,Huntington Beach Union High,Westminster High,636,69,19,0.108490566037736,4,30,66548,3038445,,
30665483038445,Orange,Huntington Beach Union High,Westminster High,666,38,20,0.0570570570570571,4,30,66548,3038445,,
30665483038445,Orange,Huntington Beach Union High,Westminster High,698,36,21,0.0515759312320917,4,30,66548,3038445,,
30665483038445,Orange,Huntington Beach Union High,Westminster High,649,85,25,0.130970724191063,4,30,66548,3038445,0,0
30665483038551,Orange,Huntington Beach Union High,Valley Vista High (Continuation),60,33,19,0.55,4,30,66548,3038551,,
30665483038551,Orange,Huntington Beach Union High,Valley Vista High (Continuation),67,0,20,0,4,30,66548,3038551,,
30665483038551,Orange,Huntington Beach Union High,Valley Vista High (Continuation),50,0,21,0,4,30,66548,3038551,,
30665483038551,Orange,Huntington Beach Union High,Valley Vista High,83,6,25,0.072289156626506,4,30,66548,3038551,0,1
30665550000001,Orange,Laguna Beach Unified,"Nonpublic, Nonsectarian Schools",1,0,19,0,4,30,66555,0000001,,
30665550000001,Orange,Laguna Beach Unified,"Nonpublic, Nonsectarian Schools",1,0,20,0,4,30,66555,0000001,,
30665550000001,Orange,Laguna Beach Unified,"Nonpublic, Nonsectarian Schools",1,0,21,0,4,30,66555,0000001,,
30665553033206,Orange,Laguna Beach Unified,Laguna Beach High,21,4,19,0.19047619047619,4,30,66555,3033206,,
30665553033206,Orange,Laguna Beach Unified,Laguna Beach High,16,7,20,0.4375,4,30,66555,3033206,,
30665553033206,Orange,Laguna Beach Unified,Laguna Beach High,15,4,21,0.266666666666667,4,30,66555,3033206,,
30665553033206,Orange,Laguna Beach Unified,Laguna Beach High,17,6,25,0.352941176470588,4,30,66555,3033206,0,0
30665556028906,Orange,Laguna Beach Unified,El Morro Elementary,34,4,19,0.117647058823529,4,30,66555,6028906,,
30665556028906,Orange,Laguna Beach Unified,El Morro Elementary,31,6,20,0.193548387096774,4,30,66555,6028906,,
30665556028906,Orange,Laguna Beach Unified,El Morro Elementary,28,3,21,0.107142857142857,4,30,66555,6028906,,
30665556028906,Orange,Laguna Beach Unified,El Morro Elementary,19,2,25,0.105263157894737,4,30,66555,6028906,0,0
30665556028914,Orange,Laguna Beach Unified,Thurston Middle,22,6,19,0.272727272727273,4,30,66555,6028914,,
30665556028914,Orange,Laguna Beach Unified,Thurston Middle,16,3,20,0.1875,4,30,66555,6028914,,
30665556028914,Orange,Laguna Beach Unified,Thurston Middle,12,2,21,0.166666666666667,4,30,66555,6028914,,
30665556028914,Orange,Laguna Beach Unified,Thurston Middle,9,3,25,0.333333333333333,4,30,66555,6028914,0,0
30665556028922,Orange,Laguna Beach Unified,Top of the World Elementary,14,2,19,0.142857142857143,4,30,66555,6028922,,
30665556028922,Orange,Laguna Beach Unified,Top of the World Elementary,13,5,20,0.384615384615385,4,30,66555,6028922,,
30665556028922,Orange,Laguna Beach Unified,Top of the World Elementary,8,0,21,0,4,30,66555,6028922,,
30665556028922,Orange,Laguna Beach Unified,Top of the World Elementary,18,5,25,0.277777777777778,4,30,66555,6028922,0,0
30665630000001,Orange,La Habra City Elementary,"Nonpublic, Nonsectarian Schools",1,0,19,0,4,30,66563,0000001,,
30665636028930,Orange,La Habra City Elementary,Arbolita Elementary,173,1,19,0.00578034682080925,4,30,66563,6028930,,
30665636028930,Orange,La Habra City Elementary,Arbolita Elementary,160,21,20,0.13125,4,30,66563,6028930,,
30665636028930,Orange,La Habra City Elementary,Arbolita Elementary,130,20,21,0.153846153846154,4,30,66563,6028930,,
30665636028930,Orange,La Habra City Elementary,Arbolita Elementary,74,25,25,0.337837837837838,4,30,66563,6028930,0,0
30665636028948,Orange,La Habra City Elementary,El Cerrito Elementary,130,4,19,0.0307692307692308,4,30,66563,6028948,,
30665636028948,Orange,La Habra City Elementary,El Cerrito Elementary,115,13,20,0.11304347826087,4,30,66563,6028948,,
30665636028948,Orange,La Habra City Elementary,El Cerrito Elementary,87,23,21,0.264367816091954,4,30,66563,6028948,,
30665636028948,Orange,La Habra City Elementary,El Cerrito Elementary,60,15,25,0.25,4,30,66563,6028948,0,0
30665636028955,Orange,La Habra City Elementary,Imperial Middle,109,1,19,0.0091743119266055,4,30,66563,6028955,,
30665636028955,Orange,La Habra City Elementary,Imperial Middle,100,10,20,0.1,4,30,66563,6028955,,
30665636028955,Orange,La Habra City Elementary,Imperial Middle,85,41,21,0.482352941176471,4,30,66563,6028955,,
30665636028955,Orange,La Habra City Elementary,Imperial Middle,50,21,25,0.42,4,30,66563,6028955,0,0
30665636028963,Orange,La Habra City Elementary,Ladera Palma Elementary,131,0,19,0,4,30,66563,6028963,,
30665636028963,Orange,La Habra City Elementary,Ladera Palma Elementary,170,12,20,0.0705882352941176,4,30,66563,6028963,,
30665636028963,Orange,La Habra City Elementary,Ladera Palma Elementary,167,23,21,0.137724550898204,4,30,66563,6028963,,
30665636028963,Orange,La Habra City Elementary,Ladera Palma Elementary,150,19,25,0.126666666666667,4,30,66563,6028963,0,0
30665636028971,Orange,La Habra City Elementary,Las Lomas Elementary,207,0,19,0,4,30,66563,6028971,,
30665636028971,Orange,La Habra City Elementary,Las Lomas Elementary,187,35,20,0.18716577540107,4,30,66563,6028971,,
30665636028971,Orange,La Habra City Elementary,Las Lomas Elementary,162,18,21,0.111111111111111,4,30,66563,6028971,,
30665636028971,Orange,La Habra City Elementary,Las Lomas Elementary,102,17,25,0.166666666666667,4,30,66563,6028971,0,0
30665636028989,Orange,La Habra City Elementary,Las Positas Elementary,141,17,19,0.120567375886525,4,30,66563,6028989,,
30665636028989,Orange,La Habra City Elementary,Las Positas Elementary,147,19,20,0.129251700680272,4,30,66563,6028989,,
30665636028989,Orange,La Habra City Elementary,Las Positas Elementary,114,21,21,0.184210526315789,4,30,66563,6028989,,
30665636028989,Orange,La Habra City Elementary,Las Positas Elementary,95,27,25,0.284210526315789,4,30,66563,6028989,0,0
30665636028997,Orange,La Habra City Elementary,Sierra Vista Elementary,175,2,19,0.0114285714285714,4,30,66563,6028997,,
30665636028997,Orange,La Habra City Elementary,Sierra Vista Elementary,145,38,20,0.262068965517241,4,30,66563,6028997,,
30665636028997,Orange,La Habra City Elementary,Sierra Vista Elementary,106,23,21,0.216981132075472,4,30,66563,6028997,,
30665636028997,Orange,La Habra City Elementary,Sierra Vista Elementary,77,15,25,0.194805194805195,4,30,66563,6028997,0,0
30665636029029,Orange,La Habra City Elementary,Walnut Elementary,240,14,19,0.0583333333333333,4,30,66563,6029029,,
30665636029029,Orange,La Habra City Elementary,Walnut Elementary,246,25,20,0.101626016260163,4,30,66563,6029029,,
30665636029029,Orange,La Habra City Elementary,Walnut Elementary,177,50,21,0.282485875706215,4,30,66563,6029029,,
30665636029029,Orange,La Habra City Elementary,Walnut Elementary,128,31,25,0.2421875,4,30,66563,6029029,0,0
30665636029037,Orange,La Habra City Elementary,Washington Middle,129,0,19,0,4,30,66563,6029037,,
30665636029037,Orange,La Habra City Elementary,Washington Middle,139,9,20,0.0647482014388489,4,30,66563,6029037,,
30665636029037,Orange,La Habra City Elementary,Washington Middle,133,19,21,0.142857142857143,4,30,66563,6029037,,
30665636029037,Orange,La Habra City Elementary,Washington Middle,70,24,25,0.342857142857143,4,30,66563,6029037,0,0
30665890000001,Orange,Magnolia Elementary,"Nonpublic, Nonsectarian Schools",2,0,21,0,4,30,66589,0000001,,
30665890000001,Orange,Magnolia Elementary,"Nonpublic, Nonsectarian Schools",1,0,25,0,4,30,66589,0000001,0,0
30665896029110,Orange,Magnolia Elementary,Dr. Albert Schweitzer,314,21,19,0.0668789808917197,4,30,66589,6029110,,
30665896029110,Orange,Magnolia Elementary,Dr. Albert Schweitzer,272,82,20,0.301470588235294,4,30,66589,6029110,,
30665896029110,Orange,Magnolia Elementary,Dr. Albert Schweitzer,214,38,21,0.177570093457944,4,30,66589,6029110,,
30665896029110,Orange,Magnolia Elementary,Dr. Albert Schweitzer Leadership Academy,209,29,25,0.138755980861244,4,30,66589,6029110,0,0
30665896029128,Orange,Magnolia Elementary,Lord Baden-Powell,260,22,19,0.0846153846153846,4,30,66589,6029128,,
30665896029128,Orange,Magnolia Elementary,Lord Baden-Powell,212,32,20,0.150943396226415,4,30,66589,6029128,,
30665896029128,Orange,Magnolia Elementary,Lord Baden-Powell,154,17,21,0.11038961038961,4,30,66589,6029128,,
30665896029128,Orange,Magnolia Elementary,Lord Baden-Powell,81,7,25,0.0864197530864198,4,30,66589,6029128,0,0
30665896029136,Orange,Magnolia Elementary,Esther L. Walter,302,28,19,0.0927152317880795,4,30,66589,6029136,,
30665896029136,Orange,Magnolia Elementary,Esther L. Walter,280,56,20,0.2,4,30,66589,6029136,,
30665896029136,Orange,Magnolia Elementary,Esther L. Walter,236,14,21,0.0593220338983051,4,30,66589,6029136,,
30665896029136,Orange,Magnolia Elementary,Esther L. Walter,193,29,25,0.150259067357513,4,30,66589,6029136,0,0
30665896029144,Orange,Magnolia Elementary,Jonas E. Salk,375,22,19,0.0586666666666667,4,30,66589,6029144,,
30665896029144,Orange,Magnolia Elementary,Jonas E. Salk,354,49,20,0.138418079096045,4,30,66589,6029144,,
30665896029144,Orange,Magnolia Elementary,Dr. Jonas E. Salk,274,26,21,0.0948905109489051,4,30,66589,6029144,,
30665896029144,Orange,Magnolia Elementary,Dr. Jonas E. Salk,222,31,25,0.13963963963964,4,30,66589,6029144,0,0
30665896029151,Orange,Magnolia Elementary,Juliette Low School of the Arts,229,10,19,0.0436681222707424,4,30,66589,6029151,,
30665896029151,Orange,Magnolia Elementary,Juliette Low School of the Arts,186,57,20,0.306451612903226,4,30,66589,6029151,,
30665896029151,Orange,Magnolia Elementary,Juliette Low School of the Arts,160,14,21,0.0875,4,30,66589,6029151,,
30665896029151,Orange,Magnolia Elementary,Juliette Low School of the Arts,149,20,25,0.134228187919463,4,30,66589,6029151,0,0
30665896029169,Orange,Magnolia Elementary,Mattie Lou Maxwell,334,27,19,0.0808383233532934,4,30,66589,6029169,,
30665896029169,Orange,Magnolia Elementary,Mattie Lou Maxwell,291,37,20,0.127147766323024,4,30,66589,6029169,,
30665896029169,Orange,Magnolia Elementary,Mattie Lou Maxwell,217,32,21,0.147465437788018,4,30,66589,6029169,,
30665896029169,Orange,Magnolia Elementary,Mattie Lou Maxwell,222,17,25,0.0765765765765766,4,30,66589,6029169,0,0
30665896029177,Orange,Magnolia Elementary,Dr. Peter Marshall,248,21,19,0.0846774193548387,4,30,66589,6029177,,
30665896029177,Orange,Magnolia Elementary,Dr. Peter Marshall,218,59,20,0.270642201834862,4,30,66589,6029177,,
30665896029177,Orange,Magnolia Elementary,Dr. Peter Marshall,189,23,21,0.121693121693122,4,30,66589,6029177,,
30665896029177,Orange,Magnolia Elementary,Dr. Peter Marshall,164,20,25,0.121951219512195,4,30,66589,6029177,0,0
30665896029185,Orange,Magnolia Elementary,Robert M. Pyles STEM Academy,429,24,19,0.0559440559440559,4,30,66589,6029185,,
30665896029185,Orange,Magnolia Elementary,Robert M. Pyles STEM Academy,433,42,20,0.0969976905311778,4,30,66589,6029185,,
30665896029185,Orange,Magnolia Elementary,Robert M. Pyles STEM Academy,359,28,21,0.0779944289693593,4,30,66589,6029185,,
30665896029185,Orange,Magnolia Elementary,Robert M. Pyles STEM Academy,303,38,25,0.125412541254125,4,30,66589,6029185,0,0
30665896029193,Orange,Magnolia Elementary,Walt Disney,240,27,19,0.1125,4,30,66589,6029193,,
30665896029193,Orange,Magnolia Elementary,Walt Disney,213,46,20,0.215962441314554,4,30,66589,6029193,,
30665896029193,Orange,Magnolia Elementary,Walt Disney,161,44,21,0.273291925465839,4,30,66589,6029193,,
30665896029193,Orange,Magnolia Elementary,Walt Disney,160,23,25,0.14375,4,30,66589,6029193,0,0
30665970000000,Orange,Newport-Mesa Unified,District Office,2,0,25,0,4,30,66597,0000000,0,0
30665970000001,Orange,Newport-Mesa Unified,"Nonpublic, Nonsectarian Schools",3,0,19,0,4,30,66597,0000001,,
30665970000001,Orange,Newport-Mesa Unified,"Nonpublic, Nonsectarian Schools",3,0,20,0,4,30,66597,0000001,,
30665970000001,Orange,Newport-Mesa Unified,"Nonpublic, Nonsectarian Schools",2,0,21,0,4,30,66597,0000001,,
30665970000001,Orange,Newport-Mesa Unified,"Nonpublic, Nonsectarian Schools",4,1,25,0.25,4,30,66597,0000001,0,0
30665970111666,Orange,Newport-Mesa Unified,Early College High,10,3,19,0.3,4,30,66597,0111666,,
30665970111666,Orange,Newport-Mesa Unified,Early College High,11,1,20,0.0909090909090909,4,30,66597,0111666,,
30665970111666,Orange,Newport-Mesa Unified,Early College High,11,1,21,0.0909090909090909,4,30,66597,0111666,,
30665970111666,Orange,Newport-Mesa Unified,Early College High,5,1,25,0.2,4,30,66597,0111666,0,0
30665973030186,Orange,Newport-Mesa Unified,Monte Vista High,5,0,19,0,4,30,66597,3030186,,
30665973030186,Orange,Newport-Mesa Unified,Monte Vista High,3,0,20,0,4,30,66597,3030186,,
30665973030186,Orange,Newport-Mesa Unified,Monte Vista High,375,0,21,0,4,30,66597,3030186,,
30665973030186,Orange,Newport-Mesa Unified,Monte Vista Independent Study,15,2,25,0.133333333333333,4,30,66597,3030186,0,0
30665973031697,Orange,Newport-Mesa Unified,Corona del Mar High,66,15,19,0.227272727272727,4,30,66597,3031697,,
30665973031697,Orange,Newport-Mesa Unified,Corona del Mar High,73,5,20,0.0684931506849315,4,30,66597,3031697,,
30665973031697,Orange,Newport-Mesa Unified,Corona del Mar High,69,12,21,0.173913043478261,4,30,66597,3031697,,
30665973031697,Orange,Newport-Mesa Unified,Corona del Mar High,138,25,25,0.181159420289855,4,30,66597,3031697,0,0
30665973031853,Orange,Newport-Mesa Unified,Costa Mesa High,391,32,19,0.0818414322250639,4,30,66597,3031853,,
30665973031853,Orange,Newport-Mesa Unified,Costa Mesa High,399,11,20,0.0275689223057644,4,30,66597,3031853,,
30665973031853,Orange,Newport-Mesa Unified,Costa Mesa High,321,46,21,0.143302180685358,4,30,66597,3031853,,
30665973031853,Orange,Newport-Mesa Unified,Costa Mesa High,293,37,25,0.126279863481229,4,30,66597,3031853,0,0
30665973032000,Orange,Newport-Mesa Unified,Estancia High,331,17,19,0.0513595166163142,4,30,66597,3032000,,
30665973032000,Orange,Newport-Mesa Unified,Estancia High,274,79,20,0.288321167883212,4,30,66597,3032000,,
30665973032000,Orange,Newport-Mesa Unified,Estancia High,274,42,21,0.153284671532847,4,30,66597,3032000,,
30665973032000,Orange,Newport-Mesa Unified,Estancia High,258,53,25,0.205426356589147,4,30,66597,3032000,0,0
30665973034907,Orange,Newport-Mesa Unified,Back Bay High,70,2,19,0.0285714285714286,4,30,66597,3034907,,
30665973034907,Orange,Newport-Mesa Unified,Back Bay High,60,0,20,0,4,30,66597,3034907,,
30665973034907,Orange,Newport-Mesa Unified,Back Bay High,36,1,21,0.0277777777777778,4,30,66597,3034907,,
30665973034907,Orange,Newport-Mesa Unified,Back Bay High,50,5,25,0.1,4,30,66597,3034907,0,1
30665973035045,Orange,Newport-Mesa Unified,Newport Harbor High,230,13,19,0.0565217391304348,4,30,66597,3035045,,
30665973035045,Orange,Newport-Mesa Unified,Newport Harbor High,220,4,20,0.0181818181818182,4,30,66597,3035045,,
30665973035045,Orange,Newport-Mesa Unified,Newport Harbor High,189,11,21,0.0582010582010582,4,30,66597,3035045,,
30665973035045,Orange,Newport-Mesa Unified,Newport Harbor High,158,26,25,0.164556962025316,4,30,66597,3035045,0,0
30665976029219,Orange,Newport-Mesa Unified,Abraham Lincoln Elementary,42,14,19,0.333333333333333,4,30,66597,6029219,,
30665976029219,Orange,Newport-Mesa Unified,Abraham Lincoln Elementary,50,6,20,0.12,4,30,66597,6029219,,
30665976029219,Orange,Newport-Mesa Unified,Abraham Lincoln Elementary,36,5,21,0.138888888888889,4,30,66597,6029219,,
30665976029219,Orange,Newport-Mesa Unified,Abraham Lincoln Elementary,53,9,25,0.169811320754717,4,30,66597,6029219,0,0
30665976029227,Orange,Newport-Mesa Unified,Adams Elementary,177,33,19,0.186440677966102,4,30,66597,6029227,,
30665976029227,Orange,Newport-Mesa Unified,Adams Elementary,180,16,20,0.0888888888888889,4,30,66597,6029227,,
30665976029227,Orange,Newport-Mesa Unified,Adams Elementary,127,25,21,0.196850393700787,4,30,66597,6029227,,
30665976029227,Orange,Newport-Mesa Unified,Adams Elementary,97,23,25,0.237113402061856,4,30,66597,6029227,0,0
30665976029268,Orange,Newport-Mesa Unified,California Elementary,45,12,19,0.266666666666667,4,30,66597,6029268,,
30665976029268,Orange,Newport-Mesa Unified,California Elementary,41,5,20,0.121951219512195,4,30,66597,6029268,,
30665976029268,Orange,Newport-Mesa Unified,California Elementary,25,5,21,0.2,4,30,66597,6029268,,
30665976029268,Orange,Newport-Mesa Unified,California Elementary,19,5,25,0.263157894736842,4,30,66597,6029268,0,0
30665976029284,Orange,Newport-Mesa Unified,Charles W. Tewinkle Middle,219,33,19,0.150684931506849,4,30,66597,6029284,,
30665976029284,Orange,Newport-Mesa Unified,Charles W. Tewinkle Middle,241,9,20,0.037344398340249,4,30,66597,6029284,,
30665976029284,Orange,Newport-Mesa Unified,Charles W. Tewinkle Middle,189,27,21,0.142857142857143,4,30,66597,6029284,,
30665976029284,Orange,Newport-Mesa Unified,Charles W. Tewinkle Middle,119,30,25,0.252100840336134,4,30,66597,6029284,0,0
30665976029300,Orange,Newport-Mesa Unified,College Park Elementary,245,30,19,0.122448979591837,4,30,66597,6029300,,
30665976029300,Orange,Newport-Mesa Unified,College Park Elementary,212,19,20,0.089622641509434,4,30,66597,6029300,,
30665976029300,Orange,Newport-Mesa Unified,College Park Elementary,149,27,21,0.181208053691275,4,30,66597,6029300,,
30665976029300,Orange,Newport-Mesa Unified,College Park Elementary,135,22,25,0.162962962962963,4,30,66597,6029300,0,0
30665976029326,Orange,Newport-Mesa Unified,Everett A. Rea Elementary,290,28,19,0.096551724137931,4,30,66597,6029326,,
30665976029326,Orange,Newport-Mesa Unified,Everett A. Rea Elementary,246,36,20,0.146341463414634,4,30,66597,6029326,,
30665976029326,Orange,Newport-Mesa Unified,Everett A. Rea Elementary,184,36,21,0.195652173913043,4,30,66597,6029326,,
30665976029326,Orange,Newport-Mesa Unified,Everett A. Rea Elementary,170,21,25,0.123529411764706,4,30,66597,6029326,0,0
30665976029334,Orange,Newport-Mesa Unified,Harbor View Elementary,5,0,19,0,4,30,66597,6029334,,
30665976029334,Orange,Newport-Mesa Unified,Harbor View Elementary,8,2,20,0.25,4,30,66597,6029334,,
30665976029334,Orange,Newport-Mesa Unified,Harbor View Elementary,5,0,21,0,4,30,66597,6029334,,
30665976029334,Orange,Newport-Mesa Unified,Harbor View Elementary,5,1,25,0.2,4,30,66597,6029334,0,0
30665976029359,Orange,Newport-Mesa Unified,Heinz Kaiser Elementary,53,12,19,0.226415094339623,4,30,66597,6029359,,
30665976029359,Orange,Newport-Mesa Unified,Heinz Kaiser Elementary,58,9,20,0.155172413793103,4,30,66597,6029359,,
30665976029359,Orange,Newport-Mesa Unified,Heinz Kaiser Elementary,43,4,21,0.0930232558139535,4,30,66597,6029359,,
30665976029359,Orange,Newport-Mesa Unified,Heinz Kaiser Elementary,21,5,25,0.238095238095238,4,30,66597,6029359,0,0
30665976029367,Orange,Newport-Mesa Unified,Horace Ensign Intermediate,166,14,19,0.0843373493975904,4,30,66597,6029367,,
30665976029367,Orange,Newport-Mesa Unified,Horace Ensign Intermediate,181,25,20,0.138121546961326,4,30,66597,6029367,,
30665976029367,Orange,Newport-Mesa Unified,Horace Ensign Intermediate,125,47,21,0.376,4,30,66597,6029367,,
30665976029367,Orange,Newport-Mesa Unified,Horace Ensign Intermediate,83,18,25,0.216867469879518,4,30,66597,6029367,0,0
30665976029375,Orange,Newport-Mesa Unified,Killybrooke Elementary,155,10,19,0.0645161290322581,4,30,66597,6029375,,
30665976029375,Orange,Newport-Mesa Unified,Killybrooke Elementary,123,21,20,0.170731707317073,4,30,66597,6029375,,
30665976029375,Orange,Newport-Mesa Unified,Killybrooke Elementary,90,14,21,0.155555555555556,4,30,66597,6029375,,
30665976029375,Orange,Newport-Mesa Unified,Killybrooke Elementary,121,16,25,0.132231404958678,4,30,66597,6029375,0,0
30665976029391,Orange,Newport-Mesa Unified,Mariners Elementary,17,10,19,0.588235294117647,4,30,66597,6029391,,
30665976029391,Orange,Newport-Mesa Unified,Mariners Elementary,19,2,20,0.105263157894737,4,30,66597,6029391,,
30665976029391,Orange,Newport-Mesa Unified,Mariners Elementary,11,4,21,0.363636363636364,4,30,66597,6029391,,
30665976029391,Orange,Newport-Mesa Unified,Mariners Elementary,30,4,25,0.133333333333333,4,30,66597,6029391,0,0
30665976029409,Orange,Newport-Mesa Unified,Maude B. Davis Elementary,31,10,19,0.32258064516129,4,30,66597,6029409,,
30665976029409,Orange,Newport-Mesa Unified,Maude B. Davis Elementary,30,4,20,0.133333333333333,4,30,66597,6029409,,
30665976029409,Orange,Newport-Mesa Unified,Maude B. Davis Elementary,22,10,21,0.454545454545455,4,30,66597,6029409,,
30665976029409,Orange,Newport-Mesa Unified,Maude B. Davis Elementary,19,3,25,0.157894736842105,4,30,66597,6029409,0,0
30665976029433,Orange,Newport-Mesa Unified,Newport Elementary,10,2,19,0.2,4,30,66597,6029433,,
30665976029433,Orange,Newport-Mesa Unified,Newport Elementary,8,2,20,0.25,4,30,66597,6029433,,
30665976029433,Orange,Newport-Mesa Unified,Newport Elementary,4,2,21,0.5,4,30,66597,6029433,,
30665976029433,Orange,Newport-Mesa Unified,Newport Elementary,4,2,25,0.5,4,30,66597,6029433,0,0
30665976029441,Orange,Newport-Mesa Unified,Newport Heights Elementary,48,4,19,0.0833333333333333,4,30,66597,6029441,,
30665976029441,Orange,Newport-Mesa Unified,Newport Heights Elementary,48,11,20,0.229166666666667,4,30,66597,6029441,,
30665976029441,Orange,Newport-Mesa Unified,Newport Heights Elementary,32,9,21,0.28125,4,30,66597,6029441,,
30665976029441,Orange,Newport-Mesa Unified,Newport Heights Elementary,27,4,25,0.148148148148148,4,30,66597,6029441,0,0
30665976029458,Orange,Newport-Mesa Unified,Paularino Elementary,165,14,19,0.0848484848484849,4,30,66597,6029458,,
30665976029458,Orange,Newport-Mesa Unified,Paularino Elementary,157,19,20,0.121019108280255,4,30,66597,6029458,,
30665976029458,Orange,Newport-Mesa Unified,Paularino Elementary,96,32,21,0.333333333333333,4,30,66597,6029458,,
30665976029458,Orange,Newport-Mesa Unified,Paularino Elementary,100,19,25,0.19,4,30,66597,6029458,0,0
30665976029466,Orange,Newport-Mesa Unified,Pomona Elementary,293,61,19,0.208191126279863,4,30,66597,6029466,,
30665976029466,Orange,Newport-Mesa Unified,Pomona Elementary,298,17,20,0.0570469798657718,4,30,66597,6029466,,
30665976029466,Orange,Newport-Mesa Unified,Pomona Elementary,203,40,21,0.197044334975369,4,30,66597,6029466,,
30665976029466,Orange,Newport-Mesa Unified,Pomona Elementary,143,18,25,0.125874125874126,4,30,66597,6029466,0,0
30665976029482,Orange,Newport-Mesa Unified,Sonora Elementary,171,42,19,0.245614035087719,4,30,66597,6029482,,
30665976029482,Orange,Newport-Mesa Unified,Sonora Elementary,169,12,20,0.0710059171597633,4,30,66597,6029482,,
30665976029482,Orange,Newport-Mesa Unified,Sonora Elementary,132,18,21,0.136363636363636,4,30,66597,6029482,,
30665976029482,Orange,Newport-Mesa Unified,Sonora Elementary,105,25,25,0.238095238095238,4,30,66597,6029482,0,0
30665976029490,Orange,Newport-Mesa Unified,Victoria Elementary,123,15,19,0.121951219512195,4,30,66597,6029490,,
30665976029490,Orange,Newport-Mesa Unified,Victoria Elementary,104,24,20,0.230769230769231,4,30,66597,6029490,,
30665976029490,Orange,Newport-Mesa Unified,Victoria Elementary,87,6,21,0.0689655172413793,4,30,66597,6029490,,
30665976029490,Orange,Newport-Mesa Unified,Victoria Elementary,64,11,25,0.171875,4,30,66597,6029490,0,0
30665976029516,Orange,Newport-Mesa Unified,Whittier Elementary,430,59,19,0.137209302325581,4,30,66597,6029516,,
30665976029516,Orange,Newport-Mesa Unified,Whittier Elementary,343,51,20,0.14868804664723,4,30,66597,6029516,,
30665976029516,Orange,Newport-Mesa Unified,Whittier Elementary,262,33,21,0.125954198473282,4,30,66597,6029516,,
30665976029516,Orange,Newport-Mesa Unified,Whittier Elementary,202,17,25,0.0841584158415842,4,30,66597,6029516,0,0
30665976029524,Orange,Newport-Mesa Unified,Wilson Elementary,290,40,19,0.137931034482759,4,30,66597,6029524,,
30665976029524,Orange,Newport-Mesa Unified,Wilson Elementary,280,23,20,0.0821428571428571,4,30,66597,6029524,,
30665976029524,Orange,Newport-Mesa Unified,Wilson Elementary,198,31,21,0.156565656565657,4,30,66597,6029524,,
30665976029524,Orange,Newport-Mesa Unified,Wilson Elementary,181,29,25,0.160220994475138,4,30,66597,6029524,0,0
30665976068399,Orange,Newport-Mesa Unified,Eastbluff Elementary,21,6,19,0.285714285714286,4,30,66597,6068399,,
30665976068399,Orange,Newport-Mesa Unified,Eastbluff Elementary,30,4,20,0.133333333333333,4,30,66597,6068399,,
30665976068399,Orange,Newport-Mesa Unified,Eastbluff Elementary,19,2,21,0.105263157894737,4,30,66597,6068399,,
30665976068399,Orange,Newport-Mesa Unified,Eastbluff Elementary,100,7,25,0.07,4,30,66597,6068399,0,0
30665976089460,Orange,Newport-Mesa Unified,Roy O. Andersen Elementary,10,1,19,0.1,4,30,66597,6089460,,
30665976089460,Orange,Newport-Mesa Unified,Roy O. Andersen Elementary,9,0,20,0,4,30,66597,6089460,,
30665976089460,Orange,Newport-Mesa Unified,Roy O. Andersen Elementary,4,0,21,0,4,30,66597,6089460,,
30665976089460,Orange,Newport-Mesa Unified,Roy O. Andersen Elementary,6,0,25,0,4,30,66597,6089460,0,0
30665976107833,Orange,Newport-Mesa Unified,Woodland Elementary,58,8,19,0.137931034482759,4,30,66597,6107833,,
30665976107833,Orange,Newport-Mesa Unified,Woodland Elementary,51,5,20,0.0980392156862745,4,30,66597,6107833,,
30665976107833,Orange,Newport-Mesa Unified,Woodland Elementary,30,3,21,0.1,4,30,66597,6107833,,
30665976107833,Orange,Newport-Mesa Unified,Woodland Elementary,23,5,25,0.217391304347826,4,30,66597,6107833,0,0
30665976118236,Orange,Newport-Mesa Unified,Newport Coast Elementary,58,6,19,0.103448275862069,4,30,66597,6118236,,
30665976118236,Orange,Newport-Mesa Unified,Newport Coast Elementary,51,14,20,0.274509803921569,4,30,66597,6118236,,
30665976118236,Orange,Newport-Mesa Unified,Newport Coast Elementary,23,13,21,0.565217391304348,4,30,66597,6118236,,
30665976118236,Orange,Newport-Mesa Unified,Newport Coast Elementary,65,13,25,0.2,4,30,66597,6118236,0,0
30666130000001,Orange,Ocean View,"Nonpublic, Nonsectarian Schools",1,0,19,0,4,30,66613,0000001,,
30666130000001,Orange,Ocean View,"Nonpublic, Nonsectarian Schools",2,0,20,0,4,30,66613,0000001,,
30666130000001,Orange,Ocean View,"Nonpublic, Nonsectarian Schools",2,0,21,0,4,30,66613,0000001,,
30666130000001,Orange,Ocean View,"Nonpublic, Nonsectarian Schools",2,0,25,0,4,30,66613,0000001,0,0
30666136029540,Orange,Ocean View,Circle View Elementary,89,13,19,0.146067415730337,4,30,66613,6029540,,
30666136029540,Orange,Ocean View,Circle View Elementary,72,35,20,0.486111111111111,4,30,66613,6029540,,
30666136029540,Orange,Ocean View,Circle View Elementary,59,5,21,0.0847457627118644,4,30,66613,6029540,,
30666136029540,Orange,Ocean View,Circle View Elementary,61,12,25,0.19672131147541,4,30,66613,6029540,0,0
30666136029557,Orange,Ocean View,College View Elementary,102,22,19,0.215686274509804,4,30,66613,6029557,,
30666136029557,Orange,Ocean View,College View Elementary,80,15,20,0.1875,4,30,66613,6029557,,
30666136029557,Orange,Ocean View,College View Elementary,57,5,21,0.087719298245614,4,30,66613,6029557,,
30666136029557,Orange,Ocean View,College View Elementary,66,3,25,0.0454545454545455,4,30,66613,6029557,0,0
30666136029581,Orange,Ocean View,Harbour View Elementary,75,10,19,0.133333333333333,4,30,66613,6029581,,
30666136029581,Orange,Ocean View,Harbour View Elementary,84,3,20,0.0357142857142857,4,30,66613,6029581,,
30666136029581,Orange,Ocean View,Harbour View Elementary,57,17,21,0.298245614035088,4,30,66613,6029581,,
30666136029581,Orange,Ocean View,Harbour View Elementary,75,15,25,0.2,4,30,66613,6029581,0,0
30666136029607,Orange,Ocean View,Hope View Elementary,42,5,19,0.119047619047619,4,30,66613,6029607,,
30666136029607,Orange,Ocean View,Hope View Elementary,39,11,20,0.282051282051282,4,30,66613,6029607,,
30666136029607,Orange,Ocean View,Hope View Elementary,31,3,21,0.0967741935483871,4,30,66613,6029607,,
30666136029607,Orange,Ocean View,Hope View Elementary,30,9,25,0.3,4,30,66613,6029607,0,0
30666136029615,Orange,Ocean View,Lake View Elementary,135,10,19,0.0740740740740741,4,30,66613,6029615,,
30666136029615,Orange,Ocean View,Lake View Elementary,109,19,20,0.174311926605505,4,30,66613,6029615,,
30666136029615,Orange,Ocean View,Lake View Elementary,83,3,21,0.036144578313253,4,30,66613,6029615,,
30666136029615,Orange,Ocean View,Lake View Elementary,63,8,25,0.126984126984127,4,30,66613,6029615,0,0
30666136029631,Orange,Ocean View,Marine View Middle,107,15,19,0.14018691588785,4,30,66613,6029631,,
30666136029631,Orange,Ocean View,Marine View Middle,93,15,20,0.161290322580645,4,30,66613,6029631,,
30666136029631,Orange,Ocean View,Marine View Middle,87,6,21,0.0689655172413793,4,30,66613,6029631,,
30666136029631,Orange,Ocean View,Marine View Middle,48,10,25,0.208333333333333,4,30,66613,6029631,0,0
30666136029656,Orange,Ocean View,Oak View Elementary,503,59,19,0.117296222664016,4,30,66613,6029656,,
30666136029656,Orange,Ocean View,Oak View Elementary,443,63,20,0.142212189616253,4,30,66613,6029656,,
30666136029656,Orange,Ocean View,Oak View Elementary,367,21,21,0.0572207084468665,4,30,66613,6029656,,
30666136029656,Orange,Ocean View,Oak View Elementary,289,13,25,0.0449826989619377,4,30,66613,6029656,0,0
30666136029698,Orange,Ocean View,Spring View Middle,97,13,19,0.134020618556701,4,30,66613,6029698,,
30666136029698,Orange,Ocean View,Spring View Middle,93,19,20,0.204301075268817,4,30,66613,6029698,,
30666136029698,Orange,Ocean View,Spring View Middle,103,6,21,0.058252427184466,4,30,66613,6029698,,
30666136029706,Orange,Ocean View,Star View Elementary,160,31,19,0.19375,4,30,66613,6029706,,
30666136029706,Orange,Ocean View,Star View Elementary,129,43,20,0.333333333333333,4,30,66613,6029706,,
30666136029706,Orange,Ocean View,Star View Elementary,103,7,21,0.0679611650485437,4,30,66613,6029706,,
30666136029706,Orange,Ocean View,Star View Elementary,70,8,25,0.114285714285714,4,30,66613,6029706,0,0
30666136029722,Orange,Ocean View,Village View Elementary,46,6,19,0.130434782608696,4,30,66613,6029722,,
30666136029722,Orange,Ocean View,Village View Elementary,37,5,20,0.135135135135135,4,30,66613,6029722,,
30666136029722,Orange,Ocean View,Village View Elementary,31,1,21,0.032258064516129,4,30,66613,6029722,,
30666136029722,Orange,Ocean View,Village View Elementary,12,3,25,0.25,4,30,66613,6029722,0,0
30666136029730,Orange,Ocean View,Westmont Elementary,177,7,19,0.0395480225988701,4,30,66613,6029730,,
30666136029730,Orange,Ocean View,Westmont Elementary,159,18,20,0.113207547169811,4,30,66613,6029730,,
30666136029730,Orange,Ocean View,Westmont Elementary,126,9,21,0.0714285714285714,4,30,66613,6029730,,
30666136029730,Orange,Ocean View,Westmont Elementary,106,10,25,0.0943396226415094,4,30,66613,6029730,0,0
30666136066849,Orange,Ocean View,Mesa View Middle,75,14,19,0.186666666666667,4,30,66613,6066849,,
30666136066849,Orange,Ocean View,Mesa View Middle,75,11,20,0.146666666666667,4,30,66613,6066849,,
30666136066849,Orange,Ocean View,Mesa View Middle,69,6,21,0.0869565217391304,4,30,66613,6066849,,
30666136066849,Orange,Ocean View,Mesa View Middle,92,13,25,0.141304347826087,4,30,66613,6066849,0,0
30666136068613,Orange,Ocean View,Vista View Middle,140,36,19,0.257142857142857,4,30,66613,6068613,,
30666136068613,Orange,Ocean View,Vista View Middle,127,28,20,0.220472440944882,4,30,66613,6068613,,
30666136068613,Orange,Ocean View,Vista View Middle,132,8,21,0.0606060606060606,4,30,66613,6068613,,
30666136068613,Orange,Ocean View,Vista View Middle,241,19,25,0.0788381742738589,4,30,66613,6068613,0,0
30666136071104,Orange,Ocean View,Golden View Elementary,73,15,19,0.205479452054795,4,30,66613,6071104,,
30666136071104,Orange,Ocean View,Golden View Elementary,71,5,20,0.0704225352112676,4,30,66613,6071104,,
30666136071104,Orange,Ocean View,Golden View Elementary,67,2,21,0.0298507462686567,4,30,66613,6071104,,
30666136071104,Orange,Ocean View,Golden View Elementary,50,4,25,0.08,4,30,66613,6071104,0,0
30666210000001,Orange,Orange Unified,"Nonpublic, Nonsectarian Schools",6,0,19,0,4,30,66621,0000001,,
30666210000001,Orange,Orange Unified,"Nonpublic, Nonsectarian Schools",6,0,20,0,4,30,66621,0000001,,
30666210000001,Orange,Orange Unified,"Nonpublic, Nonsectarian Schools",6,0,21,0,4,30,66621,0000001,,
30666210000001,Orange,Orange Unified,"Nonpublic, Nonsectarian Schools",2,0,25,0,4,30,66621,0000001,0,0
30666210114769,Orange,Orange Unified,OUSD Community Day,17,2,19,0.117647058823529,4,30,66621,0114769,,
30666210114769,Orange,Orange Unified,OUSD Community Day,9,0,20,0,4,30,66621,0114769,,
30666210114769,Orange,Orange Unified,OUSD Community Day,2,0,21,0,4,30,66621,0114769,,
30666210118174,Orange,Orange Unified,OUSD Home Sch,4,0,19,0,4,30,66621,0118174,,
30666210118174,Orange,Orange Unified,OUSD Home Sch,1,0,20,0,4,30,66621,0118174,,
30666210118174,Orange,Orange Unified,OUSD Home Sch,13,0,21,0,4,30,66621,0118174,,
30666210118174,Orange,Orange Unified,OUSD Home Sch,6,1,25,0.166666666666667,4,30,66621,0118174,0,0
30666210139964,Orange,Orange Unified,Orange County Classical Academy,13,0,21,0,4,30,66621,0139964,,
30666210140293,Orange,Orange Unified,OUSD EDGE Virtual Academy,25,3,25,0.12,4,30,66621,0140293,0,0
30666213030046,Orange,Orange Unified,Canyon High,41,12,19,0.292682926829268,4,30,66621,3030046,,
30666213030046,Orange,Orange Unified,Canyon High,46,6,20,0.130434782608696,4,30,66621,3030046,,
30666213030046,Orange,Orange Unified,Canyon High,35,7,21,0.2,4,30,66621,3030046,,
30666213030046,Orange,Orange Unified,Canyon High,47,3,25,0.0638297872340426,4,30,66621,3030046,0,0
30666213031952,Orange,Orange Unified,El Modena High,260,34,19,0.130769230769231,4,30,66621,3031952,,
30666213031952,Orange,Orange Unified,El Modena High,217,34,20,0.15668202764977,4,30,66621,3031952,,
30666213031952,Orange,Orange Unified,El Modena High,204,24,21,0.117647058823529,4,30,66621,3031952,,
30666213031952,Orange,Orange Unified,El Modena High,142,17,25,0.119718309859155,4,30,66621,3031952,0,0
30666213035409,Orange,Orange Unified,Orange High,451,37,19,0.082039911308204,4,30,66621,3035409,,
30666213035409,Orange,Orange Unified,Orange High,455,24,20,0.0527472527472528,4,30,66621,3035409,,
30666213035409,Orange,Orange Unified,Orange High,430,32,21,0.0744186046511628,4,30,66621,3035409,,
30666213035409,Orange,Orange Unified,Orange High,346,24,25,0.069364161849711,4,30,66621,3035409,0,0
30666213035748,Orange,Orange Unified,Richland Continuation High,92,16,19,0.173913043478261,4,30,66621,3035748,,
30666213035748,Orange,Orange Unified,Richland Continuation High,76,7,20,0.0921052631578947,4,30,66621,3035748,,
30666213035748,Orange,Orange Unified,Richland Continuation High,97,6,21,0.0618556701030928,4,30,66621,3035748,,
30666213035748,Orange,Orange Unified,Richland Continuation High,88,2,25,0.0227272727272727,4,30,66621,3035748,0,1
30666213038098,Orange,Orange Unified,Villa Park High,219,4,19,0.0182648401826484,4,30,66621,3038098,,
30666213038098,Orange,Orange Unified,Villa Park High,225,14,20,0.0622222222222222,4,30,66621,3038098,,
30666213038098,Orange,Orange Unified,Villa Park High,228,15,21,0.0657894736842105,4,30,66621,3038098,,
30666213038098,Orange,Orange Unified,Villa Park High,169,14,25,0.0828402366863906,4,30,66621,3038098,0,0
30666216029748,Orange,Orange Unified,California Elementary,405,58,19,0.14320987654321,4,30,66621,6029748,,
30666216029748,Orange,Orange Unified,California Elementary,367,35,20,0.0953678474114441,4,30,66621,6029748,,
30666216029748,Orange,Orange Unified,California Elementary,314,29,21,0.0923566878980892,4,30,66621,6029748,,
30666216029748,Orange,Orange Unified,California iInspire Academy,305,30,25,0.0983606557377049,4,30,66621,6029748,0,0
30666216029755,Orange,Orange Unified,Cambridge Elementary,275,29,19,0.105454545454545,4,30,66621,6029755,,
30666216029755,Orange,Orange Unified,Cambridge Elementary,286,19,20,0.0664335664335664,4,30,66621,6029755,,
30666216029755,Orange,Orange Unified,Cambridge Elementary,235,24,21,0.102127659574468,4,30,66621,6029755,,
30666216029755,Orange,Orange Unified,Cambridge Elementary,159,12,25,0.0754716981132076,4,30,66621,6029755,0,0
30666216029763,Orange,Orange Unified,Crescent Elementary,47,7,19,0.148936170212766,4,30,66621,6029763,,
30666216029763,Orange,Orange Unified,Crescent Elementary,44,13,20,0.295454545454545,4,30,66621,6029763,,
30666216029763,Orange,Orange Unified,Crescent Elementary,31,14,21,0.451612903225806,4,30,66621,6029763,,
30666216029763,Orange,Orange Unified,Crescent Elementary,44,21,25,0.477272727272727,4,30,66621,6029763,0,0
30666216029771,Orange,Orange Unified,Esplanade Elementary,219,44,19,0.200913242009132,4,30,66621,6029771,,
30666216029771,Orange,Orange Unified,Esplanade Elementary,229,21,20,0.091703056768559,4,30,66621,6029771,,
30666216029771,Orange,Orange Unified,Esplanade Elementary,177,23,21,0.129943502824859,4,30,66621,6029771,,
30666216029771,Orange,Orange Unified,Esplanade Elementary,154,27,25,0.175324675324675,4,30,66621,6029771,0,0
30666216029789,Orange,Orange Unified,Fairhaven Elementary,302,41,19,0.135761589403974,4,30,66621,6029789,,
30666216029789,Orange,Orange Unified,Fairhaven Elementary,278,17,20,0.0611510791366907,4,30,66621,6029789,,
30666216029789,Orange,Orange Unified,Fairhaven Elementary,210,15,21,0.0714285714285714,4,30,66621,6029789,,
30666216029789,Orange,Orange Unified,Fairhaven Elementary,158,17,25,0.107594936708861,4,30,66621,6029789,0,0
30666216029797,Orange,Orange Unified,Fletcher Elementary,101,16,19,0.158415841584158,4,30,66621,6029797,,
30666216029797,Orange,Orange Unified,Fletcher Elementary,96,7,20,0.0729166666666667,4,30,66621,6029797,,
30666216029797,Orange,Orange Unified,Fletcher Elementary,83,11,21,0.132530120481928,4,30,66621,6029797,,
30666216029797,Orange,Orange Unified,Fletcher Mandarin Language & GATE Academy,70,19,25,0.271428571428571,4,30,66621,6029797,0,0
30666216029805,Orange,Orange Unified,Handy Elementary,281,73,19,0.259786476868327,4,30,66621,6029805,,
30666216029805,Orange,Orange Unified,Handy Elementary,238,43,20,0.180672268907563,4,30,66621,6029805,,
30666216029805,Orange,Orange Unified,Handy Elementary,188,33,21,0.175531914893617,4,30,66621,6029805,,
30666216029805,Orange,Orange Unified,Handy Elementary,173,19,25,0.109826589595376,4,30,66621,6029805,0,0
30666216029821,Orange,Orange Unified,Jordan Elementary,225,42,19,0.186666666666667,4,30,66621,6029821,,
30666216029821,Orange,Orange Unified,Jordan Elementary,215,10,20,0.0465116279069768,4,30,66621,6029821,,
30666216029821,Orange,Orange Unified,Jordan Academy of Language and Computer Science,177,29,21,0.163841807909605,4,30,66621,6029821,,
30666216029821,Orange,Orange Unified,Jordan Academy of Language and Computer Science,170,22,25,0.129411764705882,4,30,66621,6029821,0,0
30666216029854,Orange,Orange Unified,Lampson Elementary,437,45,19,0.102974828375286,4,30,66621,6029854,,
30666216029854,Orange,Orange Unified,Lampson Elementary,395,42,20,0.106329113924051,4,30,66621,6029854,,
30666216029854,Orange,Orange Unified,Lampson Elementary,326,36,21,0.110429447852761,4,30,66621,6029854,,
30666216029854,Orange,Orange Unified,Lampson Elementary,285,28,25,0.0982456140350877,4,30,66621,6029854,0,0
30666216029862,Orange,Orange Unified,La Veta Elementary,197,37,19,0.187817258883249,4,30,66621,6029862,,
30666216029862,Orange,Orange Unified,La Veta Elementary,164,9,20,0.0548780487804878,4,30,66621,6029862,,
30666216029862,Orange,Orange Unified,La Veta Elementary,125,17,21,0.136,4,30,66621,6029862,,
30666216029862,Orange,Orange Unified,La Veta Elementary,104,8,25,0.0769230769230769,4,30,66621,6029862,0,0
30666216029870,Orange,Orange Unified,Olive Elementary,70,28,19,0.4,4,30,66621,6029870,,
30666216029870,Orange,Orange Unified,Olive Elementary,105,4,20,0.0380952380952381,4,30,66621,6029870,,
30666216029870,Orange,Orange Unified,Olive Elementary,88,8,21,0.0909090909090909,4,30,66621,6029870,,
30666216029870,Orange,Orange Unified,Olive Elementary,79,15,25,0.189873417721519,4,30,66621,6029870,0,0
30666216029888,Orange,Orange Unified,Palmyra Elementary,149,43,19,0.288590604026846,4,30,66621,6029888,,
30666216029888,Orange,Orange Unified,Palmyra Elementary,134,22,20,0.164179104477612,4,30,66621,6029888,,
30666216029888,Orange,Orange Unified,Palmyra Elementary,114,18,21,0.157894736842105,4,30,66621,6029888,,
30666216029888,Orange,Orange Unified,Palmyra GATE Magnet,105,23,25,0.219047619047619,4,30,66621,6029888,0,0
30666216029896,Orange,Orange Unified,Panorama Elementary,33,6,19,0.181818181818182,4,30,66621,6029896,,
30666216029896,Orange,Orange Unified,Panorama Elementary,25,5,20,0.2,4,30,66621,6029896,,
30666216029896,Orange,Orange Unified,Panorama Elementary,14,11,21,0.785714285714286,4,30,66621,6029896,,
30666216029896,Orange,Orange Unified,Panorama Elementary,20,7,25,0.35,4,30,66621,6029896,0,0
30666216029912,Orange,Orange Unified,Prospect Elementary,225,40,19,0.177777777777778,4,30,66621,6029912,,
30666216029912,Orange,Orange Unified,Prospect Elementary,211,23,20,0.109004739336493,4,30,66621,6029912,,
30666216029912,Orange,Orange Unified,Prospect Elementary,176,33,21,0.1875,4,30,66621,6029912,,
30666216029912,Orange,Orange Unified,Prospect Elementary,103,9,25,0.087378640776699,4,30,66621,6029912,0,0
30666216029920,Orange,Orange Unified,Canyon Hills,12,8,19,0.666666666666667,4,30,66621,6029920,,
30666216029920,Orange,Orange Unified,Canyon Hills,33,0,20,0,4,30,66621,6029920,,
30666216029920,Orange,Orange Unified,Canyon Hills,24,4,21,0.166666666666667,4,30,66621,6029920,,
30666216029920,Orange,Orange Unified,Canyon Hills,7,0,25,0,4,30,66621,6029920,0,1
30666216029938,Orange,Orange Unified,Serrano Elementary,57,18,19,0.315789473684211,4,30,66621,6029938,,
30666216029938,Orange,Orange Unified,Serrano Elementary,58,3,20,0.0517241379310345,4,30,66621,6029938,,
30666216029938,Orange,Orange Unified,Serrano Elementary,42,17,21,0.404761904761905,4,30,66621,6029938,,
30666216029938,Orange,Orange Unified,Serrano Elementary,30,10,25,0.333333333333333,4,30,66621,6029938,0,0
30666216029953,Orange,Orange Unified,Sycamore Elementary,206,30,19,0.145631067961165,4,30,66621,6029953,,
30666216029953,Orange,Orange Unified,Sycamore Elementary,176,32,20,0.181818181818182,4,30,66621,6029953,,
30666216029953,Orange,Orange Unified,Sycamore Elementary,139,21,21,0.151079136690647,4,30,66621,6029953,,
30666216029953,Orange,Orange Unified,Sycamore Elementary,115,6,25,0.0521739130434783,4,30,66621,6029953,0,0
30666216029961,Orange,Orange Unified,Taft Elementary,347,57,19,0.164265129682997,4,30,66621,6029961,,
30666216029961,Orange,Orange Unified,Taft Elementary,327,26,20,0.0795107033639144,4,30,66621,6029961,,
30666216029961,Orange,Orange Unified,Taft Elementary,250,37,21,0.148,4,30,66621,6029961,,
30666216029961,Orange,Orange Unified,Taft Elementary,166,19,25,0.114457831325301,4,30,66621,6029961,0,0
30666216029979,Orange,Orange Unified,Villa Park Elementary,41,15,19,0.365853658536585,4,30,66621,6029979,,
30666216029979,Orange,Orange Unified,Villa Park Elementary,43,4,20,0.0930232558139535,4,30,66621,6029979,,
30666216029979,Orange,Orange Unified,Villa Park Elementary,33,9,21,0.272727272727273,4,30,66621,6029979,,
30666216029979,Orange,Orange Unified,Villa Park Elementary,28,5,25,0.178571428571429,4,30,66621,6029979,0,0
30666216029987,Orange,Orange Unified,West Orange Elementary,175,18,19,0.102857142857143,4,30,66621,6029987,,
30666216029987,Orange,Orange Unified,West Orange Elementary,145,22,20,0.151724137931034,4,30,66621,6029987,,
30666216029987,Orange,Orange Unified,West Orange Elementary,130,22,21,0.169230769230769,4,30,66621,6029987,,
30666216029987,Orange,Orange Unified,West Orange Elementary,121,19,25,0.15702479338843,4,30,66621,6029987,0,0
30666216058937,Orange,Orange Unified,Cerro Villa Middle,126,9,19,0.0714285714285714,4,30,66621,6058937,,
30666216058937,Orange,Orange Unified,Cerro Villa Middle,119,10,20,0.0840336134453782,4,30,66621,6058937,,
30666216058937,Orange,Orange Unified,Cerro Villa Middle,117,11,21,0.094017094017094,4,30,66621,6058937,,
30666216058937,Orange,Orange Unified,Cerro Villa Middle,70,9,25,0.128571428571429,4,30,66621,6058937,0,0
30666216058945,Orange,Orange Unified,McPherson Magnet,79,25,19,0.316455696202532,4,30,66621,6058945,,
30666216058945,Orange,Orange Unified,McPherson Magnet,67,18,20,0.26865671641791,4,30,66621,6058945,,
30666216058945,Orange,Orange Unified,McPherson Magnet,76,10,21,0.131578947368421,4,30,66621,6058945,,
30666216058945,Orange,Orange Unified,McPherson Magnet,53,18,25,0.339622641509434,4,30,66621,6058945,0,0
30666216061725,Orange,Orange Unified,Portola Middle,207,41,19,0.198067632850242,4,30,66621,6061725,,
30666216061725,Orange,Orange Unified,Portola Middle,210,26,20,0.123809523809524,4,30,66621,6061725,,
30666216061725,Orange,Orange Unified,Portola Middle,203,17,21,0.083743842364532,4,30,66621,6061725,,
30666216061725,Orange,Orange Unified,Portola Middle,119,14,25,0.117647058823529,4,30,66621,6061725,0,0
30666216061733,Orange,Orange Unified,Yorba Middle,184,39,19,0.21195652173913,4,30,66621,6061733,,
30666216061733,Orange,Orange Unified,Yorba Middle,200,19,20,0.095,4,30,66621,6061733,,
30666216061733,Orange,Orange Unified,Yorba Middle,187,26,21,0.13903743315508,4,30,66621,6061733,,
30666216061733,Orange,Orange Unified,Yorba Middle,96,27,25,0.28125,4,30,66621,6061733,0,0
30666216071112,Orange,Orange Unified,Linda Vista Elementary,48,8,19,0.166666666666667,4,30,66621,6071112,,
30666216071112,Orange,Orange Unified,Linda Vista Elementary,49,8,20,0.163265306122449,4,30,66621,6071112,,
30666216071112,Orange,Orange Unified,Linda Vista Elementary,34,11,21,0.323529411764706,4,30,66621,6071112,,
30666216071112,Orange,Orange Unified,Linda Vista Elementary,24,8,25,0.333333333333333,4,30,66621,6071112,0,0
30666216071120,Orange,Orange Unified,Nohl Canyon Elementary,35,14,19,0.4,4,30,66621,6071120,,
30666216071120,Orange,Orange Unified,Nohl Canyon Elementary,27,6,20,0.222222222222222,4,30,66621,6071120,,
30666216071120,Orange,Orange Unified,Nohl Canyon Elementary,20,11,21,0.55,4,30,66621,6071120,,
30666216071120,Orange,Orange Unified,Nohl Canyon Elementary,36,8,25,0.222222222222222,4,30,66621,6071120,0,0
30666216085328,Orange,Orange Unified,Santiago Middle,170,69,19,0.405882352941176,4,30,66621,6085328,,
30666216085328,Orange,Orange Unified,Santiago Middle,152,56,20,0.368421052631579,4,30,66621,6085328,,
30666216085328,Orange,Orange Unified,Santiago Middle,166,18,21,0.108433734939759,4,30,66621,6085328,,
30666216085328,Orange,Orange Unified,Santiago Charter Middle,134,15,25,0.111940298507463,4,30,66621,6085328,1,0
30666216094874,Orange,Orange Unified,El Rancho Charter,25,21,19,0.84,4,30,66621,6094874,,
30666216094874,Orange,Orange Unified,El Rancho Charter,29,4,20,0.137931034482759,4,30,66621,6094874,,
30666216094874,Orange,Orange Unified,El Rancho Charter,29,3,21,0.103448275862069,4,30,66621,6094874,,
30666216094874,Orange,Orange Unified,El Rancho Charter,24,3,25,0.125,4,30,66621,6094874,1,0
30666216096333,Orange,Orange Unified,Imperial Elementary,37,5,19,0.135135135135135,4,30,66621,6096333,,
30666216096333,Orange,Orange Unified,Imperial Elementary,33,7,20,0.212121212121212,4,30,66621,6096333,,
30666216096333,Orange,Orange Unified,Imperial Elementary,27,4,21,0.148148148148148,4,30,66621,6096333,,
30666216096333,Orange,Orange Unified,Imperial Elementary,28,9,25,0.321428571428571,4,30,66621,6096333,0,0
30666216097364,Orange,Orange Unified,Anaheim Hills Elementary,40,9,19,0.225,4,30,66621,6097364,,
30666216097364,Orange,Orange Unified,Anaheim Hills Elementary,37,6,20,0.162162162162162,4,30,66621,6097364,,
30666216097364,Orange,Orange Unified,Anaheim Hills Elementary,27,7,21,0.259259259259259,4,30,66621,6097364,,
30666216097364,Orange,Orange Unified,Anaheim Hills Elementary,26,9,25,0.346153846153846,4,30,66621,6097364,0,0
30666216107767,Orange,Orange Unified,Chapman Hills Elementary,38,5,19,0.131578947368421,4,30,66621,6107767,,
30666216107767,Orange,Orange Unified,Chapman Hills Elementary,27,10,20,0.37037037037037,4,30,66621,6107767,,
30666216107767,Orange,Orange Unified,Chapman Hills Elementary,21,5,21,0.238095238095238,4,30,66621,6107767,,
30666216107767,Orange,Orange Unified,Chapman Hills Elementary,13,0,25,0,4,30,66621,6107767,0,0
30666216114565,Orange,Orange Unified,Canyon Rim Elementary,52,13,19,0.25,4,30,66621,6114565,,
30666216114565,Orange,Orange Unified,Canyon Rim Elementary,47,8,20,0.170212765957447,4,30,66621,6114565,,
30666216114565,Orange,Orange Unified,Canyon Rim Elementary,31,11,21,0.354838709677419,4,30,66621,6114565,,
30666216114565,Orange,Orange Unified,Canyon Rim Elementary,37,14,25,0.378378378378378,4,30,66621,6114565,0,0
30666216116586,Orange,Orange Unified,Running Springs Elementary,40,19,19,0.475,4,30,66621,6116586,,
30666216116586,Orange,Orange Unified,Running Springs Elementary,43,3,20,0.0697674418604651,4,30,66621,6116586,,
30666216116586,Orange,Orange Unified,Running Springs Elementary,36,9,21,0.25,4,30,66621,6116586,,
30666216116586,Orange,Orange Unified,Running Springs Academy,52,24,25,0.461538461538462,4,30,66621,6116586,0,0
30666470000001,Orange,Placentia-Yorba Linda Unified,"Nonpublic, Nonsectarian Schools",3,0,19,0,4,30,66647,0000001,,
30666470000001,Orange,Placentia-Yorba Linda Unified,"Nonpublic, Nonsectarian Schools",4,0,20,0,4,30,66647,0000001,,
30666470000001,Orange,Placentia-Yorba Linda Unified,"Nonpublic, Nonsectarian Schools",3,0,21,0,4,30,66647,0000001,,
30666470000001,Orange,Placentia-Yorba Linda Unified,"Nonpublic, Nonsectarian Schools",2,0,25,0,4,30,66647,0000001,0,0
30666470102897,Orange,Placentia-Yorba Linda Unified,Melrose Elementary,372,42,19,0.112903225806452,4,30,66647,0102897,,
30666470102897,Orange,Placentia-Yorba Linda Unified,Melrose Elementary,342,47,20,0.137426900584795,4,30,66647,0102897,,
30666470102897,Orange,Placentia-Yorba Linda Unified,Melrose Elementary,278,29,21,0.10431654676259,4,30,66647,0102897,,
30666470102897,Orange,Placentia-Yorba Linda Unified,Melrose Elementary,231,39,25,0.168831168831169,4,30,66647,0102897,0,0
30666470109678,Orange,Placentia-Yorba Linda Unified,Lakeview Elementary,50,11,19,0.22,4,30,66647,0109678,,
30666470109678,Orange,Placentia-Yorba Linda Unified,Lakeview Elementary,46,14,20,0.304347826086957,4,30,66647,0109678,,
30666470109678,Orange,Placentia-Yorba Linda Unified,Lakeview Elementary,26,9,21,0.346153846153846,4,30,66647,0109678,,
30666470109678,Orange,Placentia-Yorba Linda Unified,Lakeview Elementary,22,4,25,0.181818181818182,4,30,66647,0109678,0,0
30666470116525,Orange,Placentia-Yorba Linda Unified,Valadez Middle School Academy,293,22,19,0.0750853242320819,4,30,66647,0116525,,
30666470116525,Orange,Placentia-Yorba Linda Unified,Valadez Middle School Academy,241,42,20,0.174273858921162,4,30,66647,0116525,,
30666470116525,Orange,Placentia-Yorba Linda Unified,Valadez Middle School Academy,249,21,21,0.0843373493975904,4,30,66647,0116525,,
30666470116525,Orange,Placentia-Yorba Linda Unified,Valadez Middle School Academy,167,39,25,0.233532934131737,4,30,66647,0116525,0,0
30666470119404,Orange,Placentia-Yorba Linda Unified,Yorba Linda High,71,36,19,0.507042253521127,4,30,66647,0119404,,
30666470119404,Orange,Placentia-Yorba Linda Unified,Yorba Linda High,62,20,20,0.32258064516129,4,30,66647,0119404,,
30666470119404,Orange,Placentia-Yorba Linda Unified,Yorba Linda High,58,12,21,0.206896551724138,4,30,66647,0119404,,
30666470119404,Orange,Placentia-Yorba Linda Unified,Yorba Linda High,61,17,25,0.278688524590164,4,30,66647,0119404,0,0
30666473030053,Orange,Placentia-Yorba Linda Unified,Esperanza High,63,13,19,0.206349206349206,4,30,66647,3030053,,
30666473030053,Orange,Placentia-Yorba Linda Unified,Esperanza High,61,10,20,0.163934426229508,4,30,66647,3030053,,
30666473030053,Orange,Placentia-Yorba Linda Unified,Esperanza High,69,6,21,0.0869565217391304,4,30,66647,3030053,,
30666473030053,Orange,Placentia-Yorba Linda Unified,Esperanza High,80,11,25,0.1375,4,30,66647,3030053,0,0
30666473030483,Orange,Placentia-Yorba Linda Unified,La Entrada High,1,0,20,0,4,30,66647,3030483,,
30666473030483,Orange,Placentia-Yorba Linda Unified,Buena Vista Virtual Academy,12,0,21,0,4,30,66647,3030483,,
30666473030483,Orange,Placentia-Yorba Linda Unified,Buena Vista Virtual Academy,5,0,25,0,4,30,66647,3030483,0,0
30666473031929,Orange,Placentia-Yorba Linda Unified,El Dorado High,83,22,19,0.265060240963855,4,30,66647,3031929,,
30666473031929,Orange,Placentia-Yorba Linda Unified,El Dorado High,87,15,20,0.172413793103448,4,30,66647,3031929,,
30666473031929,Orange,Placentia-Yorba Linda Unified,El Dorado High,85,16,21,0.188235294117647,4,30,66647,3031929,,
30666473031929,Orange,Placentia-Yorba Linda Unified,El Dorado High,87,13,25,0.149425287356322,4,30,66647,3031929,0,0
30666473031945,Orange,Placentia-Yorba Linda Unified,El Camino Real Continuation High,27,10,19,0.37037037037037,4,30,66647,3031945,,
30666473031945,Orange,Placentia-Yorba Linda Unified,El Camino Real Continuation High,39,0,20,0,4,30,66647,3031945,,
30666473031945,Orange,Placentia-Yorba Linda Unified,El Camino Real Continuation High,35,2,21,0.0571428571428571,4,30,66647,3031945,,
30666473031945,Orange,Placentia-Yorba Linda Unified,El Camino Real Continuation High,56,5,25,0.0892857142857143,4,30,66647,3031945,0,1
30666473038023,Orange,Placentia-Yorba Linda Unified,Valencia High,365,68,19,0.186301369863014,4,30,66647,3038023,,
30666473038023,Orange,Placentia-Yorba Linda Unified,Valencia High,351,84,20,0.239316239316239,4,30,66647,3038023,,
30666473038023,Orange,Placentia-Yorba Linda Unified,Valencia High,347,41,21,0.118155619596542,4,30,66647,3038023,,
30666473038023,Orange,Placentia-Yorba Linda Unified,Valencia High,312,49,25,0.157051282051282,4,30,66647,3038023,0,0
30666476029995,Orange,Placentia-Yorba Linda Unified,Brookhaven Elementary,40,7,19,0.175,4,30,66647,6029995,,
30666476029995,Orange,Placentia-Yorba Linda Unified,Brookhaven Elementary,37,9,20,0.243243243243243,4,30,66647,6029995,,
30666476029995,Orange,Placentia-Yorba Linda Unified,Brookhaven Elementary,30,2,21,0.0666666666666667,4,30,66647,6029995,,
30666476029995,Orange,Placentia-Yorba Linda Unified,Brookhaven Elementary,21,3,25,0.142857142857143,4,30,66647,6029995,0,0
30666476030001,Orange,Placentia-Yorba Linda Unified,Charles Wagner Elementary,44,2,19,0.0454545454545455,4,30,66647,6030001,,
30666476030001,Orange,Placentia-Yorba Linda Unified,Charles Wagner Elementary,33,15,20,0.454545454545455,4,30,66647,6030001,,
30666476030001,Orange,Placentia-Yorba Linda Unified,Charles Wagner Elementary,26,1,21,0.0384615384615385,4,30,66647,6030001,,
30666476030001,Orange,Placentia-Yorba Linda Unified,Charles Wagner Elementary,31,7,25,0.225806451612903,4,30,66647,6030001,0,0
30666476030019,Orange,Placentia-Yorba Linda Unified,Col. J. K. Tuffree Middle,62,15,19,0.241935483870968,4,30,66647,6030019,,
30666476030019,Orange,Placentia-Yorba Linda Unified,Col. J. K. Tuffree Middle,67,13,20,0.194029850746269,4,30,66647,6030019,,
30666476030019,Orange,Placentia-Yorba Linda Unified,Col. J. K. Tuffree Middle,57,14,21,0.245614035087719,4,30,66647,6030019,,
30666476030019,Orange,Placentia-Yorba Linda Unified,Col. J. K. Tuffree Middle,56,12,25,0.214285714285714,4,30,66647,6030019,0,0
30666476030027,Orange,Placentia-Yorba Linda Unified,Glenknoll Elementary,31,13,19,0.419354838709677,4,30,66647,6030027,,
30666476030027,Orange,Placentia-Yorba Linda Unified,Glenknoll Elementary,28,6,20,0.214285714285714,4,30,66647,6030027,,
30666476030027,Orange,Placentia-Yorba Linda Unified,Glenknoll Elementary,20,3,21,0.15,4,30,66647,6030027,,
30666476030027,Orange,Placentia-Yorba Linda Unified,Glenknoll Elementary,28,8,25,0.285714285714286,4,30,66647,6030027,0,0
30666476030035,Orange,Placentia-Yorba Linda Unified,Golden Elementary,38,15,19,0.394736842105263,4,30,66647,6030035,,
30666476030035,Orange,Placentia-Yorba Linda Unified,Golden Elementary,44,14,20,0.318181818181818,4,30,66647,6030035,,
30666476030035,Orange,Placentia-Yorba Linda Unified,Golden Elementary,44,13,21,0.295454545454545,4,30,66647,6030035,,
30666476030035,Orange,Placentia-Yorba Linda Unified,Golden Elementary,37,17,25,0.45945945945946,4,30,66647,6030035,0,0
30666476030043,Orange,Placentia-Yorba Linda Unified,Kraemer Middle,149,24,19,0.161073825503356,4,30,66647,6030043,,
30666476030043,Orange,Placentia-Yorba Linda Unified,Kraemer Middle,137,20,20,0.145985401459854,4,30,66647,6030043,,
30666476030043,Orange,Placentia-Yorba Linda Unified,Kraemer Middle,121,15,21,0.12396694214876,4,30,66647,6030043,,
30666476030043,Orange,Placentia-Yorba Linda Unified,Kraemer Middle,89,31,25,0.348314606741573,4,30,66647,6030043,0,0
30666476030050,Orange,Placentia-Yorba Linda Unified,Morse Avenue Elementary,143,16,19,0.111888111888112,4,30,66647,6030050,,
30666476030050,Orange,Placentia-Yorba Linda Unified,Morse Avenue Elementary,124,29,20,0.233870967741935,4,30,66647,6030050,,
30666476030050,Orange,Placentia-Yorba Linda Unified,Morse Elementary,94,11,21,0.117021276595745,4,30,66647,6030050,,
30666476030050,Orange,Placentia-Yorba Linda Unified,Morse Elementary,69,16,25,0.231884057971015,4,30,66647,6030050,0,0
30666476030076,Orange,Placentia-Yorba Linda Unified,Rio Vista Elementary,440,54,19,0.122727272727273,4,30,66647,6030076,,
30666476030076,Orange,Placentia-Yorba Linda Unified,Rio Vista Elementary,384,79,20,0.205729166666667,4,30,66647,6030076,,
30666476030076,Orange,Placentia-Yorba Linda Unified,Rio Vista Elementary,341,26,21,0.0762463343108504,4,30,66647,6030076,,
30666476030076,Orange,Placentia-Yorba Linda Unified,Rio Vista Elementary,271,21,25,0.0774907749077491,4,30,66647,6030076,0,0
30666476030084,Orange,Placentia-Yorba Linda Unified,Ruby Drive Elementary,165,21,19,0.127272727272727,4,30,66647,6030084,,
30666476030084,Orange,Placentia-Yorba Linda Unified,Ruby Drive Elementary,158,23,20,0.145569620253165,4,30,66647,6030084,,
30666476030084,Orange,Placentia-Yorba Linda Unified,Ruby Drive Elementary,129,4,21,0.0310077519379845,4,30,66647,6030084,,
30666476030084,Orange,Placentia-Yorba Linda Unified,Ruby Drive Elementary,131,32,25,0.244274809160305,4,30,66647,6030084,0,0
30666476030092,Orange,Placentia-Yorba Linda Unified,Sierra Vista Elementary,56,13,19,0.232142857142857,4,30,66647,6030092,,
30666476030092,Orange,Placentia-Yorba Linda Unified,Sierra Vista Elementary,52,6,20,0.115384615384615,4,30,66647,6030092,,
30666476030092,Orange,Placentia-Yorba Linda Unified,Sierra Vista Elementary,63,8,21,0.126984126984127,4,30,66647,6030092,,
30666476030092,Orange,Placentia-Yorba Linda Unified,Sierra Vista Elementary,43,12,25,0.27906976744186,4,30,66647,6030092,0,0
30666476030100,Orange,Placentia-Yorba Linda Unified,Van Buren Elementary,68,8,19,0.117647058823529,4,30,66647,6030100,,
30666476030100,Orange,Placentia-Yorba Linda Unified,Van Buren Elementary,50,15,20,0.3,4,30,66647,6030100,,
30666476030100,Orange,Placentia-Yorba Linda Unified,Van Buren Elementary,45,10,21,0.222222222222222,4,30,66647,6030100,,
30666476030100,Orange,Placentia-Yorba Linda Unified,Van Buren Elementary,43,9,25,0.209302325581395,4,30,66647,6030100,0,0
30666476030936,Orange,Placentia-Yorba Linda Unified,Mabel M. Paine Elementary,58,7,19,0.120689655172414,4,30,66647,6030936,,
30666476030936,Orange,Placentia-Yorba Linda Unified,Mabel M. Paine Elementary,48,12,20,0.25,4,30,66647,6030936,,
30666476030936,Orange,Placentia-Yorba Linda Unified,Mabel M. Paine Elementary,46,6,21,0.130434782608696,4,30,66647,6030936,,
30666476030936,Orange,Placentia-Yorba Linda Unified,Mabel M. Paine Elementary,63,14,25,0.222222222222222,4,30,66647,6030936,0,0
30666476030951,Orange,Placentia-Yorba Linda Unified,Rose Drive Elementary,29,7,19,0.241379310344828,4,30,66647,6030951,,
30666476030951,Orange,Placentia-Yorba Linda Unified,Rose Drive Elementary,31,8,20,0.258064516129032,4,30,66647,6030951,,
30666476030951,Orange,Placentia-Yorba Linda Unified,Rose Drive Elementary,22,3,21,0.136363636363636,4,30,66647,6030951,,
30666476030951,Orange,Placentia-Yorba Linda Unified,Rose Drive Elementary,21,5,25,0.238095238095238,4,30,66647,6030951,0,0
30666476030969,Orange,Placentia-Yorba Linda Unified,Yorba Linda Middle,49,12,19,0.244897959183673,4,30,66647,6030969,,
30666476030969,Orange,Placentia-Yorba Linda Unified,Yorba Linda Middle,40,12,20,0.3,4,30,66647,6030969,,
30666476030969,Orange,Placentia-Yorba Linda Unified,Yorba Linda Middle,35,12,21,0.342857142857143,4,30,66647,6030969,,
30666476030969,Orange,Placentia-Yorba Linda Unified,Yorba Linda Middle,47,5,25,0.106382978723404,4,30,66647,6030969,0,0
30666476068621,Orange,Placentia-Yorba Linda Unified,Bernardo Yorba Middle,56,10,19,0.178571428571429,4,30,66647,6068621,,
30666476068621,Orange,Placentia-Yorba Linda Unified,Bernardo Yorba Middle,48,19,20,0.395833333333333,4,30,66647,6068621,,
30666476068621,Orange,Placentia-Yorba Linda Unified,Bernardo Yorba Middle,38,4,21,0.105263157894737,4,30,66647,6068621,,
30666476068621,Orange,Placentia-Yorba Linda Unified,Orange County School of Computer Science,48,4,25,0.0833333333333333,4,30,66647,6068621,1,0
30666476071146,Orange,Placentia-Yorba Linda Unified,Fairmont Elementary,59,12,19,0.203389830508475,4,30,66647,6071146,,
30666476071146,Orange,Placentia-Yorba Linda Unified,Fairmont Elementary,49,23,20,0.469387755102041,4,30,66647,6071146,,
30666476071146,Orange,Placentia-Yorba Linda Unified,Fairmont Elementary,51,11,21,0.215686274509804,4,30,66647,6071146,,
30666476071146,Orange,Placentia-Yorba Linda Unified,Fairmont Elementary,63,15,25,0.238095238095238,4,30,66647,6071146,0,0
30666476085633,Orange,Placentia-Yorba Linda Unified,Topaz Elementary,291,48,19,0.164948453608247,4,30,66647,6085633,,
30666476085633,Orange,Placentia-Yorba Linda Unified,Topaz Elementary,249,47,20,0.188755020080321,4,30,66647,6085633,,
30666476085633,Orange,Placentia-Yorba Linda Unified,Topaz Elementary,239,9,21,0.0376569037656904,4,30,66647,6085633,,
30666476085633,Orange,Placentia-Yorba Linda Unified,Topaz Elementary,187,35,25,0.18716577540107,4,30,66647,6085633,0,0
30666476085641,Orange,Placentia-Yorba Linda Unified,Glenview Elementary,78,7,19,0.0897435897435897,4,30,66647,6085641,,
30666476085641,Orange,Placentia-Yorba Linda Unified,Glenview Elementary,78,19,20,0.243589743589744,4,30,66647,6085641,,
30666476085641,Orange,Placentia-Yorba Linda Unified,Glenview Elementary,83,7,21,0.0843373493975904,4,30,66647,6085641,,
30666476085641,Orange,Placentia-Yorba Linda Unified,Glenview Elementary,89,23,25,0.258426966292135,4,30,66647,6085641,0,0
30666476089478,Orange,Placentia-Yorba Linda Unified,George Key,26,0,19,0,4,30,66647,6089478,,
30666476089478,Orange,Placentia-Yorba Linda Unified,George Key,19,0,20,0,4,30,66647,6089478,,
30666476089478,Orange,Placentia-Yorba Linda Unified,George Key,21,0,21,0,4,30,66647,6089478,,
30666476089478,Orange,Placentia-Yorba Linda Unified,George Key,20,1,25,0.05,4,30,66647,6089478,0,1
30666476095160,Orange,Placentia-Yorba Linda Unified,Linda Vista Elementary,22,5,19,0.227272727272727,4,30,66647,6095160,,
30666476095160,Orange,Placentia-Yorba Linda Unified,Linda Vista Elementary,25,7,20,0.28,4,30,66647,6095160,,
30666476095160,Orange,Placentia-Yorba Linda Unified,Linda Vista Elementary,23,6,21,0.260869565217391,4,30,66647,6095160,,
30666476095160,Orange,Placentia-Yorba Linda Unified,Linda Vista Elementary,15,2,25,0.133333333333333,4,30,66647,6095160,0,0
30666476097000,Orange,Placentia-Yorba Linda Unified,Woodsboro Elementary,70,13,19,0.185714285714286,4,30,66647,6097000,,
30666476097000,Orange,Placentia-Yorba Linda Unified,Woodsboro Elementary,65,13,20,0.2,4,30,66647,6097000,,
30666476097000,Orange,Placentia-Yorba Linda Unified,Woodsboro Elementary,42,14,21,0.333333333333333,4,30,66647,6097000,,
30666476097000,Orange,Placentia-Yorba Linda Unified,Woodsboro Elementary,50,6,25,0.12,4,30,66647,6097000,0,0
30666476097018,Orange,Placentia-Yorba Linda Unified,John O. Tynes Elementary,326,45,19,0.138036809815951,4,30,66647,6097018,,
30666476097018,Orange,Placentia-Yorba Linda Unified,John O. Tynes Elementary,270,64,20,0.237037037037037,4,30,66647,6097018,,
30666476097018,Orange,Placentia-Yorba Linda Unified,John O. Tynes Elementary,235,32,21,0.136170212765957,4,30,66647,6097018,,
30666476097018,Orange,Placentia-Yorba Linda Unified,John O. Tynes Elementary,144,22,25,0.152777777777778,4,30,66647,6097018,0,0
30666476106009,Orange,Placentia-Yorba Linda Unified,Travis Ranch,69,13,19,0.188405797101449,4,30,66647,6106009,,
30666476106009,Orange,Placentia-Yorba Linda Unified,Travis Ranch,56,22,20,0.392857142857143,4,30,66647,6106009,,
30666476106009,Orange,Placentia-Yorba Linda Unified,Travis Ranch,44,11,21,0.25,4,30,66647,6106009,,
30666476106009,Orange,Placentia-Yorba Linda Unified,Travis Ranch,59,9,25,0.152542372881356,4,30,66647,6106009,0,0
30666476109102,Orange,Placentia-Yorba Linda Unified,Bryant Ranch Elementary,37,13,19,0.351351351351351,4,30,66647,6109102,,
30666476109102,Orange,Placentia-Yorba Linda Unified,Bryant Ranch Elementary,44,10,20,0.227272727272727,4,30,66647,6109102,,
30666476109102,Orange,Placentia-Yorba Linda Unified,Bryant Ranch Elementary,32,11,21,0.34375,4,30,66647,6109102,,
30666476109102,Orange,Placentia-Yorba Linda Unified,Bryant Ranch Elementary,35,16,25,0.457142857142857,4,30,66647,6109102,0,0
30666476119556,Orange,Placentia-Yorba Linda Unified,Parkview,1,0,19,0,4,30,66647,6119556,,
30666476119556,Orange,Placentia-Yorba Linda Unified,Parkview,2,0,20,0,4,30,66647,6119556,,
30666476119556,Orange,Placentia-Yorba Linda Unified,Parkview,4,0,21,0,4,30,66647,6119556,,
30666476119556,Orange,Placentia-Yorba Linda Unified,Parkview,5,0,25,0,4,30,66647,6119556,0,0
30666700000001,Orange,Santa Ana Unified,"Nonpublic, Nonsectarian Schools",21,0,19,0,4,30,66670,0000001,,
30666700000001,Orange,Santa Ana Unified,"Nonpublic, Nonsectarian Schools",23,0,20,0,4,30,66670,0000001,,
30666700000001,Orange,Santa Ana Unified,"Nonpublic, Nonsectarian Schools",26,0,21,0,4,30,66670,0000001,,
30666700000001,Orange,Santa Ana Unified,"Nonpublic, Nonsectarian Schools",28,0,25,0,4,30,66670,0000001,0,0
30666700101626,Orange,Santa Ana Unified,Edward B. Cole Academy,260,0,19,0,4,30,66670,0101626,,
30666700101626,Orange,Santa Ana Unified,Edward B. Cole Academy,204,9,20,0.0441176470588235,4,30,66670,0101626,,
30666700101626,Orange,Santa Ana Unified,Edward B. Cole Academy,185,0,21,0,4,30,66670,0101626,,
30666700101626,Orange,Santa Ana Unified,Edward B. Cole Academy,228,21,25,0.0921052631578947,4,30,66670,0101626,1,0
30666700106567,Orange,Santa Ana Unified,Nova Academy,63,22,19,0.349206349206349,4,30,66670,0106567,,
30666700106567,Orange,Santa Ana Unified,Nova Academy Early College High,52,24,20,0.461538461538462,4,30,66670,0106567,,
30666700106567,Orange,Santa Ana Unified,Nova Academy Early College High,62,0,21,0,4,30,66670,0106567,,
30666700106567,Orange,Santa Ana Unified,Nova Academy Early College High,65,3,25,0.0461538461538462,4,30,66670,0106567,1,0
30666700108365,Orange,Santa Ana Unified,Segerstrom High,160,41,19,0.25625,4,30,66670,0108365,,
30666700108365,Orange,Santa Ana Unified,Segerstrom High,209,0,20,0,4,30,66670,0108365,,
30666700108365,Orange,Santa Ana Unified,Segerstrom High,264,5,21,0.0189393939393939,4,30,66670,0108365,,
30666700108365,Orange,Santa Ana Unified,Segerstrom High,309,30,25,0.0970873786407767,4,30,66670,0108365,0,0
30666700108373,Orange,Santa Ana Unified,Manuel Esqueda Elementary,496,144,19,0.290322580645161,4,30,66670,0108373,,
30666700108373,Orange,Santa Ana Unified,Manuel Esqueda Elementary,495,13,20,0.0262626262626263,4,30,66670,0108373,,
30666700108373,Orange,Santa Ana Unified,Manuel Esqueda Elementary,458,0,21,0,4,30,66670,0108373,,
30666700108373,Orange,Santa Ana Unified,Manuel Esqueda Elementary,375,43,25,0.114666666666667,4,30,66670,0108373,0,0
30666700109066,Orange,Santa Ana Unified,Orange County Educational Arts Academy,294,17,19,0.0578231292517007,4,30,66670,0109066,,
30666700109066,Orange,Santa Ana Unified,Orange County Educational Arts Academy,292,21,20,0.0719178082191781,4,30,66670,0109066,,
30666700109066,Orange,Santa Ana Unified,Orange County Educational Arts Academy,286,18,21,0.0629370629370629,4,30,66670,0109066,,
30666700109066,Orange,Santa Ana Unified,Orange County Educational Arts Academy,221,21,25,0.0950226244343891,4,30,66670,0109066,1,0
30666700114736,Orange,Santa Ana Unified,Hector G. Godinez,246,46,19,0.186991869918699,4,30,66670,0114736,,
30666700114736,Orange,Santa Ana Unified,Hector G. Godinez,292,2,20,0.00684931506849315,4,30,66670,0114736,,
30666700114736,Orange,Santa Ana Unified,Hector G. Godinez,362,5,21,0.0138121546961326,4,30,66670,0114736,,
30666700114736,Orange,Santa Ana Unified,Hector G. Godinez,282,35,25,0.124113475177305,4,30,66670,0114736,0,0
30666700116582,Orange,Santa Ana Unified,Heroes Elementary,299,90,19,0.301003344481605,4,30,66670,0116582,,
30666700116582,Orange,Santa Ana Unified,Heroes Elementary,298,8,20,0.0268456375838926,4,30,66670,0116582,,
30666700116582,Orange,Santa Ana Unified,Heroes Elementary,233,4,21,0.0171673819742489,4,30,66670,0116582,,
30666700116582,Orange,Santa Ana Unified,Heroes Elementary,205,19,25,0.0926829268292683,4,30,66670,0116582,0,0
30666700135897,Orange,Santa Ana Unified,Advanced Learning Academy,92,17,19,0.184782608695652,4,30,66670,0135897,,
30666700135897,Orange,Santa Ana Unified,Advanced Learning Academy,94,0,20,0,4,30,66670,0135897,,
30666700135897,Orange,Santa Ana Unified,Advanced Learning Academy,101,3,21,0.0297029702970297,4,30,66670,0135897,,
30666700135897,Orange,Santa Ana Unified,Advanced Learning Academy,90,13,25,0.144444444444444,4,30,66670,0135897,1,0
30666703030475,Orange,Santa Ana Unified,Cesar E. Chavez High,110,6,19,0.0545454545454545,4,30,66670,3030475,,
30666703030475,Orange,Santa Ana Unified,Cesar E. Chavez High,106,0,20,0,4,30,66670,3030475,,
30666703030475,Orange,Santa Ana Unified,Cesar E. Chavez High,123,0,21,0,4,30,66670,3030475,,
30666703030475,Orange,Santa Ana Unified,Cesar E. Chavez High,230,1,25,0.00434782608695652,4,30,66670,3030475,0,1
30666703030491,Orange,Santa Ana Unified,Century High,472,41,19,0.086864406779661,4,30,66670,3030491,,
30666703030491,Orange,Santa Ana Unified,Century High,526,8,20,0.0152091254752852,4,30,66670,3030491,,
30666703030491,Orange,Santa Ana Unified,Century High,574,0,21,0,4,30,66670,3030491,,
30666703030491,Orange,Santa Ana Unified,Century High,566,17,25,0.0300353356890459,4,30,66670,3030491,0,0
30666703030608,Orange,Santa Ana Unified,Middle College High,72,0,20,0,4,30,66670,3030608,,
30666703030608,Orange,Santa Ana Unified,Middle College High,4,0,21,0,4,30,66670,3030608,,
30666703030608,Orange,Santa Ana Unified,Middle College High,2,1,25,0.5,4,30,66670,3030608,0,0
30666703030723,Orange,Santa Ana Unified,OCSA,24,3,19,0.125,4,30,66670,3030723,,
30666703034998,Orange,Santa Ana Unified,Lorin Griset Academy,128,1,19,0.0078125,4,30,66670,3034998,,
30666703034998,Orange,Santa Ana Unified,Lorin Griset Academy,132,0,20,0,4,30,66670,3034998,,
30666703034998,Orange,Santa Ana Unified,Lorin Griset Academy,112,0,21,0,4,30,66670,3034998,,
30666703034998,Orange,Santa Ana Unified,Lorin Griset Academy,215,3,25,0.013953488372093,4,30,66670,3034998,0,1
30666703035821,Orange,Santa Ana Unified,Saddleback High,316,62,19,0.19620253164557,4,30,66670,3035821,,
30666703035821,Orange,Santa Ana Unified,Saddleback High,382,11,20,0.0287958115183246,4,30,66670,3035821,,
30666703035821,Orange,Santa Ana Unified,Saddleback High,402,28,21,0.0696517412935323,4,30,66670,3035821,,
30666703035821,Orange,Santa Ana Unified,Saddleback High,409,46,25,0.112469437652812,4,30,66670,3035821,0,0
30666703036357,Orange,Santa Ana Unified,Santa Ana High,718,78,19,0.108635097493036,4,30,66670,3036357,,
30666703036357,Orange,Santa Ana Unified,Santa Ana High,895,4,20,0.00446927374301676,4,30,66670,3036357,,
30666703036357,Orange,Santa Ana Unified,Santa Ana High,945,21,21,0.0222222222222222,4,30,66670,3036357,,
30666703036357,Orange,Santa Ana Unified,Santa Ana High,853,52,25,0.0609613130128957,4,30,66670,3036357,0,0
30666703036456,Orange,Santa Ana Unified,Valley High,627,61,19,0.0972886762360447,4,30,66670,3036456,,
30666703036456,Orange,Santa Ana Unified,Valley High,770,1,20,0.0012987012987013,4,30,66670,3036456,,
30666703036456,Orange,Santa Ana Unified,Valley High,809,4,21,0.00494437577255871,4,30,66670,3036456,,
30666703036456,Orange,Santa Ana Unified,Valley High,754,62,25,0.0822281167108753,4,30,66670,3036456,0,0
30666706030209,Orange,Santa Ana Unified,Adams Elementary,200,62,19,0.31,4,30,66670,6030209,,
30666706030209,Orange,Santa Ana Unified,Adams Elementary,212,11,20,0.0518867924528302,4,30,66670,6030209,,
30666706030209,Orange,Santa Ana Unified,Adams Elementary,164,5,21,0.0304878048780488,4,30,66670,6030209,,
30666706030209,Orange,Santa Ana Unified,Adams Elementary,148,18,25,0.121621621621622,4,30,66670,6030209,0,0
30666706030217,Orange,Santa Ana Unified,Andrew Jackson Elementary,438,95,19,0.21689497716895,4,30,66670,6030217,,
30666706030217,Orange,Santa Ana Unified,Andrew Jackson Elementary,417,2,20,0.00479616306954436,4,30,66670,6030217,,
30666706030217,Orange,Santa Ana Unified,Andrew Jackson Elementary,350,6,21,0.0171428571428571,4,30,66670,6030217,,
30666706030217,Orange,Santa Ana Unified,Andrew Jackson Elementary,231,24,25,0.103896103896104,4,30,66670,6030217,0,0
30666706030225,Orange,Santa Ana Unified,Carl Harvey Elementary,179,62,19,0.346368715083799,4,30,66670,6030225,,
30666706030225,Orange,Santa Ana Unified,Carl Harvey Elementary,195,13,20,0.0666666666666667,4,30,66670,6030225,,
30666706030225,Orange,Santa Ana Unified,Carl Harvey Elementary,161,3,21,0.0186335403726708,4,30,66670,6030225,,
30666706030225,Orange,Santa Ana Unified,Carl Harvey Elementary,134,18,25,0.134328358208955,4,30,66670,6030225,0,0
30666706030233,Orange,Santa Ana Unified,Diamond Elementary,237,98,19,0.413502109704641,4,30,66670,6030233,,
30666706030233,Orange,Santa Ana Unified,Diamond Elementary,243,8,20,0.0329218106995885,4,30,66670,6030233,,
30666706030233,Orange,Santa Ana Unified,Diamond Elementary,202,3,21,0.0148514851485149,4,30,66670,6030233,,
30666706030233,Orange,Santa Ana Unified,Diamond Elementary,192,31,25,0.161458333333333,4,30,66670,6030233,0,0
30666706030241,Orange,Santa Ana Unified,Thomas A. Edison Elementary,273,98,19,0.358974358974359,4,30,66670,6030241,,
30666706030241,Orange,Santa Ana Unified,Thomas A. Edison Elementary,246,8,20,0.032520325203252,4,30,66670,6030241,,
30666706030241,Orange,Santa Ana Unified,Thomas A. Edison Elementary,207,2,21,0.00966183574879227,4,30,66670,6030241,,
30666706030241,Orange,Santa Ana Unified,Thomas A. Edison Elementary,173,11,25,0.0635838150289017,4,30,66670,6030241,0,0
30666706030266,Orange,Santa Ana Unified,Fremont Elementary,306,88,19,0.287581699346405,4,30,66670,6030266,,
30666706030266,Orange,Santa Ana Unified,Fremont Elementary,274,14,20,0.0510948905109489,4,30,66670,6030266,,
30666706030266,Orange,Santa Ana Unified,Fremont Elementary,207,1,21,0.00483091787439614,4,30,66670,6030266,,
30666706030266,Orange,Santa Ana Unified,Fremont Elementary,172,17,25,0.0988372093023256,4,30,66670,6030266,0,0
30666706030274,Orange,Santa Ana Unified,Hoover Elementary,197,46,19,0.233502538071066,4,30,66670,6030274,,
30666706030274,Orange,Santa Ana Unified,Hoover Elementary,191,6,20,0.031413612565445,4,30,66670,6030274,,
30666706030274,Orange,Santa Ana Unified,Hoover Elementary,148,8,21,0.0540540540540541,4,30,66670,6030274,,
30666706030282,Orange,Santa Ana Unified,Jefferson Elementary,323,84,19,0.260061919504644,4,30,66670,6030282,,
30666706030282,Orange,Santa Ana Unified,Jefferson Elementary,322,6,20,0.0186335403726708,4,30,66670,6030282,,
30666706030282,Orange,Santa Ana Unified,Jefferson Elementary,278,8,21,0.0287769784172662,4,30,66670,6030282,,
30666706030282,Orange,Santa Ana Unified,Jefferson Elementary,260,11,25,0.0423076923076923,4,30,66670,6030282,0,0
30666706030308,Orange,Santa Ana Unified,Abraham Lincoln Elementary,443,154,19,0.347629796839729,4,30,66670,6030308,,
30666706030308,Orange,Santa Ana Unified,Abraham Lincoln Elementary,436,12,20,0.0275229357798165,4,30,66670,6030308,,
30666706030308,Orange,Santa Ana Unified,Abraham Lincoln Elementary,352,2,21,0.00568181818181818,4,30,66670,6030308,,
30666706030308,Orange,Santa Ana Unified,Abraham Lincoln Elementary,275,23,25,0.0836363636363636,4,30,66670,6030308,0,0
30666706030316,Orange,Santa Ana Unified,Lowell Elementary,518,48,19,0.0926640926640927,4,30,66670,6030316,,
30666706030316,Orange,Santa Ana Unified,Lowell Elementary,472,18,20,0.038135593220339,4,30,66670,6030316,,
30666706030316,Orange,Santa Ana Unified,Lowell Elementary,363,14,21,0.0385674931129477,4,30,66670,6030316,,
30666706030316,Orange,Santa Ana Unified,Lowell Elementary,272,15,25,0.0551470588235294,4,30,66670,6030316,0,0
30666706030324,Orange,Santa Ana Unified,Madison Elementary,533,108,19,0.202626641651032,4,30,66670,6030324,,
30666706030324,Orange,Santa Ana Unified,Madison Elementary,567,6,20,0.0105820105820106,4,30,66670,6030324,,
30666706030324,Orange,Santa Ana Unified,Madison Elementary,462,6,21,0.012987012987013,4,30,66670,6030324,,
30666706030324,Orange,Santa Ana Unified,Madison Elementary,446,33,25,0.0739910313901345,4,30,66670,6030324,0,0
30666706030332,Orange,Santa Ana Unified,Martin Elementary,296,108,19,0.364864864864865,4,30,66670,6030332,,
30666706030332,Orange,Santa Ana Unified,Martin Elementary,312,5,20,0.016025641025641,4,30,66670,6030332,,
30666706030332,Orange,Santa Ana Unified,Martin Elementary,261,8,21,0.0306513409961686,4,30,66670,6030332,,
30666706030332,Orange,Santa Ana Unified,Martin Elementary,210,18,25,0.0857142857142857,4,30,66670,6030332,0,0
30666706030357,Orange,Santa Ana Unified,Monroe Elementary,136,49,19,0.360294117647059,4,30,66670,6030357,,
30666706030357,Orange,Santa Ana Unified,Monroe Elementary,144,0,20,0,4,30,66670,6030357,,
30666706030357,Orange,Santa Ana Unified,Monroe Elementary,115,2,21,0.0173913043478261,4,30,66670,6030357,,
30666706030357,Orange,Santa Ana Unified,Monroe Elementary,125,11,25,0.088,4,30,66670,6030357,0,0
30666706030365,Orange,Santa Ana Unified,Monte Vista Elementary,323,64,19,0.198142414860681,4,30,66670,6030365,,
30666706030365,Orange,Santa Ana Unified,Monte Vista Elementary,289,6,20,0.0207612456747405,4,30,66670,6030365,,
30666706030365,Orange,Santa Ana Unified,Monte Vista Elementary,251,1,21,0.00398406374501992,4,30,66670,6030365,,
30666706030365,Orange,Santa Ana Unified,Monte Vista Elementary,214,13,25,0.0607476635514019,4,30,66670,6030365,0,0
30666706030399,Orange,Santa Ana Unified,Theodore Roosevelt Elementary,342,99,19,0.289473684210526,4,30,66670,6030399,,
30666706030399,Orange,Santa Ana Unified,Theodore Roosevelt Elementary,358,5,20,0.0139664804469274,4,30,66670,6030399,,
30666706030399,Orange,Santa Ana Unified,Roosevelt Walker Academy,463,6,21,0.0129589632829374,4,30,66670,6030399,,
30666706030399,Orange,Santa Ana Unified,Roosevelt Walker Academy,382,24,25,0.0628272251308901,4,30,66670,6030399,0,0
30666706030407,Orange,Santa Ana Unified,Santiago Elementary,262,107,19,0.408396946564886,4,30,66670,6030407,,
30666706030407,Orange,Santa Ana Unified,Santiago Elementary,244,6,20,0.0245901639344262,4,30,66670,6030407,,
30666706030407,Orange,Santa Ana Unified,Santiago Elementary,211,4,21,0.018957345971564,4,30,66670,6030407,,
30666706030407,Orange,Santa Ana Unified,Santiago Elementary,209,26,25,0.124401913875598,4,30,66670,6030407,0,0
30666706030415,Orange,Santa Ana Unified,Sierra Preparatory Academy,324,32,19,0.0987654320987654,4,30,66670,6030415,,
30666706030415,Orange,Santa Ana Unified,Sierra Preparatory Academy,331,0,20,0,4,30,66670,6030415,,
30666706030415,Orange,Santa Ana Unified,Sierra Preparatory Academy,294,7,21,0.0238095238095238,4,30,66670,6030415,,
30666706030415,Orange,Santa Ana Unified,Sierra Preparatory Academy,368,25,25,0.0679347826086957,4,30,66670,6030415,0,0
30666706030431,Orange,Santa Ana Unified,Washington Elementary,342,126,19,0.368421052631579,4,30,66670,6030431,,
30666706030431,Orange,Santa Ana Unified,Washington Elementary,348,9,20,0.0258620689655172,4,30,66670,6030431,,
30666706030431,Orange,Santa Ana Unified,Washington Elementary,278,0,21,0,4,30,66670,6030431,,
30666706030431,Orange,Santa Ana Unified,Washington Elementary,227,13,25,0.0572687224669604,4,30,66670,6030431,0,0
30666706030449,Orange,Santa Ana Unified,Wilson Elementary,303,115,19,0.37953795379538,4,30,66670,6030449,,
30666706030449,Orange,Santa Ana Unified,Wilson Elementary,291,1,20,0.00343642611683849,4,30,66670,6030449,,
30666706030449,Orange,Santa Ana Unified,Wilson Elementary,235,0,21,0,4,30,66670,6030449,,
30666706030449,Orange,Santa Ana Unified,Wilson Elementary,232,10,25,0.0431034482758621,4,30,66670,6030449,0,0
30666706058978,Orange,Santa Ana Unified,Julia C. Lathrop Intermediate,366,64,19,0.174863387978142,4,30,66670,6058978,,
30666706058978,Orange,Santa Ana Unified,Julia C. Lathrop Intermediate,359,0,20,0,4,30,66670,6058978,,
30666706058978,Orange,Santa Ana Unified,Julia C. Lathrop Intermediate,327,5,21,0.0152905198776758,4,30,66670,6058978,,
30666706058978,Orange,Santa Ana Unified,Julia C. Lathrop Intermediate,303,34,25,0.112211221122112,4,30,66670,6058978,0,0
30666706058986,Orange,Santa Ana Unified,Gerald P. Carr Intermediate,520,65,19,0.125,4,30,66670,6058986,,
30666706058986,Orange,Santa Ana Unified,Gerald P. Carr Intermediate,541,0,20,0,4,30,66670,6058986,,
30666706058986,Orange,Santa Ana Unified,Gerald P. Carr Intermediate,473,0,21,0,4,30,66670,6058986,,
30666706058986,Orange,Santa Ana Unified,Gerald P. Carr Intermediate,378,40,25,0.105820105820106,4,30,66670,6058986,0,0
30666706061741,Orange,Santa Ana Unified,McFadden Intermediate,357,82,19,0.2296918767507,4,30,66670,6061741,,
30666706061741,Orange,Santa Ana Unified,McFadden Intermediate,359,0,20,0,4,30,66670,6061741,,
30666706061741,Orange,Santa Ana Unified,McFadden Intermediate,330,5,21,0.0151515151515152,4,30,66670,6061741,,
30666706061741,Orange,Santa Ana Unified,McFadden Institute of Technology,444,33,25,0.0743243243243243,4,30,66670,6061741,0,0
30666706061758,Orange,Santa Ana Unified,Willard Intermediate,304,40,19,0.131578947368421,4,30,66670,6061758,,
30666706061758,Orange,Santa Ana Unified,Willard Intermediate,317,0,20,0,4,30,66670,6061758,,
30666706061758,Orange,Santa Ana Unified,Willard Intermediate,270,6,21,0.0222222222222222,4,30,66670,6061758,,
30666706061758,Orange,Santa Ana Unified,Willard Intermediate,201,12,25,0.0597014925373134,4,30,66670,6061758,0,0
30666706071195,Orange,Santa Ana Unified,Taft Elementary,180,58,19,0.322222222222222,4,30,66670,6071195,,
30666706071195,Orange,Santa Ana Unified,Taft Elementary,181,8,20,0.0441988950276243,4,30,66670,6071195,,
30666706071195,Orange,Santa Ana Unified,Taft Elementary,140,2,21,0.0142857142857143,4,30,66670,6071195,,
30666706071195,Orange,Santa Ana Unified,Taft Elementary,150,11,25,0.0733333333333333,4,30,66670,6071195,0,0
30666706094684,Orange,Santa Ana Unified,Spurgeon Intermediate,353,57,19,0.161473087818697,4,30,66670,6094684,,
30666706095152,Orange,Santa Ana Unified,Franklin Elementary,171,77,19,0.450292397660819,4,30,66670,6095152,,
30666706095152,Orange,Santa Ana Unified,Franklin Elementary,176,9,20,0.0511363636363636,4,30,66670,6095152,,
30666706095152,Orange,Santa Ana Unified,Franklin Elementary,152,0,21,0,4,30,66670,6095152,,
30666706095152,Orange,Santa Ana Unified,Franklin Elementary,177,10,25,0.0564971751412429,4,30,66670,6095152,0,0
30666706098552,Orange,Santa Ana Unified,John Muir Fundamental Elementary,211,69,19,0.327014218009479,4,30,66670,6098552,,
30666706098552,Orange,Santa Ana Unified,John Muir Fundamental Elementary,206,26,20,0.12621359223301,4,30,66670,6098552,,
30666706098552,Orange,Santa Ana Unified,John Muir Fundamental Elementary,173,5,21,0.0289017341040462,4,30,66670,6098552,,
30666706098552,Orange,Santa Ana Unified,John Muir Fundamental Elementary,104,21,25,0.201923076923077,4,30,66670,6098552,0,0
30666706099816,Orange,Santa Ana Unified,Greenville Fundamental Elementary,193,114,19,0.590673575129534,4,30,66670,6099816,,
30666706099816,Orange,Santa Ana Unified,Greenville Fundamental Elementary,199,12,20,0.0603015075376884,4,30,66670,6099816,,
30666706099816,Orange,Santa Ana Unified,Greenville Fundamental Elementary,178,0,21,0,4,30,66670,6099816,,
30666706099816,Orange,Santa Ana Unified,Greenville Fundamental Elementary,201,23,25,0.114427860696517,4,30,66670,6099816,0,0
30666706102826,Orange,Santa Ana Unified,Douglas MacArthur Fundamental Intermediate,68,19,19,0.279411764705882,4,30,66670,6102826,,
30666706102826,Orange,Santa Ana Unified,Douglas MacArthur Fundamental Intermediate,84,3,20,0.0357142857142857,4,30,66670,6102826,,
30666706102826,Orange,Santa Ana Unified,Douglas MacArthur Fundamental Intermediate,123,0,21,0,4,30,66670,6102826,,
30666706102826,Orange,Santa Ana Unified,Douglas MacArthur Fundamental Intermediate,144,16,25,0.111111111111111,4,30,66670,6102826,0,0
30666706106165,Orange,Santa Ana Unified,Jose Sepulveda Elementary,168,55,19,0.327380952380952,4,30,66670,6106165,,
30666706106165,Orange,Santa Ana Unified,Jose Sepulveda Elementary,178,0,20,0,4,30,66670,6106165,,
30666706106165,Orange,Santa Ana Unified,Jose Sepulveda Elementary,136,15,21,0.110294117647059,4,30,66670,6106165,,
30666706107692,Orange,Santa Ana Unified,John F. Kennedy Elementary,388,100,19,0.257731958762887,4,30,66670,6107692,,
30666706107692,Orange,Santa Ana Unified,John F. Kennedy Elementary,387,8,20,0.020671834625323,4,30,66670,6107692,,
30666706107692,Orange,Santa Ana Unified,John F. Kennedy Elementary,296,9,21,0.0304054054054054,4,30,66670,6107692,,
30666706107692,Orange,Santa Ana Unified,John F. Kennedy Elementary,241,20,25,0.0829875518672199,4,30,66670,6107692,0,0
30666706108484,Orange,Santa Ana Unified,Garfield Elementary,423,121,19,0.286052009456265,4,30,66670,6108484,,
30666706108484,Orange,Santa Ana Unified,Garfield Elementary,422,12,20,0.028436018957346,4,30,66670,6108484,,
30666706108484,Orange,Santa Ana Unified,Garfield Elementary,352,6,21,0.0170454545454545,4,30,66670,6108484,,
30666706108484,Orange,Santa Ana Unified,Garfield Elementary,242,29,25,0.119834710743802,4,30,66670,6108484,0,0
30666706109904,Orange,Santa Ana Unified,Pio Pico Elementary,357,101,19,0.282913165266106,4,30,66670,6109904,,
30666706109904,Orange,Santa Ana Unified,Pio Pico Elementary,355,6,20,0.0169014084507042,4,30,66670,6109904,,
30666706109904,Orange,Santa Ana Unified,Pio Pico Elementary,273,1,21,0.00366300366300366,4,30,66670,6109904,,
30666706109904,Orange,Santa Ana Unified,Pio Pico Elementary,309,9,25,0.029126213592233,4,30,66670,6109904,0,0
30666706110175,Orange,Santa Ana Unified,George Washington Carver Elementary,218,78,19,0.357798165137615,4,30,66670,6110175,,
30666706110175,Orange,Santa Ana Unified,George Washington Carver Elementary,244,11,20,0.0450819672131148,4,30,66670,6110175,,
30666706110175,Orange,Santa Ana Unified,George Washington Carver Elementary,220,2,21,0.00909090909090909,4,30,66670,6110175,,
30666706110175,Orange,Santa Ana Unified,George Washington Carver Elementary,233,16,25,0.0686695278969957,4,30,66670,6110175,0,0
30666706110183,Orange,Santa Ana Unified,Martin R. Heninger Elementary,581,140,19,0.240963855421687,4,30,66670,6110183,,
30666706110183,Orange,Santa Ana Unified,Martin R. Heninger Elementary,600,11,20,0.0183333333333333,4,30,66670,6110183,,
30666706110183,Orange,Santa Ana Unified,Martin R. Heninger Elementary,510,11,21,0.0215686274509804,4,30,66670,6110183,,
30666706110183,Orange,Santa Ana Unified,Martin R. Heninger Elementary,420,27,25,0.0642857142857143,4,30,66670,6110183,0,0
30666706111298,Orange,Santa Ana Unified,Walker Elementary,195,74,19,0.379487179487179,4,30,66670,6111298,,
30666706111298,Orange,Santa Ana Unified,Walker Elementary,215,6,20,0.027906976744186,4,30,66670,6111298,,
30666706113377,Orange,Santa Ana Unified,Martin Luther King Jr. Elementary,392,112,19,0.285714285714286,4,30,66670,6113377,,
30666706113377,Orange,Santa Ana Unified,Martin Luther King Jr. Elementary,390,19,20,0.0487179487179487,4,30,66670,6113377,,
30666706113377,Orange,Santa Ana Unified,Martin Luther King Jr. Elementary,331,2,21,0.00604229607250755,4,30,66670,6113377,,
30666706113377,Orange,Santa Ana Unified,Martin Luther King Jr. Elementary,297,35,25,0.117845117845118,4,30,66670,6113377,0,0
30666706114631,Orange,Santa Ana Unified,Wallace R. Davis Elementary,336,91,19,0.270833333333333,4,30,66670,6114631,,
30666706114631,Orange,Santa Ana Unified,Wallace R. Davis Elementary,344,7,20,0.0203488372093023,4,30,66670,6114631,,
30666706114631,Orange,Santa Ana Unified,Wallace R. Davis Elementary,261,2,21,0.00766283524904215,4,30,66670,6114631,,
30666706114631,Orange,Santa Ana Unified,Wallace R. Davis Elementary,232,17,25,0.0732758620689655,4,30,66670,6114631,0,0
30666706115133,Orange,Santa Ana Unified,REACH Academy,14,2,19,0.142857142857143,4,30,66670,6115133,,
30666706115133,Orange,Santa Ana Unified,REACH Academy,24,0,20,0,4,30,66670,6115133,,
30666706115133,Orange,Santa Ana Unified,REACH Academy,83,0,21,0,4,30,66670,6115133,,
30666706115133,Orange,Santa Ana Unified,REACH Academy,21,0,25,0,4,30,66670,6115133,0,1
30666706115588,Orange,Santa Ana Unified,Raymond A. Villa Fundamental Intermediate,385,66,19,0.171428571428571,4,30,66670,6115588,,
30666706115588,Orange,Santa Ana Unified,Raymond A. Villa Fundamental Intermediate,399,7,20,0.0175438596491228,4,30,66670,6115588,,
30666706115588,Orange,Santa Ana Unified,Raymond A. Villa Fundamental Intermediate,388,5,21,0.0128865979381443,4,30,66670,6115588,,
30666706115588,Orange,Santa Ana Unified,Raymond A. Villa Fundamental Intermediate,361,29,25,0.0803324099722992,4,30,66670,6115588,0,0
30666706115836,Orange,Santa Ana Unified,Lydia Romero-Cruz Elementary,85,23,19,0.270588235294118,4,30,66670,6115836,,
30666706115836,Orange,Santa Ana Unified,Romero-Cruz Academy,489,0,20,0,4,30,66670,6115836,,
30666706115836,Orange,Santa Ana Unified,Romero-Cruz Academy,437,3,21,0.0068649885583524,4,30,66670,6115836,,
30666706115836,Orange,Santa Ana Unified,Romero-Cruz Academy,473,34,25,0.0718816067653277,4,30,66670,6115836,0,0
30666706116917,Orange,Santa Ana Unified,Jim Thorpe Fundamental,173,117,19,0.676300578034682,4,30,66670,6116917,,
30666706116917,Orange,Santa Ana Unified,Jim Thorpe Fundamental,182,28,20,0.153846153846154,4,30,66670,6116917,,
30666706116917,Orange,Santa Ana Unified,Jim Thorpe Fundamental,161,0,21,0,4,30,66670,6116917,,
30666706116917,Orange,Santa Ana Unified,Jim Thorpe Fundamental,163,29,25,0.177914110429448,4,30,66670,6116917,0,0
30666706117899,Orange,Santa Ana Unified,Gonzalo Felicitas Mendez Fundamental Intermediate,227,50,19,0.220264317180617,4,30,66670,6117899,,
30666706117899,Orange,Santa Ana Unified,Gonzalo Felicitas Mendez Fundamental Intermediate,267,3,20,0.0112359550561798,4,30,66670,6117899,,
30666706117899,Orange,Santa Ana Unified,Gonzalo Felicitas Mendez Fundamental Intermediate,292,6,21,0.0205479452054795,4,30,66670,6117899,,
30666706117899,Orange,Santa Ana Unified,Gonzalo Felicitas Mendez Fundamental Intermediate,325,60,25,0.184615384615385,4,30,66670,6117899,0,0
30666706119127,Orange,Santa Ana Unified,El Sol Santa Ana Science and Arts Academy,470,0,19,0,4,30,66670,6119127,,
30666706119127,Orange,Santa Ana Unified,El Sol Santa Ana Science and Arts Academy,419,71,20,0.16945107398568,4,30,66670,6119127,,
30666706119127,Orange,Santa Ana Unified,El Sol Santa Ana Science and Arts Academy,391,0,21,0,4,30,66670,6119127,,
30666706119127,Orange,Santa Ana Unified,El Sol Santa Ana Science and Arts Academy,255,27,25,0.105882352941176,4,30,66670,6119127,1,0
30666966030456,Orange,Savanna Elementary,Cerritos Elementary,135,5,19,0.037037037037037,4,30,66696,6030456,,
30666966030456,Orange,Savanna Elementary,Cerritos Elementary,97,25,20,0.257731958762887,4,30,66696,6030456,,
30666966030456,Orange,Savanna Elementary,Cerritos Elementary,79,8,21,0.10126582278481,4,30,66696,6030456,,
30666966030456,Orange,Savanna Elementary,Cerritos Elementary,75,7,25,0.0933333333333333,4,30,66696,6030456,0,0
30666966030464,Orange,Savanna Elementary,Hansen Elementary,288,5,19,0.0173611111111111,4,30,66696,6030464,,
30666966030464,Orange,Savanna Elementary,Hansen Elementary,263,46,20,0.174904942965779,4,30,66696,6030464,,
30666966030464,Orange,Savanna Elementary,Hansen Elementary,230,30,21,0.130434782608696,4,30,66696,6030464,,
30666966030464,Orange,Savanna Elementary,Hansen Elementary,177,18,25,0.101694915254237,4,30,66696,6030464,0,0
30666966030472,Orange,Savanna Elementary,Holder Elementary,188,3,19,0.0159574468085106,4,30,66696,6030472,,
30666966030472,Orange,Savanna Elementary,Holder Elementary,165,30,20,0.181818181818182,4,30,66696,6030472,,
30666966030472,Orange,Savanna Elementary,Holder Elementary,152,7,21,0.0460526315789474,4,30,66696,6030472,,
30666966030472,Orange,Savanna Elementary,Holder Elementary,127,6,25,0.047244094488189,4,30,66696,6030472,0,0
30666966030506,Orange,Savanna Elementary,Twila Reid Elementary,258,16,19,0.062015503875969,4,30,66696,6030506,,
30666966030506,Orange,Savanna Elementary,Twila Reid Elementary,180,45,20,0.25,4,30,66696,6030506,,
30666966030506,Orange,Savanna Elementary,Twila Reid Elementary,168,15,21,0.0892857142857143,4,30,66696,6030506,,
30666966030506,Orange,Savanna Elementary,Twila Reid Elementary,156,12,25,0.0769230769230769,4,30,66696,6030506,0,0
30667460000001,Orange,Westminster,"Nonpublic, Nonsectarian Schools",4,0,19,0,4,30,66746,0000001,,
30667460000001,Orange,Westminster,"Nonpublic, Nonsectarian Schools",2,0,25,0,4,30,66746,0000001,0,0
30667460119925,Orange,Westminster,Ada Clegg Elementary,128,4,19,0.03125,4,30,66746,0119925,,
30667460119925,Orange,Westminster,Ada Clegg Elementary,133,15,20,0.112781954887218,4,30,66746,0119925,,
30667460119925,Orange,Westminster,Ada Clegg Elementary,108,14,21,0.12962962962963,4,30,66746,0119925,,
30667460119925,Orange,Westminster,Ada Clegg Elementary,94,18,25,0.191489361702128,4,30,66746,0119925,0,0
30667466030712,Orange,Westminster,Helen Stacey Middle,174,21,19,0.120689655172414,4,30,66746,6030712,,
30667466030712,Orange,Westminster,Helen Stacey Middle,158,15,20,0.0949367088607595,4,30,66746,6030712,,
30667466030712,Orange,Westminster,Helen Stacey Middle,135,29,21,0.214814814814815,4,30,66746,6030712,,
30667466030712,Orange,Westminster,Helen Stacey Middle,158,57,25,0.360759493670886,4,30,66746,6030712,0,0
30667466030720,Orange,Westminster,Schroeder Elementary,66,9,19,0.136363636363636,4,30,66746,6030720,,
30667466030720,Orange,Westminster,Schroeder Elementary,71,7,20,0.0985915492957746,4,30,66746,6030720,,
30667466030720,Orange,Westminster,Schroeder Elementary,46,17,21,0.369565217391304,4,30,66746,6030720,,
30667466030720,Orange,Westminster,Schroeder Elementary,50,13,25,0.26,4,30,66746,6030720,0,0
30667466030738,Orange,Westminster,Demille Elementary,324,43,19,0.132716049382716,4,30,66746,6030738,,
30667466030738,Orange,Westminster,Demille Elementary,332,11,20,0.0331325301204819,4,30,66746,6030738,,
30667466030738,Orange,Westminster,Demille Elementary,282,40,21,0.141843971631206,4,30,66746,6030738,,
30667466030738,Orange,Westminster,Demille Elementary,239,64,25,0.267782426778243,4,30,66746,6030738,0,0
30667466030753,Orange,Westminster,Finley Elementary,207,3,19,0.0144927536231884,4,30,66746,6030753,,
30667466030753,Orange,Westminster,Finley Elementary,224,8,20,0.0357142857142857,4,30,66746,6030753,,
30667466030753,Orange,Westminster,Finley Elementary,160,25,21,0.15625,4,30,66746,6030753,,
30667466030753,Orange,Westminster,Finley Elementary,139,24,25,0.172661870503597,4,30,66746,6030753,0,0
30667466030761,Orange,Westminster,Eastwood Elementary,65,1,19,0.0153846153846154,4,30,66746,6030761,,
30667466030761,Orange,Westminster,Eastwood Elementary,70,6,20,0.0857142857142857,4,30,66746,6030761,,
30667466030761,Orange,Westminster,Eastwood Elementary,42,18,21,0.428571428571429,4,30,66746,6030761,,
30667466030761,Orange,Westminster,Eastwood Elementary,57,11,25,0.192982456140351,4,30,66746,6030761,0,0
30667466030787,Orange,Westminster,Fryberger Elementary,182,2,19,0.010989010989011,4,30,66746,6030787,,
30667466030787,Orange,Westminster,Fryberger Elementary,187,3,20,0.0160427807486631,4,30,66746,6030787,,
30667466030787,Orange,Westminster,Fryberger Elementary,126,28,21,0.222222222222222,4,30,66746,6030787,,
30667466030787,Orange,Westminster,Fryberger Elementary,123,14,25,0.113821138211382,4,30,66746,6030787,0,0
30667466030795,Orange,Westminster,Anderson Elementary,380,29,19,0.0763157894736842,4,30,66746,6030795,,
30667466030795,Orange,Westminster,Anderson Elementary,356,25,20,0.0702247191011236,4,30,66746,6030795,,
30667466030795,Orange,Westminster,Anderson Elementary,291,49,21,0.168384879725086,4,30,66746,6030795,,
30667466030795,Orange,Westminster,Anderson Elementary,263,22,25,0.0836501901140684,4,30,66746,6030795,0,0
30667466030811,Orange,Westminster,Meairs Elementary,319,23,19,0.0721003134796238,4,30,66746,6030811,,
30667466030811,Orange,Westminster,Meairs Elementary,296,29,20,0.097972972972973,4,30,66746,6030811,,
30667466030811,Orange,Westminster,Meairs Elementary,211,52,21,0.246445497630332,4,30,66746,6030811,,
30667466030811,Orange,Westminster,Meairs Elementary,177,24,25,0.135593220338983,4,30,66746,6030811,0,0
30667466030829,Orange,Westminster,Jessie Hayden Elementary,450,52,19,0.115555555555556,4,30,66746,6030829,,
30667466030829,Orange,Westminster,Jessie Hayden Elementary,420,58,20,0.138095238095238,4,30,66746,6030829,,
30667466030829,Orange,Westminster,Jessie Hayden Elementary,335,55,21,0.164179104477612,4,30,66746,6030829,,
30667466030829,Orange,Westminster,Jessie Hayden Elementary,234,40,25,0.170940170940171,4,30,66746,6030829,0,0
30667466030837,Orange,Westminster,Webber Elementary,196,11,19,0.0561224489795918,4,30,66746,6030837,,
30667466030837,Orange,Westminster,Webber Elementary,189,9,20,0.0476190476190476,4,30,66746,6030837,,
30667466030837,Orange,Westminster,Webber Elementary,147,37,21,0.251700680272109,4,30,66746,6030837,,
30667466030837,Orange,Westminster,Webber Elementary,156,32,25,0.205128205128205,4,30,66746,6030837,0,0
30667466030852,Orange,Westminster,Willmore Elementary,215,9,19,0.0418604651162791,4,30,66746,6030852,,
30667466030852,Orange,Westminster,Willmore Elementary,222,9,20,0.0405405405405405,4,30,66746,6030852,,
30667466030852,Orange,Westminster,Willmore Elementary,170,21,21,0.123529411764706,4,30,66746,6030852,,
30667466030852,Orange,Westminster,Willmore Elementary,152,24,25,0.157894736842105,4,30,66746,6030852,0,0
30667466030860,Orange,Westminster,Schmitt Elementary,242,10,19,0.0413223140495868,4,30,66746,6030860,,
30667466030860,Orange,Westminster,Schmitt Elementary,226,21,20,0.0929203539823009,4,30,66746,6030860,,
30667466030860,Orange,Westminster,Schmitt Elementary,177,22,21,0.124293785310734,4,30,66746,6030860,,
30667466030860,Orange,Westminster,Schmitt Elementary,157,27,25,0.171974522292994,4,30,66746,6030860,0,0
30667466030878,Orange,Westminster,Johnson Middle,238,15,19,0.0630252100840336,4,30,66746,6030878,,
30667466030878,Orange,Westminster,Johnson Middle,269,19,20,0.0706319702602231,4,30,66746,6030878,,
30667466030878,Orange,Westminster,Johnson Middle,259,31,21,0.11969111969112,4,30,66746,6030878,,
30667466030878,Orange,Westminster,Johnson Middle,202,48,25,0.237623762376238,4,30,66746,6030878,0,0
30667466030886,Orange,Westminster,Sequoia Elementary,98,18,19,0.183673469387755,4,30,66746,6030886,,
30667466030886,Orange,Westminster,Sequoia Elementary,105,11,20,0.104761904761905,4,30,66746,6030886,,
30667466030886,Orange,Westminster,Sequoia Elementary,87,14,21,0.160919540229885,4,30,66746,6030886,,
30667466030886,Orange,Westminster,Sequoia Elementary,70,12,25,0.171428571428571,4,30,66746,6030886,0,0
30667466030928,Orange,Westminster,Warner Middle,343,50,19,0.145772594752187,4,30,66746,6030928,,
30667466030928,Orange,Westminster,Warner Middle,340,29,20,0.0852941176470588,4,30,66746,6030928,,
30667466030928,Orange,Westminster,Warner Middle,348,56,21,0.160919540229885,4,30,66746,6030928,,
30667466030928,Orange,Westminster,Warner Middle,315,111,25,0.352380952380952,4,30,66746,6030928,0,0
30736350000000,Orange,Saddleback Valley Unified,District Office,264,2,21,0.00757575757575758,4,30,73635,0000000,,
30736350000001,Orange,Saddleback Valley Unified,"Nonpublic, Nonsectarian Schools",2,0,19,0,4,30,73635,0000001,,
30736350000001,Orange,Saddleback Valley Unified,"Nonpublic, Nonsectarian Schools",4,0,20,0,4,30,73635,0000001,,
30736350000001,Orange,Saddleback Valley Unified,"Nonpublic, Nonsectarian Schools",2,0,21,0,4,30,73635,0000001,,
30736350000001,Orange,Saddleback Valley Unified,"Nonpublic, Nonsectarian Schools",5,0,25,0,4,30,73635,0000001,0,0
30736353030061,Orange,Saddleback Valley Unified,El Toro High,274,25,19,0.0912408759124088,4,30,73635,3030061,,
30736353030061,Orange,Saddleback Valley Unified,El Toro High,305,4,20,0.0131147540983607,4,30,73635,3030061,,
30736353030061,Orange,Saddleback Valley Unified,El Toro High,303,10,21,0.033003300330033,4,30,73635,3030061,,
30736353030061,Orange,Saddleback Valley Unified,El Toro High,312,108,25,0.346153846153846,4,30,73635,3030061,0,0
30736353030079,Orange,Saddleback Valley Unified,Silverado High,61,2,19,0.0327868852459016,4,30,73635,3030079,,
30736353030079,Orange,Saddleback Valley Unified,Silverado High,78,0,20,0,4,30,73635,3030079,,
30736353030079,Orange,Saddleback Valley Unified,Silverado High,96,0,21,0,4,30,73635,3030079,,
30736353030079,Orange,Saddleback Valley Unified,Silverado High,122,28,25,0.229508196721311,4,30,73635,3030079,0,1
30736353030244,Orange,Saddleback Valley Unified,Laguna Hills High,244,11,19,0.0450819672131148,4,30,73635,3030244,,
30736353030244,Orange,Saddleback Valley Unified,Laguna Hills High,248,6,20,0.0241935483870968,4,30,73635,3030244,,
30736353030244,Orange,Saddleback Valley Unified,Laguna Hills High,259,3,21,0.0115830115830116,4,30,73635,3030244,,
30736353030244,Orange,Saddleback Valley Unified,Laguna Hills High,218,62,25,0.284403669724771,4,30,73635,3030244,0,0
30736353030392,Orange,Saddleback Valley Unified,Trabuco Hills High,182,4,19,0.021978021978022,4,30,73635,3030392,,
30736353030392,Orange,Saddleback Valley Unified,Trabuco Hills High,199,4,20,0.0201005025125628,4,30,73635,3030392,,
30736353030392,Orange,Saddleback Valley Unified,Trabuco Hills High,215,6,21,0.027906976744186,4,30,73635,3030392,,
30736353030392,Orange,Saddleback Valley Unified,Trabuco Hills High,169,51,25,0.301775147928994,4,30,73635,3030392,0,0
30736353030509,Orange,Saddleback Valley Unified,SVUSD Virtual Academy (Alternative),2,0,19,0,4,30,73635,3030509,,
30736353030509,Orange,Saddleback Valley Unified,SVUSD Virtual Academy (Alternative),3,0,20,0,4,30,73635,3030509,,
30736353030509,Orange,Saddleback Valley Unified,SVUSD Virtual Academy (Alternative),12,0,21,0,4,30,73635,3030509,,
30736353030509,Orange,Saddleback Valley Unified,SVUSD Virtual Academy (Alternative),13,3,25,0.230769230769231,4,30,73635,3030509,0,0
30736353034956,Orange,Saddleback Valley Unified,Mission Viejo High,204,9,19,0.0441176470588235,4,30,73635,3034956,,
30736353034956,Orange,Saddleback Valley Unified,Mission Viejo High,206,6,20,0.029126213592233,4,30,73635,3034956,,
30736353034956,Orange,Saddleback Valley Unified,Mission Viejo High,206,4,21,0.0194174757281553,4,30,73635,3034956,,
30736353034956,Orange,Saddleback Valley Unified,Mission Viejo High,120,27,25,0.225,4,30,73635,3034956,0,0
30736356030142,Orange,Saddleback Valley Unified,La Paz Intermediate,94,10,19,0.106382978723404,4,30,73635,6030142,,
30736356030142,Orange,Saddleback Valley Unified,La Paz Intermediate,105,5,20,0.0476190476190476,4,30,73635,6030142,,
30736356030142,Orange,Saddleback Valley Unified,La Paz Intermediate,103,6,21,0.058252427184466,4,30,73635,6030142,,
30736356030142,Orange,Saddleback Valley Unified,La Paz Intermediate,49,15,25,0.306122448979592,4,30,73635,6030142,0,0
30736356030159,Orange,Saddleback Valley Unified,Linda Vista Elementary,195,7,19,0.0358974358974359,4,30,73635,6030159,,
30736356030159,Orange,Saddleback Valley Unified,Linda Vista Elementary,174,6,20,0.0344827586206897,4,30,73635,6030159,,
30736356030159,Orange,Saddleback Valley Unified,Linda Vista Elementary,113,17,21,0.150442477876106,4,30,73635,6030159,,
30736356030159,Orange,Saddleback Valley Unified,Linda Vista Magnet Elementary,103,18,25,0.174757281553398,4,30,73635,6030159,0,0
30736356030175,Orange,Saddleback Valley Unified,Olivewood Elementary,323,20,19,0.0619195046439629,4,30,73635,6030175,,
30736356030175,Orange,Saddleback Valley Unified,Olivewood Elementary,323,9,20,0.0278637770897833,4,30,73635,6030175,,
30736356030175,Orange,Saddleback Valley Unified,Olivewood Elementary,185,15,21,0.0810810810810811,4,30,73635,6030175,,
30736356030175,Orange,Saddleback Valley Unified,Olivewood Elementary,184,27,25,0.146739130434783,4,30,73635,6030175,0,0
30736356030183,Orange,Saddleback Valley Unified,Ralph A. Gates Elementary,509,26,19,0.0510805500982318,4,30,73635,6030183,,
30736356030183,Orange,Saddleback Valley Unified,Ralph A. Gates Elementary,488,11,20,0.0225409836065574,4,30,73635,6030183,,
30736356030183,Orange,Saddleback Valley Unified,Ralph A. Gates Elementary,449,4,21,0.0089086859688196,4,30,73635,6030183,,
30736356030183,Orange,Saddleback Valley Unified,Ralph A. Gates DLI Magnet Elementary,402,47,25,0.116915422885572,4,30,73635,6030183,0,0
30736356030530,Orange,Saddleback Valley Unified,Trabuco Elementary,9,0,19,0,4,30,73635,6030530,,
30736356030530,Orange,Saddleback Valley Unified,Trabuco Elementary,9,0,20,0,4,30,73635,6030530,,
30736356030530,Orange,Saddleback Valley Unified,Trabuco Elementary,4,1,21,0.25,4,30,73635,6030530,,
30736356030530,Orange,Saddleback Valley Unified,Trabuco Elementary,6,3,25,0.5,4,30,73635,6030530,0,0
30736356066872,Orange,Saddleback Valley Unified,Valencia Elementary,63,7,19,0.111111111111111,4,30,73635,6066872,,
30736356066872,Orange,Saddleback Valley Unified,Valencia Elementary,54,2,20,0.037037037037037,4,30,73635,6066872,,
30736356066872,Orange,Saddleback Valley Unified,Valencia Elementary,46,9,21,0.195652173913043,4,30,73635,6066872,,
30736356066872,Orange,Saddleback Valley Unified,Valencia Elementary,26,5,25,0.192307692307692,4,30,73635,6066872,0,0
30736356068639,Orange,Saddleback Valley Unified,Cordillera Elementary,101,8,19,0.0792079207920792,4,30,73635,6068639,,
30736356068639,Orange,Saddleback Valley Unified,Cordillera Elementary,88,5,20,0.0568181818181818,4,30,73635,6068639,,
30736356068639,Orange,Saddleback Valley Unified,Cordillera Elementary,51,2,21,0.0392156862745098,4,30,73635,6068639,,
30736356071153,Orange,Saddleback Valley Unified,Del Cerro Elementary,61,2,19,0.0327868852459016,4,30,73635,6071153,,
30736356071153,Orange,Saddleback Valley Unified,Del Cerro Elementary,57,1,20,0.0175438596491228,4,30,73635,6071153,,
30736356071153,Orange,Saddleback Valley Unified,Del Cerro Elementary,52,1,21,0.0192307692307692,4,30,73635,6071153,,
30736356071153,Orange,Saddleback Valley Unified,Del Cerro Elementary,48,6,25,0.125,4,30,73635,6071153,0,0
30736356071161,Orange,Saddleback Valley Unified,Los Alisos Intermediate,259,26,19,0.1003861003861,4,30,73635,6071161,,
30736356071161,Orange,Saddleback Valley Unified,Los Alisos Intermediate,289,10,20,0.0346020761245675,4,30,73635,6071161,,
30736356071161,Orange,Saddleback Valley Unified,Los Alisos Intermediate,309,8,21,0.0258899676375405,4,30,73635,6071161,,
30736356071161,Orange,Saddleback Valley Unified,Los Alisos Intermediate,173,17,25,0.0982658959537572,4,30,73635,6071161,0,0
30736356085336,Orange,Saddleback Valley Unified,De Portola Elementary,34,4,19,0.117647058823529,4,30,73635,6085336,,
30736356085336,Orange,Saddleback Valley Unified,De Portola Elementary,35,4,20,0.114285714285714,4,30,73635,6085336,,
30736356085336,Orange,Saddleback Valley Unified,De Portola Elementary,34,6,21,0.176470588235294,4,30,73635,6085336,,
30736356085336,Orange,Saddleback Valley Unified,De Portola Elementary,27,10,25,0.37037037037037,4,30,73635,6085336,0,0
30736356085351,Orange,Saddleback Valley Unified,Santiago Elementary,162,2,19,0.0123456790123457,4,30,73635,6085351,,
30736356085351,Orange,Saddleback Valley Unified,Santiago STEAM Magnet Elementary,157,5,20,0.0318471337579618,4,30,73635,6085351,,
30736356085351,Orange,Saddleback Valley Unified,Santiago STEAM Magnet Elementary,137,5,21,0.0364963503649635,4,30,73635,6085351,,
30736356085351,Orange,Saddleback Valley Unified,Santiago STEAM Magnet Elementary,92,13,25,0.141304347826087,4,30,73635,6085351,0,0
30736356089494,Orange,Saddleback Valley Unified,Montevideo Elementary,33,3,19,0.0909090909090909,4,30,73635,6089494,,
30736356089494,Orange,Saddleback Valley Unified,Montevideo Elementary,20,7,20,0.35,4,30,73635,6089494,,
30736356089494,Orange,Saddleback Valley Unified,Montevideo Elementary,14,0,21,0,4,30,73635,6089494,,
30736356089494,Orange,Saddleback Valley Unified,Montevideo Elementary,55,10,25,0.181818181818182,4,30,73635,6089494,0,0
30736356089502,Orange,Saddleback Valley Unified,Glen Yermo Elementary,182,10,19,0.054945054945055,4,30,73635,6089502,,
30736356089502,Orange,Saddleback Valley Unified,Glen Yermo Elementary,146,11,20,0.0753424657534247,4,30,73635,6089502,,
30736356089502,Orange,Saddleback Valley Unified,Glen Yermo Elementary,104,7,21,0.0673076923076923,4,30,73635,6089502,,
30736356089502,Orange,Saddleback Valley Unified,Glen Yermo Elementary,72,17,25,0.236111111111111,4,30,73635,6089502,0,0
30736356089510,Orange,Saddleback Valley Unified,Esperanza Education Center,11,0,19,0,4,30,73635,6089510,,
30736356089510,Orange,Saddleback Valley Unified,Esperanza Education Center,7,4,20,0.571428571428571,4,30,73635,6089510,,
30736356089510,Orange,Saddleback Valley Unified,Esperanza Education Center,5,0,21,0,4,30,73635,6089510,,
30736356089510,Orange,Saddleback Valley Unified,Esperanza Education Center,2,0,25,0,4,30,73635,6089510,0,0
30736356094668,Orange,Saddleback Valley Unified,Lomarena Elementary,147,9,19,0.0612244897959184,4,30,73635,6094668,,
30736356094668,Orange,Saddleback Valley Unified,Lomarena Elementary,185,4,20,0.0216216216216216,4,30,73635,6094668,,
30736356094668,Orange,Saddleback Valley Unified,Lomarena Elementary,177,15,21,0.0847457627118644,4,30,73635,6094668,,
30736356094668,Orange,Saddleback Valley Unified,Lomarena Elementary,157,23,25,0.146496815286624,4,30,73635,6094668,0,0
30736356094676,Orange,Saddleback Valley Unified,San Joaquin Elementary,139,6,19,0.0431654676258993,4,30,73635,6094676,,
30736356094676,Orange,Saddleback Valley Unified,San Joaquin Elementary,137,0,20,0,4,30,73635,6094676,,
30736356094676,Orange,Saddleback Valley Unified,San Joaquin Elementary,71,2,21,0.028169014084507,4,30,73635,6094676,,
30736356094676,Orange,Saddleback Valley Unified,San Joaquin Elementary,73,14,25,0.191780821917808,4,30,73635,6094676,0,0
30736356095145,Orange,Saddleback Valley Unified,Serrano Intermediate,185,20,19,0.108108108108108,4,30,73635,6095145,,
30736356095145,Orange,Saddleback Valley Unified,Serrano Intermediate,205,9,20,0.0439024390243902,4,30,73635,6095145,,
30736356095145,Orange,Saddleback Valley Unified,Serrano Intermediate,204,7,21,0.0343137254901961,4,30,73635,6095145,,
30736356095145,Orange,Saddleback Valley Unified,Serrano Intermediate,127,45,25,0.354330708661417,4,30,73635,6095145,0,0
30736356096044,Orange,Saddleback Valley Unified,Rancho Canada Elementary,78,8,19,0.102564102564103,4,30,73635,6096044,,
30736356096044,Orange,Saddleback Valley Unified,Rancho Canada Elementary,83,1,20,0.0120481927710843,4,30,73635,6096044,,
30736356096044,Orange,Saddleback Valley Unified,Rancho Canada Elementary,68,10,21,0.147058823529412,4,30,73635,6096044,,
30736356096044,Orange,Saddleback Valley Unified,Rancho Canada Elementary,79,12,25,0.151898734177215,4,30,73635,6096044,0,0
30736356097372,Orange,Saddleback Valley Unified,La Madera Elementary,81,6,19,0.0740740740740741,4,30,73635,6097372,,
30736356097372,Orange,Saddleback Valley Unified,La Madera Elementary,75,11,20,0.146666666666667,4,30,73635,6097372,,
30736356097372,Orange,Saddleback Valley Unified,La Madera Elementary,66,4,21,0.0606060606060606,4,30,73635,6097372,,
30736356097372,Orange,Saddleback Valley Unified,La Madera Elementary,51,7,25,0.137254901960784,4,30,73635,6097372,0,0
30736356101059,Orange,Saddleback Valley Unified,Del Lago Elementary,87,6,19,0.0689655172413793,4,30,73635,6101059,,
30736356101059,Orange,Saddleback Valley Unified,Del Lago Elementary,76,1,20,0.0131578947368421,4,30,73635,6101059,,
30736356101059,Orange,Saddleback Valley Unified,Del Lago Elementary,62,5,21,0.0806451612903226,4,30,73635,6101059,,
30736356101059,Orange,Saddleback Valley Unified,Del Lago Elementary,40,7,25,0.175,4,30,73635,6101059,0,0
30736356106926,Orange,Saddleback Valley Unified,Trabuco Mesa Elementary,59,17,19,0.288135593220339,4,30,73635,6106926,,
30736356106926,Orange,Saddleback Valley Unified,Trabuco Mesa Elementary,61,5,20,0.0819672131147541,4,30,73635,6106926,,
30736356106926,Orange,Saddleback Valley Unified,Trabuco Mesa Elementary,64,10,21,0.15625,4,30,73635,6106926,,
30736356106926,Orange,Saddleback Valley Unified,Trabuco Mesa Elementary,60,15,25,0.25,4,30,73635,6106926,0,0
30736356109540,Orange,Saddleback Valley Unified,Cielo Vista Elementary,246,15,19,0.0609756097560976,4,30,73635,6109540,,
30736356109540,Orange,Saddleback Valley Unified,Cielo Vista Elementary,229,7,20,0.0305676855895197,4,30,73635,6109540,,
30736356109540,Orange,Saddleback Valley Unified,Cielo Vista Elementary,203,12,21,0.0591133004926108,4,30,73635,6109540,,
30736356109540,Orange,Saddleback Valley Unified,Cielo Vista Elementary,149,28,25,0.187919463087248,4,30,73635,6109540,0,0
30736356110845,Orange,Saddleback Valley Unified,Lake Forest Elementary,230,10,19,0.0434782608695652,4,30,73635,6110845,,
30736356110845,Orange,Saddleback Valley Unified,Lake Forest Elementary,220,8,20,0.0363636363636364,4,30,73635,6110845,,
30736356110845,Orange,Saddleback Valley Unified,Lake Forest Elementary,185,12,21,0.0648648648648649,4,30,73635,6110845,,
30736356110845,Orange,Saddleback Valley Unified,Lake Forest Elementary,157,33,25,0.210191082802548,4,30,73635,6110845,0,0
30736356110936,Orange,Saddleback Valley Unified,Portola Hills Elementary,44,4,19,0.0909090909090909,4,30,73635,6110936,,
30736356110936,Orange,Saddleback Valley Unified,Portola Hills Elementary,45,2,20,0.0444444444444444,4,30,73635,6110936,,
30736356110936,Orange,Saddleback Valley Unified,Portola Hills Elementary,53,5,21,0.0943396226415094,4,30,73635,6110936,,
30736356110936,Orange,Saddleback Valley Unified,Portola Hills Elementary,54,5,25,0.0925925925925926,4,30,73635,6110936,0,0
30736356111561,Orange,Saddleback Valley Unified,Rancho Santa Margarita Intermediate,95,14,19,0.147368421052632,4,30,73635,6111561,,
30736356111561,Orange,Saddleback Valley Unified,Rancho Santa Margarita Intermediate,116,7,20,0.0603448275862069,4,30,73635,6111561,,
30736356111561,Orange,Saddleback Valley Unified,Rancho Santa Margarita Intermediate,123,8,21,0.0650406504065041,4,30,73635,6111561,,
30736356111561,Orange,Saddleback Valley Unified,Rancho Santa Margarita Intermediate,53,14,25,0.264150943396226,4,30,73635,6111561,0,0
30736356112452,Orange,Saddleback Valley Unified,Robinson Elementary,41,2,19,0.0487804878048781,4,30,73635,6112452,,
30736356112452,Orange,Saddleback Valley Unified,Robinson Elementary,37,4,20,0.108108108108108,4,30,73635,6112452,,
30736356112452,Orange,Saddleback Valley Unified,Robinson Elementary,21,7,21,0.333333333333333,4,30,73635,6112452,,
30736356112452,Orange,Saddleback Valley Unified,Robinson Elementary,17,2,25,0.117647058823529,4,30,73635,6112452,0,0
30736356112577,Orange,Saddleback Valley Unified,Foothill Ranch Elementary,137,18,19,0.131386861313869,4,30,73635,6112577,,
30736356112577,Orange,Saddleback Valley Unified,Foothill Ranch Elementary,122,16,20,0.131147540983607,4,30,73635,6112577,,
30736356112577,Orange,Saddleback Valley Unified,Foothill Ranch Elementary,108,21,21,0.194444444444444,4,30,73635,6112577,,
30736356112577,Orange,Saddleback Valley Unified,Foothill Ranch Elementary,99,34,25,0.343434343434343,4,30,73635,6112577,0,0
30736356114888,Orange,Saddleback Valley Unified,Melinda Heights Elementary,74,8,19,0.108108108108108,4,30,73635,6114888,,
30736356114888,Orange,Saddleback Valley Unified,Melinda Heights Elementary,71,2,20,0.028169014084507,4,30,73635,6114888,,
30736356114888,Orange,Saddleback Valley Unified,Melinda Heights Elementary,67,12,21,0.17910447761194,4,30,73635,6114888,,
30736356114888,Orange,Saddleback Valley Unified,Melinda Heights Elementary,80,24,25,0.3,4,30,73635,6114888,0,0
30736430000000,Orange,Tustin Unified,District Office,30,0,20,0,4,30,73643,0000000,,
30736430000000,Orange,Tustin Unified,District Office,28,0,21,0,4,30,73643,0000000,,
30736430000000,Orange,Tustin Unified,District Office,28,0,25,0,4,30,73643,0000000,0,0
30736430000001,Orange,Tustin Unified,"Nonpublic, Nonsectarian Schools",6,0,19,0,4,30,73643,0000001,,
30736430000001,Orange,Tustin Unified,"Nonpublic, Nonsectarian Schools",7,0,20,0,4,30,73643,0000001,,
30736430000001,Orange,Tustin Unified,"Nonpublic, Nonsectarian Schools",7,0,21,0,4,30,73643,0000001,,
30736430000001,Orange,Tustin Unified,"Nonpublic, Nonsectarian Schools",3,0,25,0,4,30,73643,0000001,0,0
30736430102871,Orange,Tustin Unified,Arnold O. Beckman High,216,13,19,0.0601851851851852,4,30,73643,0102871,,
30736430102871,Orange,Tustin Unified,Arnold O. Beckman High,215,20,20,0.0930232558139535,4,30,73643,0102871,,
30736430102871,Orange,Tustin Unified,Arnold O. Beckman High,202,16,21,0.0792079207920792,4,30,73643,0102871,,
30736430102871,Orange,Tustin Unified,Arnold O. Beckman High,253,32,25,0.126482213438735,4,30,73643,0102871,0,0
30736430102889,Orange,Tustin Unified,Hicks Canyon Elementary,138,38,19,0.27536231884058,4,30,73643,0102889,,
30736430102889,Orange,Tustin Unified,Hicks Canyon Elementary,147,15,20,0.102040816326531,4,30,73643,0102889,,
30736430102889,Orange,Tustin Unified,Hicks Canyon Elementary,129,15,21,0.116279069767442,4,30,73643,0102889,,
30736430102889,Orange,Tustin Unified,Hicks Canyon Elementary,195,30,25,0.153846153846154,4,30,73643,0102889,0,0
30736430121152,Orange,Tustin Unified,Orchard Hills,107,31,19,0.289719626168224,4,30,73643,0121152,,
30736430121152,Orange,Tustin Unified,Orchard Hills,106,37,20,0.349056603773585,4,30,73643,0121152,,
30736430121152,Orange,Tustin Unified,Orchard Hills,114,21,21,0.184210526315789,4,30,73643,0121152,,
30736430121152,Orange,Tustin Unified,Orchard Hills,167,30,25,0.179640718562874,4,30,73643,0121152,0,0
30736430133488,Orange,Tustin Unified,Heritage Elementary,33,12,19,0.363636363636364,4,30,73643,0133488,,
30736430133488,Orange,Tustin Unified,Heritage Elementary,32,3,20,0.09375,4,30,73643,0133488,,
30736430133488,Orange,Tustin Unified,Heritage Elementary,25,2,21,0.08,4,30,73643,0133488,,
30736430133488,Orange,Tustin Unified,Heritage Elementary,36,8,25,0.222222222222222,4,30,73643,0133488,0,0
30736430139774,Orange,Tustin Unified,Legacy Magnet Academy,20,6,21,0.3,4,30,73643,0139774,,
30736430139774,Orange,Tustin Unified,Legacy Magnet Academy,25,11,25,0.44,4,30,73643,0139774,0,0
30736433030590,Orange,Tustin Unified,Tustin Connect,5,0,19,0,4,30,73643,3030590,,
30736433030590,Orange,Tustin Unified,Tustin Connect,2,1,20,0.5,4,30,73643,3030590,,
30736433030590,Orange,Tustin Unified,Tustin Connect,12,0,21,0,4,30,73643,3030590,,
30736433030590,Orange,Tustin Unified,Tustin Connect,13,4,25,0.307692307692308,4,30,73643,3030590,0,0
30736433032109,Orange,Tustin Unified,Foothill High,148,5,19,0.0337837837837838,4,30,73643,3032109,,
30736433032109,Orange,Tustin Unified,Foothill High,126,11,20,0.0873015873015873,4,30,73643,3032109,,
30736433032109,Orange,Tustin Unified,Foothill High,140,7,21,0.05,4,30,73643,3032109,,
30736433032109,Orange,Tustin Unified,Foothill High,156,30,25,0.192307692307692,4,30,73643,3032109,0,0
30736433032919,Orange,Tustin Unified,Hillview High (Continuation),99,1,19,0.0101010101010101,4,30,73643,3032919,,
30736433032919,Orange,Tustin Unified,Hillview High (Continuation),90,0,20,0,4,30,73643,3032919,,
30736433032919,Orange,Tustin Unified,Hillview High (Continuation),74,0,21,0,4,30,73643,3032919,,
30736433032919,Orange,Tustin Unified,Hillview High (Continuation),89,1,25,0.0112359550561798,4,30,73643,3032919,0,1
30736433037553,Orange,Tustin Unified,Tustin High,383,20,19,0.0522193211488251,4,30,73643,3037553,,
30736433037553,Orange,Tustin Unified,Tustin High,471,21,20,0.0445859872611465,4,30,73643,3037553,,
30736433037553,Orange,Tustin Unified,Tustin High,544,17,21,0.03125,4,30,73643,3037553,,
30736433037553,Orange,Tustin Unified,Tustin High,440,73,25,0.165909090909091,4,30,73643,3037553,0,0
30736436030548,Orange,Tustin Unified,Arroyo Elementary,10,1,19,0.1,4,30,73643,6030548,,
30736436030548,Orange,Tustin Unified,Arroyo Elementary,13,0,20,0,4,30,73643,6030548,,
30736436030548,Orange,Tustin Unified,Arroyo Elementary,12,3,21,0.25,4,30,73643,6030548,,
30736436030548,Orange,Tustin Unified,Arroyo Elementary,14,4,25,0.285714285714286,4,30,73643,6030548,0,0
30736436030555,Orange,Tustin Unified,Benjamin F. Beswick Elementary,186,27,19,0.145161290322581,4,30,73643,6030555,,
30736436030555,Orange,Tustin Unified,Benjamin F. Beswick Elementary,218,4,20,0.018348623853211,4,30,73643,6030555,,
30736436030555,Orange,Tustin Unified,Benjamin F. Beswick Elementary,183,5,21,0.0273224043715847,4,30,73643,6030555,,
30736436030555,Orange,Tustin Unified,Benjamin F. Beswick Elementary,191,8,25,0.0418848167539267,4,30,73643,6030555,0,0
30736436030571,Orange,Tustin Unified,C. E. Utt Middle,204,26,19,0.127450980392157,4,30,73643,6030571,,
30736436030571,Orange,Tustin Unified,C. E. Utt Middle,219,31,20,0.141552511415525,4,30,73643,6030571,,
30736436030571,Orange,Tustin Unified,C. E. Utt Middle,205,11,21,0.0536585365853659,4,30,73643,6030571,,
30736436030571,Orange,Tustin Unified,C. E. Utt Middle,177,31,25,0.175141242937853,4,30,73643,6030571,0,0
30736436030589,Orange,Tustin Unified,Columbus Tustin Middle,259,14,19,0.0540540540540541,4,30,73643,6030589,,
30736436030589,Orange,Tustin Unified,Columbus Tustin Middle,267,11,20,0.0411985018726592,4,30,73643,6030589,,
30736436030589,Orange,Tustin Unified,Columbus Tustin Middle,246,11,21,0.0447154471544715,4,30,73643,6030589,,
30736436030589,Orange,Tustin Unified,Columbus Tustin Middle,210,26,25,0.123809523809524,4,30,73643,6030589,0,0
30736436030605,Orange,Tustin Unified,Guin Foss Elementary,66,7,19,0.106060606060606,4,30,73643,6030605,,
30736436030605,Orange,Tustin Unified,Guin Foss Elementary,53,13,20,0.245283018867925,4,30,73643,6030605,,
30736436030605,Orange,Tustin Unified,Guin Foss Elementary,42,1,21,0.0238095238095238,4,30,73643,6030605,,
30736436030605,Orange,Tustin Unified,Guin Foss Elementary,49,6,25,0.122448979591837,4,30,73643,6030605,0,0
30736436030613,Orange,Tustin Unified,Helen Estock Elementary,290,13,19,0.0448275862068966,4,30,73643,6030613,,
30736436030613,Orange,Tustin Unified,Helen Estock Elementary,285,9,20,0.0315789473684211,4,30,73643,6030613,,
30736436030613,Orange,Tustin Unified,Helen Estock Elementary,236,14,21,0.0593220338983051,4,30,73643,6030613,,
30736436030613,Orange,Tustin Unified,Helen Estock Elementary,243,12,25,0.0493827160493827,4,30,73643,6030613,0,0
30736436030621,Orange,Tustin Unified,Hewes Middle,43,16,19,0.372093023255814,4,30,73643,6030621,,
30736436030621,Orange,Tustin Unified,Hewes Middle,42,13,20,0.30952380952381,4,30,73643,6030621,,
30736436030621,Orange,Tustin Unified,Hewes Middle,51,1,21,0.0196078431372549,4,30,73643,6030621,,
30736436030621,Orange,Tustin Unified,Hewes Middle,67,15,25,0.223880597014925,4,30,73643,6030621,0,0
30736436030639,Orange,Tustin Unified,Loma Vista Elementary,88,9,19,0.102272727272727,4,30,73643,6030639,,
30736436030639,Orange,Tustin Unified,Loma Vista Elementary,86,1,20,0.0116279069767442,4,30,73643,6030639,,
30736436030639,Orange,Tustin Unified,Loma Vista Elementary,79,1,21,0.0126582278481013,4,30,73643,6030639,,
30736436030639,Orange,Tustin Unified,Loma Vista Elementary,90,15,25,0.166666666666667,4,30,73643,6030639,0,0
30736436030662,Orange,Tustin Unified,Red Hill Elementary,13,3,19,0.230769230769231,4,30,73643,6030662,,
30736436030662,Orange,Tustin Unified,Red Hill Elementary,14,1,20,0.0714285714285714,4,30,73643,6030662,,
30736436030662,Orange,Tustin Unified,Red Hill Elementary,15,0,21,0,4,30,73643,6030662,,
30736436030662,Orange,Tustin Unified,Red Hill Elementary,16,4,25,0.25,4,30,73643,6030662,0,0
30736436030670,Orange,Tustin Unified,Marjorie Veeh Elementary,162,18,19,0.111111111111111,4,30,73643,6030670,,
30736436030688,Orange,Tustin Unified,Barbara Benson Elementary,68,9,19,0.132352941176471,4,30,73643,6030688,,
30736436030688,Orange,Tustin Unified,Barbara Benson Elementary,72,4,20,0.0555555555555556,4,30,73643,6030688,,
30736436030688,Orange,Tustin Unified,Barbara Benson Elementary,59,2,21,0.0338983050847458,4,30,73643,6030688,,
30736436030688,Orange,Tustin Unified,Barbara Benson Elementary,52,1,25,0.0192307692307692,4,30,73643,6030688,0,0
30736436030696,Orange,Tustin Unified,Tustin Memorial Elementary,15,0,20,0,4,30,73643,6030696,,
30736436030696,Orange,Tustin Unified,Tustin Memorial Elementary,14,1,21,0.0714285714285714,4,30,73643,6030696,,
30736436030696,Orange,Tustin Unified,Tustin Memorial Elementary,22,7,25,0.318181818181818,4,30,73643,6030696,0,0
30736436030704,Orange,Tustin Unified,W. R. Nelson Elementary,136,22,19,0.161764705882353,4,30,73643,6030704,,
30736436030704,Orange,Tustin Unified,W. R. Nelson Elementary,147,9,20,0.0612244897959184,4,30,73643,6030704,,
30736436030704,Orange,Tustin Unified,W. R. Nelson Elementary,140,8,21,0.0571428571428571,4,30,73643,6030704,,
30736436030704,Orange,Tustin Unified,W. R. Nelson Elementary,139,15,25,0.107913669064748,4,30,73643,6030704,0,0
30736436066898,Orange,Tustin Unified,Robert Heideman Elementary,357,31,19,0.0868347338935574,4,30,73643,6066898,,
30736436066898,Orange,Tustin Unified,Robert Heideman Elementary,347,8,20,0.0230547550432277,4,30,73643,6066898,,
30736436066898,Orange,Tustin Unified,Robert Heideman Elementary,334,3,21,0.00898203592814371,4,30,73643,6066898,,
30736436066898,Orange,Tustin Unified,Robert Heideman Elementary,253,28,25,0.110671936758893,4,30,73643,6066898,0,0
30736436085369,Orange,Tustin Unified,Jeane Thorman Elementary,297,35,19,0.117845117845118,4,30,73643,6085369,,
30736436085369,Orange,Tustin Unified,Jeane Thorman Elementary,376,10,20,0.0265957446808511,4,30,73643,6085369,,
30736436085377,Orange,Tustin Unified,A. G. Currie Middle,288,24,19,0.0833333333333333,4,30,73643,6085377,,
30736436085377,Orange,Tustin Unified,A. G. Currie Middle,277,14,20,0.0505415162454874,4,30,73643,6085377,,
30736436085377,Orange,Tustin Unified,Sycamore Magnet Academy,595,26,21,0.0436974789915966,4,30,73643,6085377,,
30736436085377,Orange,Tustin Unified,Sycamore Magnet Academy,466,35,25,0.0751072961373391,4,30,73643,6085377,0,0
30736436113054,Orange,Tustin Unified,Tustin Ranch Elementary,58,13,19,0.224137931034483,4,30,73643,6113054,,
30736436113054,Orange,Tustin Unified,Tustin Ranch Elementary,69,5,20,0.072463768115942,4,30,73643,6113054,,
30736436113054,Orange,Tustin Unified,Tustin Ranch Elementary,68,4,21,0.0588235294117647,4,30,73643,6113054,,
30736436113054,Orange,Tustin Unified,Tustin Ranch Elementary,94,13,25,0.138297872340426,4,30,73643,6113054,0,0
30736436114482,Orange,Tustin Unified,Peters Canyon Elementary,33,16,19,0.484848484848485,4,30,73643,6114482,,
30736436114482,Orange,Tustin Unified,Peters Canyon Elementary,34,4,20,0.117647058823529,4,30,73643,6114482,,
30736436114482,Orange,Tustin Unified,Peters Canyon Elementary,33,1,21,0.0303030303030303,4,30,73643,6114482,,
30736436114482,Orange,Tustin Unified,Peters Canyon Elementary,26,3,25,0.115384615384615,4,30,73643,6114482,0,0
30736436116305,Orange,Tustin Unified,Pioneer Middle,61,10,19,0.163934426229508,4,30,73643,6116305,,
30736436116305,Orange,Tustin Unified,Pioneer Middle,55,14,20,0.254545454545455,4,30,73643,6116305,,
30736436116305,Orange,Tustin Unified,Pioneer Middle,42,11,21,0.261904761904762,4,30,73643,6116305,,
30736436116305,Orange,Tustin Unified,Pioneer Middle,72,12,25,0.166666666666667,4,30,73643,6116305,0,0
30736436118764,Orange,Tustin Unified,Ladera Elementary,21,14,19,0.666666666666667,4,30,73643,6118764,,
30736436118764,Orange,Tustin Unified,Ladera Elementary,19,0,20,0,4,30,73643,6118764,,
30736436118764,Orange,Tustin Unified,Ladera Elementary,19,1,21,0.0526315789473684,4,30,73643,6118764,,
30736436118764,Orange,Tustin Unified,Ladera Elementary,35,6,25,0.171428571428571,4,30,73643,6118764,0,0
30736436118772,Orange,Tustin Unified,Myford Elementary,73,10,19,0.136986301369863,4,30,73643,6118772,,
30736436118772,Orange,Tustin Unified,Myford Elementary,83,10,20,0.120481927710843,4,30,73643,6118772,,
30736436118772,Orange,Tustin Unified,Myford Elementary,71,9,21,0.126760563380282,4,30,73643,6118772,,
30736436118772,Orange,Tustin Unified,Myford Elementary,98,15,25,0.153061224489796,4,30,73643,6118772,0,0
30736500000000,Orange,Irvine Unified,District Office,3,0,20,0,4,30,73650,0000000,,
30736500000000,Orange,Irvine Unified,District Office,2,0,21,0,4,30,73650,0000000,,
30736500000000,Orange,Irvine Unified,District Office,3,0,25,0,4,30,73650,0000000,0,0
30736500000001,Orange,Irvine Unified,"Nonpublic, Nonsectarian Schools",4,0,19,0,4,30,73650,0000001,,
30736500000001,Orange,Irvine Unified,"Nonpublic, Nonsectarian Schools",5,0,20,0,4,30,73650,0000001,,
30736500000001,Orange,Irvine Unified,"Nonpublic, Nonsectarian Schools",5,0,21,0,4,30,73650,0000001,,
30736500000001,Orange,Irvine Unified,"Nonpublic, Nonsectarian Schools",6,1,25,0.166666666666667,4,30,73650,0000001,0,0
30736500116046,Orange,Irvine Unified,Irvine Adult Transition Programs,11,0,19,0,4,30,73650,0116046,,
30736500116046,Orange,Irvine Unified,Irvine Adult Transition Programs,8,0,20,0,4,30,73650,0116046,,
30736500116046,Orange,Irvine Unified,Irvine Adult Transition Programs,10,0,21,0,4,30,73650,0116046,,
30736500116046,Orange,Irvine Unified,Irvine Adult Transition Programs,1,0,25,0,4,30,73650,0116046,0,0
30736500127472,Orange,Irvine Unified,Jeffrey Trail Middle,166,31,19,0.186746987951807,4,30,73650,0127472,,
30736500127472,Orange,Irvine Unified,Jeffrey Trail Middle,145,36,20,0.248275862068966,4,30,73650,0127472,,
30736500127472,Orange,Irvine Unified,Jeffrey Trail Middle,68,64,21,0.941176470588235,4,30,73650,0127472,,
30736500127472,Orange,Irvine Unified,Jeffrey Trail Middle,161,35,25,0.217391304347826,4,30,73650,0127472,0,0
30736500129155,Orange,Irvine Unified,Cypress Village Elementary,364,25,19,0.0686813186813187,4,30,73650,0129155,,
30736500129155,Orange,Irvine Unified,Cypress Village Elementary,394,21,20,0.0532994923857868,4,30,73650,0129155,,
30736500129155,Orange,Irvine Unified,Cypress Village Elementary,168,101,21,0.601190476190476,4,30,73650,0129155,,
30736500129155,Orange,Irvine Unified,Cypress Village Elementary,314,33,25,0.105095541401274,4,30,73650,0129155,0,0
30736500129296,Orange,Irvine Unified,Portola Springs Elementary,202,27,19,0.133663366336634,4,30,73650,0129296,,
30736500129296,Orange,Irvine Unified,Portola Springs Elementary,188,17,20,0.0904255319148936,4,30,73650,0129296,,
30736500129296,Orange,Irvine Unified,Portola Springs Elementary,59,47,21,0.796610169491525,4,30,73650,0129296,,
30736500129296,Orange,Irvine Unified,Portola Springs Elementary,188,25,25,0.132978723404255,4,30,73650,0129296,0,0
30736500133389,Orange,Irvine Unified,Beacon Park,206,10,19,0.0485436893203884,4,30,73650,0133389,,
30736500133389,Orange,Irvine Unified,Beacon Park,198,22,20,0.111111111111111,4,30,73650,0133389,,
30736500133389,Orange,Irvine Unified,Beacon Park,75,32,21,0.426666666666667,4,30,73650,0133389,,
30736500133389,Orange,Irvine Unified,Beacon Park,171,36,25,0.210526315789474,4,30,73650,0133389,0,0
30736500133405,Orange,Irvine Unified,Portola High,163,17,19,0.104294478527607,4,30,73650,0133405,,
30736500133405,Orange,Irvine Unified,Portola High,198,29,20,0.146464646464646,4,30,73650,0133405,,
30736500133405,Orange,Irvine Unified,Portola High,83,58,21,0.698795180722892,4,30,73650,0133405,,
30736500133405,Orange,Irvine Unified,Portola High,246,40,25,0.16260162601626,4,30,73650,0133405,0,0
30736500135137,Orange,Irvine Unified,Eastwood Elementary,210,4,19,0.0190476190476191,4,30,73650,0135137,,
30736500135137,Orange,Irvine Unified,Eastwood Elementary,238,6,20,0.0252100840336134,4,30,73650,0135137,,
30736500135137,Orange,Irvine Unified,Eastwood Elementary,67,25,21,0.373134328358209,4,30,73650,0135137,,
30736500135137,Orange,Irvine Unified,Eastwood Elementary,190,23,25,0.121052631578947,4,30,73650,0135137,0,0
30736500136689,Orange,Irvine Unified,Cadence Park,68,0,19,0,4,30,73650,0136689,,
30736500136689,Orange,Irvine Unified,Cadence Park,161,0,20,0,4,30,73650,0136689,,
30736500136689,Orange,Irvine Unified,Cadence Park,70,42,21,0.6,4,30,73650,0136689,,
30736500136689,Orange,Irvine Unified,Cadence Park,202,21,25,0.103960396039604,4,30,73650,0136689,0,0
30736500138719,Orange,Irvine Unified,Loma Ridge,40,0,20,0,4,30,73650,0138719,,
30736500138719,Orange,Irvine Unified,Loma Ridge,19,11,21,0.578947368421053,4,30,73650,0138719,,
30736500138719,Orange,Irvine Unified,Loma Ridge Elementary,129,18,25,0.13953488372093,4,30,73650,0138719,0,0
30736500140988,Orange,Irvine Unified,Irvine Unified School District Virtual Academy,5,0,25,0,4,30,73650,0140988,0,0
30736500141119,Orange,Irvine Unified,Solis Park,239,35,25,0.146443514644351,4,30,73650,0141119,0,0
30736500142232,Orange,Irvine Unified,Irvine Chinese Immersion Academy,78,20,25,0.256410256410256,4,30,73650,0142232,1,0
30736503030129,Orange,Irvine Unified,Creekside High,11,2,19,0.181818181818182,4,30,73650,3030129,,
30736503030129,Orange,Irvine Unified,Creekside High,14,2,20,0.142857142857143,4,30,73650,3030129,,
30736503030129,Orange,Irvine Unified,Creekside High,12,2,21,0.166666666666667,4,30,73650,3030129,,
30736503030129,Orange,Irvine Unified,Creekside High,21,1,25,0.0476190476190476,4,30,73650,3030129,0,1
30736503030152,Orange,Irvine Unified,Irvine High,241,47,19,0.195020746887967,4,30,73650,3030152,,
30736503030152,Orange,Irvine Unified,Irvine High,232,31,20,0.133620689655172,4,30,73650,3030152,,
30736503030152,Orange,Irvine Unified,Irvine High,156,31,21,0.198717948717949,4,30,73650,3030152,,
30736503030152,Orange,Irvine Unified,Irvine High,190,39,25,0.205263157894737,4,30,73650,3030152,0,0
30736503030285,Orange,Irvine Unified,Woodbridge High,206,57,19,0.276699029126214,4,30,73650,3030285,,
30736503030285,Orange,Irvine Unified,Woodbridge High,215,41,20,0.190697674418605,4,30,73650,3030285,,
30736503030285,Orange,Irvine Unified,Woodbridge High,133,50,21,0.37593984962406,4,30,73650,3030285,,
30736503030285,Orange,Irvine Unified,Woodbridge High,210,36,25,0.171428571428571,4,30,73650,3030285,0,0
30736503030467,Orange,Irvine Unified,Alternative Education-San Joaquin High,2,0,19,0,4,30,73650,3030467,,
30736503030467,Orange,Irvine Unified,Alternative Education-San Joaquin High,2,0,20,0,4,30,73650,3030467,,
30736503030467,Orange,Irvine Unified,Alternative Education-San Joaquin High,2387,346,21,0.144951822371177,4,30,73650,3030467,,
30736503030467,Orange,Irvine Unified,Alternative Education-San Joaquin High,5,1,25,0.2,4,30,73650,3030467,0,0
30736503030657,Orange,Irvine Unified,Northwood High,180,50,19,0.277777777777778,4,30,73650,3030657,,
30736503030657,Orange,Irvine Unified,Northwood High,176,35,20,0.198863636363636,4,30,73650,3030657,,
30736503030657,Orange,Irvine Unified,Northwood High,104,47,21,0.451923076923077,4,30,73650,3030657,,
30736503030657,Orange,Irvine Unified,Northwood High,214,54,25,0.252336448598131,4,30,73650,3030657,0,0
30736503035102,Orange,Irvine Unified,University High,219,86,19,0.392694063926941,4,30,73650,3035102,,
30736503035102,Orange,Irvine Unified,University High,218,52,20,0.238532110091743,4,30,73650,3035102,,
30736503035102,Orange,Irvine Unified,University High,103,53,21,0.514563106796117,4,30,73650,3035102,,
30736503035102,Orange,Irvine Unified,University High,209,31,25,0.148325358851675,4,30,73650,3035102,0,0
30736506030191,Orange,Irvine Unified,University Park Elementary,263,12,19,0.0456273764258555,4,30,73650,6030191,,
30736506030191,Orange,Irvine Unified,University Park Elementary,220,17,20,0.0772727272727273,4,30,73650,6030191,,
30736506030191,Orange,Irvine Unified,University Park Elementary,76,34,21,0.447368421052632,4,30,73650,6030191,,
30736506030191,Orange,Irvine Unified,University Park Elementary,151,23,25,0.152317880794702,4,30,73650,6030191,0,0
30736506068647,Orange,Irvine Unified,Turtle Rock Elementary,212,23,19,0.108490566037736,4,30,73650,6068647,,
30736506068647,Orange,Irvine Unified,Turtle Rock Elementary,221,19,20,0.085972850678733,4,30,73650,6068647,,
30736506068647,Orange,Irvine Unified,Turtle Rock Elementary,89,69,21,0.775280898876405,4,30,73650,6068647,,
30736506068647,Orange,Irvine Unified,Turtle Rock Elementary,199,33,25,0.165829145728643,4,30,73650,6068647,0,0
30736506071179,Orange,Irvine Unified,Rancho San Joaquin Middle,118,18,19,0.152542372881356,4,30,73650,6071179,,
30736506071179,Orange,Irvine Unified,Rancho San Joaquin Middle,132,21,20,0.159090909090909,4,30,73650,6071179,,
30736506071179,Orange,Irvine Unified,Rancho San Joaquin Middle,67,29,21,0.432835820895522,4,30,73650,6071179,,
30736506071179,Orange,Irvine Unified,Rancho San Joaquin Middle,146,29,25,0.198630136986301,4,30,73650,6071179,0,0
30736506085344,Orange,Irvine Unified,Woodbury Elementary,293,19,19,0.0648464163822526,4,30,73650,6085344,,
30736506085344,Orange,Irvine Unified,Woodbury Elementary,328,15,20,0.0457317073170732,4,30,73650,6085344,,
30736506085344,Orange,Irvine Unified,Woodbury Elementary,156,58,21,0.371794871794872,4,30,73650,6085344,,
30736506085344,Orange,Irvine Unified,Woodbury Elementary,312,44,25,0.141025641025641,4,30,73650,6085344,0,0
30736506089429,Orange,Irvine Unified,Culverdale Elementary,268,15,19,0.0559701492537313,4,30,73650,6089429,,
30736506089429,Orange,Irvine Unified,Culverdale Elementary,295,8,20,0.0271186440677966,4,30,73650,6089429,,
30736506089429,Orange,Irvine Unified,Culverdale Elementary,170,27,21,0.158823529411765,4,30,73650,6089429,,
30736506089429,Orange,Irvine Unified,Culverdale Elementary,190,29,25,0.152631578947368,4,30,73650,6089429,0,0
30736506089437,Orange,Irvine Unified,College Park Elementary,249,21,19,0.0843373493975904,4,30,73650,6089437,,
30736506089437,Orange,Irvine Unified,College Park Elementary,241,6,20,0.024896265560166,4,30,73650,6089437,,
30736506089437,Orange,Irvine Unified,College Park Elementary,102,56,21,0.549019607843137,4,30,73650,6089437,,
30736506089437,Orange,Irvine Unified,College Park Elementary,69,8,25,0.115942028985507,4,30,73650,6089437,0,0
30736506089445,Orange,Irvine Unified,Greentree Elementary,87,16,19,0.183908045977012,4,30,73650,6089445,,
30736506089445,Orange,Irvine Unified,Greentree Elementary,100,4,20,0.04,4,30,73650,6089445,,
30736506089445,Orange,Irvine Unified,Greentree Elementary,43,17,21,0.395348837209302,4,30,73650,6089445,,
30736506089445,Orange,Irvine Unified,Greentree Elementary,88,10,25,0.113636363636364,4,30,73650,6089445,0,0
30736506094718,Orange,Irvine Unified,Vista Verde,137,13,19,0.0948905109489051,4,30,73650,6094718,,
30736506094718,Orange,Irvine Unified,Vista Verde,134,19,20,0.141791044776119,4,30,73650,6094718,,
30736506094718,Orange,Irvine Unified,Vista Verde,60,30,21,0.5,4,30,73650,6094718,,
30736506094718,Orange,Irvine Unified,Vista Verde,99,29,25,0.292929292929293,4,30,73650,6094718,0,0
30736506095137,Orange,Irvine Unified,Venado Middle,103,5,19,0.0485436893203884,4,30,73650,6095137,,
30736506095137,Orange,Irvine Unified,Venado Middle,90,11,20,0.122222222222222,4,30,73650,6095137,,
30736506095137,Orange,Irvine Unified,Venado Middle,39,18,21,0.461538461538462,4,30,73650,6095137,,
30736506095137,Orange,Irvine Unified,Venado Middle,58,12,25,0.206896551724138,4,30,73650,6095137,0,0
30736506096184,Orange,Irvine Unified,Deerfield Elementary,173,21,19,0.121387283236994,4,30,73650,6096184,,
30736506096184,Orange,Irvine Unified,Deerfield Elementary,155,14,20,0.0903225806451613,4,30,73650,6096184,,
30736506096184,Orange,Irvine Unified,Deerfield Elementary,96,15,25,0.15625,4,30,73650,6096184,0,0
30736506096192,Orange,Irvine Unified,Stonegate Elementary,312,39,19,0.125,4,30,73650,6096192,,
30736506096192,Orange,Irvine Unified,Stonegate Elementary,276,39,20,0.141304347826087,4,30,73650,6096192,,
30736506096192,Orange,Irvine Unified,Stonegate Elementary,271,54,25,0.199261992619926,4,30,73650,6096192,0,0
30736506096200,Orange,Irvine Unified,Stone Creek Elementary,126,17,19,0.134920634920635,4,30,73650,6096200,,
30736506096200,Orange,Irvine Unified,Stone Creek Elementary,125,15,20,0.12,4,30,73650,6096200,,
30736506096200,Orange,Irvine Unified,Stone Creek Elementary,47,42,21,0.893617021276596,4,30,73650,6096200,,
30736506096200,Orange,Irvine Unified,Stone Creek Elementary,103,19,25,0.184466019417476,4,30,73650,6096200,0,0
30736506097042,Orange,Irvine Unified,Bonita Canyon Elementary,103,12,19,0.116504854368932,4,30,73650,6097042,,
30736506097042,Orange,Irvine Unified,Bonita Canyon Elementary,96,12,20,0.125,4,30,73650,6097042,,
30736506097042,Orange,Irvine Unified,Bonita Canyon Elementary,32,14,21,0.4375,4,30,73650,6097042,,
30736506097042,Orange,Irvine Unified,Bonita Canyon Elementary,64,12,25,0.1875,4,30,73650,6097042,0,0
30736506098511,Orange,Irvine Unified,Lakeside Middle,83,11,19,0.132530120481928,4,30,73650,6098511,,
30736506098511,Orange,Irvine Unified,Lakeside Middle,103,14,20,0.135922330097087,4,30,73650,6098511,,
30736506098511,Orange,Irvine Unified,Lakeside Middle,55,16,21,0.290909090909091,4,30,73650,6098511,,
30736506098511,Orange,Irvine Unified,Lakeside Middle,89,27,25,0.303370786516854,4,30,73650,6098511,0,0
30736506098529,Orange,Irvine Unified,Santiago Hills Elementary,120,22,19,0.183333333333333,4,30,73650,6098529,,
30736506098529,Orange,Irvine Unified,Santiago Hills Elementary,121,15,20,0.12396694214876,4,30,73650,6098529,,
30736506098529,Orange,Irvine Unified,Santiago Hills Elementary,45,34,21,0.755555555555556,4,30,73650,6098529,,
30736506098529,Orange,Irvine Unified,Santiago Hills Elementary,107,20,25,0.186915887850467,4,30,73650,6098529,0,0
30736506100317,Orange,Irvine Unified,Eastshore Elementary,135,15,19,0.111111111111111,4,30,73650,6100317,,
30736506100317,Orange,Irvine Unified,Eastshore Elementary,142,14,20,0.0985915492957746,4,30,73650,6100317,,
30736506100317,Orange,Irvine Unified,Eastshore Elementary,113,15,25,0.132743362831858,4,30,73650,6100317,0,0
30736506100838,Orange,Irvine Unified,Alderwood Elementary,220,10,19,0.0454545454545455,4,30,73650,6100838,,
30736506100838,Orange,Irvine Unified,Alderwood Elementary,221,11,20,0.0497737556561086,4,30,73650,6100838,,
30736506100838,Orange,Irvine Unified,Alderwood Elementary,90,43,21,0.477777777777778,4,30,73650,6100838,,
30736506100838,Orange,Irvine Unified,Alderwood Elementary,225,20,25,0.0888888888888889,4,30,73650,6100838,0,0
30736506100861,Orange,Irvine Unified,Northwood Elementary,157,25,19,0.159235668789809,4,30,73650,6100861,,
30736506100861,Orange,Irvine Unified,Northwood Elementary,150,13,20,0.0866666666666667,4,30,73650,6100861,,
30736506100861,Orange,Irvine Unified,Northwood Elementary,71,26,21,0.366197183098592,4,30,73650,6100861,,
30736506100861,Orange,Irvine Unified,Northwood Elementary,152,21,25,0.138157894736842,4,30,73650,6100861,0,0
30736506100879,Orange,Irvine Unified,Sierra Vista Middle,126,13,19,0.103174603174603,4,30,73650,6100879,,
30736506100879,Orange,Irvine Unified,Sierra Vista Middle,142,24,20,0.169014084507042,4,30,73650,6100879,,
30736506100879,Orange,Irvine Unified,Sierra Vista Middle,69,31,21,0.449275362318841,4,30,73650,6100879,,
30736506100879,Orange,Irvine Unified,Sierra Vista Middle,157,34,25,0.21656050955414,4,30,73650,6100879,0,0
30736506102719,Orange,Irvine Unified,Brywood Elementary,97,12,19,0.123711340206186,4,30,73650,6102719,,
30736506102719,Orange,Irvine Unified,Brywood Elementary,103,14,20,0.135922330097087,4,30,73650,6102719,,
30736506102719,Orange,Irvine Unified,Brywood Elementary,52,27,21,0.519230769230769,4,30,73650,6102719,,
30736506102719,Orange,Irvine Unified,Brywood Elementary,89,13,25,0.146067415730337,4,30,73650,6102719,0,0
30736506106850,Orange,Irvine Unified,Meadow Park Elementary,109,17,19,0.155963302752294,4,30,73650,6106850,,
30736506106850,Orange,Irvine Unified,Meadow Park Elementary,141,8,20,0.0567375886524823,4,30,73650,6106850,,
30736506106850,Orange,Irvine Unified,Meadow Park Elementary,60,39,21,0.65,4,30,73650,6106850,,
30736506106850,Orange,Irvine Unified,Meadow Park Elementary,113,19,25,0.168141592920354,4,30,73650,6106850,0,0
30736506107502,Orange,Irvine Unified,Springbrook Elementary,124,11,19,0.0887096774193548,4,30,73650,6107502,,
30736506107502,Orange,Irvine Unified,Springbrook Elementary,120,11,20,0.0916666666666667,4,30,73650,6107502,,
30736506107502,Orange,Irvine Unified,Springbrook Elementary,60,13,21,0.216666666666667,4,30,73650,6107502,,
30736506107502,Orange,Irvine Unified,Springbrook Elementary,127,20,25,0.15748031496063,4,30,73650,6107502,0,0
30736506108799,Orange,Irvine Unified,Westpark Elementary,202,12,19,0.0594059405940594,4,30,73650,6108799,,
30736506108799,Orange,Irvine Unified,Westpark Elementary,217,19,20,0.0875576036866359,4,30,73650,6108799,,
30736506108799,Orange,Irvine Unified,Westpark Elementary,93,43,21,0.462365591397849,4,30,73650,6108799,,
30736506108799,Orange,Irvine Unified,Westpark Elementary,195,29,25,0.148717948717949,4,30,73650,6108799,0,0
30736506111876,Orange,Irvine Unified,South Lake Middle,115,19,19,0.165217391304348,4,30,73650,6111876,,
30736506111876,Orange,Irvine Unified,South Lake Middle,117,16,20,0.136752136752137,4,30,73650,6111876,,
30736506111876,Orange,Irvine Unified,South Lake Middle,76,34,21,0.447368421052632,4,30,73650,6111876,,
30736506111876,Orange,Irvine Unified,South Lake Middle,116,24,25,0.206896551724138,4,30,73650,6111876,0,0
30736506115455,Orange,Irvine Unified,Canyon View Elementary,183,15,19,0.0819672131147541,4,30,73650,6115455,,
30736506115455,Orange,Irvine Unified,Canyon View Elementary,194,19,20,0.0979381443298969,4,30,73650,6115455,,
30736506115455,Orange,Irvine Unified,Canyon View Elementary,52,36,21,0.692307692307692,4,30,73650,6115455,,
30736506115455,Orange,Irvine Unified,Canyon View Elementary,196,41,25,0.209183673469388,4,30,73650,6115455,0,0
30736506115786,Orange,Irvine Unified,Plaza Vista,267,18,19,0.0674157303370787,4,30,73650,6115786,,
30736506115786,Orange,Irvine Unified,Plaza Vista,286,13,20,0.0454545454545455,4,30,73650,6115786,,
30736506115786,Orange,Irvine Unified,Plaza Vista,145,62,21,0.427586206896552,4,30,73650,6115786,,
30736506115786,Orange,Irvine Unified,Plaza Vista,259,36,25,0.138996138996139,4,30,73650,6115786,0,0
30736506120141,Orange,Irvine Unified,Oak Creek Elementary,324,17,19,0.0524691358024691,4,30,73650,6120141,,
30736506120141,Orange,Irvine Unified,Oak Creek Elementary,342,21,20,0.0614035087719298,4,30,73650,6120141,,
30736506120141,Orange,Irvine Unified,Oak Creek Elementary,139,60,21,0.431654676258993,4,30,73650,6120141,,
30736506120141,Orange,Irvine Unified,Oak Creek Elementary,376,30,25,0.0797872340425532,4,30,73650,6120141,0,0
30739240000000,Orange,Los Alamitos Unified,District Office,1,1,25,1,4,30,73924,0000000,0,0
30739240000001,Orange,Los Alamitos Unified,"Nonpublic, Nonsectarian Schools",1,0,19,0,4,30,73924,0000001,,
30739240000001,Orange,Los Alamitos Unified,"Nonpublic, Nonsectarian Schools",1,0,20,0,4,30,73924,0000001,,
30739240000001,Orange,Los Alamitos Unified,"Nonpublic, Nonsectarian Schools",1,0,21,0,4,30,73924,0000001,,
30739243033917,Orange,Los Alamitos Unified,Los Alamitos High,34,0,19,0,4,30,73924,3033917,,
30739243033917,Orange,Los Alamitos Unified,Los Alamitos High,35,0,20,0,4,30,73924,3033917,,
30739243033917,Orange,Los Alamitos Unified,Los Alamitos High,37,0,21,0,4,30,73924,3033917,,
30739243033917,Orange,Los Alamitos Unified,Los Alamitos High,38,8,25,0.210526315789474,4,30,73924,3033917,0,0
30739246029045,Orange,Los Alamitos Unified,Francis Hopkinson Elementary,21,8,19,0.380952380952381,4,30,73924,6029045,,
30739246029045,Orange,Los Alamitos Unified,Francis Hopkinson Elementary,15,5,20,0.333333333333333,4,30,73924,6029045,,
30739246029045,Orange,Los Alamitos Unified,Francis Hopkinson Elementary,15,0,21,0,4,30,73924,6029045,,
30739246029045,Orange,Los Alamitos Unified,Francis Hopkinson Elementary,30,9,25,0.3,4,30,73924,6029045,0,0
30739246029052,Orange,Los Alamitos Unified,Jack L. Weaver Elementary,20,9,19,0.45,4,30,73924,6029052,,
30739246029052,Orange,Los Alamitos Unified,Jack L. Weaver Elementary,23,4,20,0.173913043478261,4,30,73924,6029052,,
30739246029052,Orange,Los Alamitos Unified,Jack L. Weaver Elementary,25,0,21,0,4,30,73924,6029052,,
30739246029052,Orange,Los Alamitos Unified,Jack L. Weaver Elementary,17,6,25,0.352941176470588,4,30,73924,6029052,0,0
30739246029060,Orange,Los Alamitos Unified,Los Alamitos Elementary,50,13,19,0.26,4,30,73924,6029060,,
30739246029060,Orange,Los Alamitos Unified,Los Alamitos Elementary,63,0,20,0,4,30,73924,6029060,,
30739246029060,Orange,Los Alamitos Unified,Los Alamitos Elementary,51,0,21,0,4,30,73924,6029060,,
30739246029060,Orange,Los Alamitos Unified,Los Alamitos Elementary,41,6,25,0.146341463414634,4,30,73924,6029060,0,0
30739246029078,Orange,Los Alamitos Unified,Richard Henry Lee Elementary,17,14,19,0.823529411764706,4,30,73924,6029078,,
30739246029078,Orange,Los Alamitos Unified,Richard Henry Lee Elementary,19,3,20,0.157894736842105,4,30,73924,6029078,,
30739246029078,Orange,Los Alamitos Unified,Richard Henry Lee Elementary,22,0,21,0,4,30,73924,6029078,,
30739246029078,Orange,Los Alamitos Unified,Richard Henry Lee Elementary,36,10,25,0.277777777777778,4,30,73924,6029078,0,0
30739246029086,Orange,Los Alamitos Unified,Rossmoor Elementary,26,7,19,0.269230769230769,4,30,73924,6029086,,
30739246029086,Orange,Los Alamitos Unified,Rossmoor Elementary,22,5,20,0.227272727272727,4,30,73924,6029086,,
30739246029086,Orange,Los Alamitos Unified,Rossmoor Elementary,25,2,21,0.08,4,30,73924,6029086,,
30739246029086,Orange,Los Alamitos Unified,Rossmoor Elementary,15,1,25,0.0666666666666667,4,30,73924,6029086,0,0
30739246030514,Orange,Los Alamitos Unified,J. H. McGaugh Elementary,15,7,19,0.466666666666667,4,30,73924,6030514,,
30739246030514,Orange,Los Alamitos Unified,J. H. McGaugh Elementary,18,0,20,0,4,30,73924,6030514,,
30739246030514,Orange,Los Alamitos Unified,J. H. McGaugh Elementary,15,4,21,0.266666666666667,4,30,73924,6030514,,
30739246030514,Orange,Los Alamitos Unified,J. H. McGaugh Elementary,21,3,25,0.142857142857143,4,30,73924,6030514,0,0
30739246058853,Orange,Los Alamitos Unified,Oak Middle,15,3,19,0.2,4,30,73924,6058853,,
30739246058853,Orange,Los Alamitos Unified,Oak Middle,18,5,20,0.277777777777778,4,30,73924,6058853,,
30739246058853,Orange,Los Alamitos Unified,Oak Middle,22,0,21,0,4,30,73924,6058853,,
30739246058853,Orange,Los Alamitos Unified,Oak Middle,15,3,25,0.2,4,30,73924,6058853,0,0
30739246058879,Orange,Los Alamitos Unified,Sharon Christa McAuliffe Middle,16,12,19,0.75,4,30,73924,6058879,,
30739246058879,Orange,Los Alamitos Unified,Sharon Christa McAuliffe Middle,19,7,20,0.368421052631579,4,30,73924,6058879,,
30739246058879,Orange,Los Alamitos Unified,Sharon Christa McAuliffe Middle,27,1,21,0.037037037037037,4,30,73924,6058879,,
30739246058879,Orange,Los Alamitos Unified,Sharon Christa McAuliffe Middle,17,6,25,0.352941176470588,4,30,73924,6058879,0,0
30768930130765,Orange,SBE - Magnolia Science Academy Santa Ana,Magnolia Science Academy Santa Ana,245,53,19,0.216326530612245,4,30,76893,0130765,,
30768930130765,Orange,SBE - Magnolia Science Academy Santa Ana,Magnolia Science Academy Santa Ana,163,42,20,0.257668711656442,4,30,76893,0130765,,
30768930130765,Orange,SBE - Magnolia Science Academy Santa Ana,Magnolia Science Academy Santa Ana,167,10,21,0.0598802395209581,4,30,76893,0130765,,
30768930130765,Orange,SBE - Magnolia Science Academy Santa Ana,Magnolia Science Academy Santa Ana,139,19,25,0.136690647482014,4,30,76893,0130765,1,0
